tree
version=v4
num_class=1
num_tree_per_iteration=1
label_index=0
max_feature_idx=286
objective=binary sigmoid:1
feature_names=Column_0 Column_1 Column_2 Column_3 Column_4 Column_5 Column_6 Column_7 Column_8 Column_9 Column_10 Column_11 Column_12 Column_13 Column_14 Column_15 Column_16 Column_17 Column_18 Column_19 Column_20 Column_21 Column_22 Column_23 Column_24 Column_25 Column_26 Column_27 Column_28 Column_29 Column_30 Column_31 Column_32 Column_33 Column_34 Column_35 Column_36 Column_37 Column_38 Column_39 Column_40 Column_41 Column_42 Column_43 Column_44 Column_45 Column_46 Column_47 Column_48 Column_49 Column_50 Column_51 Column_52 Column_53 Column_54 Column_55 Column_56 Column_57 Column_58 Column_59 Column_60 Column_61 Column_62 Column_63 Column_64 Column_65 Column_66 Column_67 Column_68 Column_69 Column_70 Column_71 Column_72 Column_73 Column_74 Column_75 Column_76 Column_77 Column_78 Column_79 Column_80 Column_81 Column_82 Column_83 Column_84 Column_85 Column_86 Column_87 Column_88 Column_89 Column_90 Column_91 Column_92 Column_93 Column_94 Column_95 Column_96 Column_97 Column_98 Column_99 Column_100 Column_101 Column_102 Column_103 Column_104 Column_105 Column_106 Column_107 Column_108 Column_109 Column_110 Column_111 Column_112 Column_113 Column_114 Column_115 Column_116 Column_117 Column_118 Column_119 Column_120 Column_121 Column_122 Column_123 Column_124 Column_125 Column_126 Column_127 Column_128 Column_129 Column_130 Column_131 Column_132 Column_133 Column_134 Column_135 Column_136 Column_137 Column_138 Column_139 Column_140 Column_141 Column_142 Column_143 Column_144 Column_145 Column_146 Column_147 Column_148 Column_149 Column_150 Column_151 Column_152 Column_153 Column_154 Column_155 Column_156 Column_157 Column_158 Column_159 Column_160 Column_161 Column_162 Column_163 Column_164 Column_165 Column_166 Column_167 Column_168 Column_169 Column_170 Column_171 Column_172 Column_173 Column_174 Column_175 Column_176 Column_177 Column_178 Column_179 Column_180 Column_181 Column_182 Column_183 Column_184 Column_185 Column_186 Column_187 Column_188 Column_189 Column_190 Column_191 Column_192 Column_193 Column_194 Column_195 Column_196 Column_197 Column_198 Column_199 Column_200 Column_201 Column_202 Column_203 Column_204 Column_205 Column_206 Column_207 Column_208 Column_209 Column_210 Column_211 Column_212 Column_213 Column_214 Column_215 Column_216 Column_217 Column_218 Column_219 Column_220 Column_221 Column_222 Column_223 Column_224 Column_225 Column_226 Column_227 Column_228 Column_229 Column_230 Column_231 Column_232 Column_233 Column_234 Column_235 Column_236 Column_237 Column_238 Column_239 Column_240 Column_241 Column_242 Column_243 Column_244 Column_245 Column_246 Column_247 Column_248 Column_249 Column_250 Column_251 Column_252 Column_253 Column_254 Column_255 Column_256 Column_257 Column_258 Column_259 Column_260 Column_261 Column_262 Column_263 Column_264 Column_265 Column_266 Column_267 Column_268 Column_269 Column_270 Column_271 Column_272 Column_273 Column_274 Column_275 Column_276 Column_277 Column_278 Column_279 Column_280 Column_281 Column_282 Column_283 Column_284 Column_285 Column_286
feature_infos=[0:1] [0:1] [0:1] none [0:1] [0:1] [0:1] none [0:1] none [0:1] none none [0:1] [0:1] [0:1] [0:1] [0:1] none none none none [0:1] [0:1] [0:1] [0:1] [0:1] [0:1] [0:1] [0:1] [0:1] [0:1] [0:1] [0:1] [0:1] [0:1] [0:1] [0:1] [0:1] [0:1] none [0:1] [0:1] [0:1] [0:1] [0:1] [0:1] [0:1] [0:1] [0:1] [0:1] [0:1] [0:1] [0:1] [0:1] [0:1] [0:1] [0:1] [0:1] none [0:1] [0:0.94736844301223755] [0:0.86956518888473511] [0:0.92783504724502563] [0:0.86956518888473511] [0:1.1111111640930176] [0:1] [0.0017000000225380063:1] none [0:1] [0:1] [0:1] [0:1] [0:1] none [-1:1] [-1:1] [-1:1] [-1:1] [-1:1] none [0:1] [0:1] [0:1] [0:1] [0:1] [0:1] none none none none none none none none none none none [0:1] none [0:1] [0:1] none [0:1] [0:1] [0:1] [0:1] none [0:1] none none [0:1] [0:1] none none [0:1] none none [0:1] none none none none [0:1] [0:1] [0:1] none none none none none none none none none none none none none none none none none none none none none none [0:1] none none [0:1] [0:1] [0:1] [0:1] [0:1] none none none none [0:1] [0:1] [0:1] [0:1] [0:1] [0:1] [0:1] [0:1] [0:1] [0:1] [0:1] [0:1] [0:1] [0:1] [0:1] [0:1] [0:1] [0:1] none [0:1] [0:1] [0:1] [0:1] [0:1] [0:1] [0:1] [0:1] [0:1] [0:1] [0:1] [0:1] [0:1] [0:1] [0:1] [0:1] [0:1] [0:1] none [0:1] [0:0.94736844301223755] [0:0.86956518888473511] [0:0.92783504724502563] [0:0.86956518888473511] [0:1.1111111640930176] [0:1] [0:1] [0:1] [0:1] [0:1] [0:1] [0:1] [0:1] [0:1] [-1:1] [-1:1] [-1:1] [-1:1] [-1:1] none [0:1] [0:1] [0:1] [0:1] [0:1] [0:1] none none none none none none none none none none none [0:1] none [0:1] [0:1] none [0:1] [0:1] [0:1] [0:1] none [0:1] none none [0:1] [0:1] none none [0:1] none none [0:1] none none none [0:1] [0:1] [0:1] [0:1] none none none none none none none none none none none none none none none none none none none none none none [0:1]
tree_sizes=13992 14060 14070 14039 14092 14063 14099 14083 14072 14085 14123 14121 14093 14072 14105 14115 14141 14108 14108 14136 14100 14109 14113 14130 14058 14103 14125 14173 14140 14110 14157 14074 14170 14204 14194 14099 14196 14130 14140 14159 14112 14169 14143 14140 14138 14129 14076 14174 14128 14171 14175 14090 14123 14143 14158 14133 14128 14197 14171 14186 14122 14073 14164 14165 14067 14146

Tree=0
num_leaves=127
num_cat=0
split_feature=151 13 13 148 286 151 13 151 13 286 13 67 63 77 151 13 77 215 77 151 151 13 76 216 199 198 78 13 216 151 78 63 199 169 177 213 286 64 76 200 15 39 217 160 76 60 64 61 14 213 208 199 199 151 63 85 37 76 31 64 286 77 215 216 67 216 152 60 151 13 65 65 77 200 14 148 202 60 199 65 65 199 216 71 148 14 78 62 13 216 202 70 286 250 198 213 61 65 148 148 63 198 199 63 209 79 70 208 62 152 60 70 162 161 60 13 152 65 198 62 112 202 198 13 151 61
split_gain=1544.28 2397.76 1269.01 575.392 494.514 286.85 396.868 217.215 194.155 168.74 154.51 132.943 129.094 127.489 120.331 146.028 102.428 89.7646 127.624 89.6981 84.0221 112.662 78.3183 75.7345 74.6548 91.7871 72.9873 69.4047 74.7388 82.5734 69.3176 65.1701 62.8198 64.6257 64.2309 60.7915 60.449 60.3843 60.2639 59.2368 58.6638 58.0855 57.9332 64.5037 89.0515 55.5695 52.8436 52.5727 52.0603 51.6905 51.5423 50.7069 50.1753 53.7516 50.3169 50.0759 49.2993 52.8532 50.0838 51.3627 48.7157 48.5293 54.3709 48.2508 48.0184 47.9365 47.853 71.862 47.2266 45.6795 44.0673 69.8352 55.7587 52.954 44.6635 43.1149 42.7932 42.4504 42.3915 52.8836 42.0339 42.0186 41.9396 41.9089 41.4396 41.2173 40.7527 39.8932 38.5363 37.4779 36.8198 36.7447 36.1315 36.1149 36.0462 34.8499 34.7719 45.4475 38.1037 34.6161 36.4788 34.253 39.3693 33.9918 33.5362 33.0478 86.9744 34.7652 32.8781 32.571 32.0411 31.8487 36.7397 31.569 31.2835 31.2425 31.0184 30.6012 30.2415 29.9182 29.638 29.6215 29.5185 29.1111 46.4893 44.2238
threshold=0.90000000596046459 0.90000000596046459 0.90000000596046459 0.62500000000000011 0.62500000000000011 0.70000001788139354 0.70000001788139354 0.70000001788139354 0.70000001788139354 0.62500000000000011 0.70000001788139354 0.39835000038146978 0.25257731229066854 0.41666667163372045 0.70000001788139354 0.5000000149011613 0.25000000745058065 0.25000000745058065 -0.25000000745058054 0.30000000447034841 0.5000000149011613 0.5000000149011613 0.41666667163372045 0.58333334326744091 0.29736842215061193 0.22156862914562228 0.75000000000000011 0.70000001788139354 0.25000000745058065 0.70000001788139354 0.91666665673255932 0.57474225759506237 0.36578947305679327 1.0000000180025095e-35 1.0000000180025095e-35 0.25000000745058065 0.87500000000000011 0.49782608449459081 1.0000000180025095e-35 0.7130434811115266 0.5000000149011613 1.0000000180025095e-35 0.41666667163372045 1.0000000180025095e-35 0.41666667163372045 0.48627451062202459 0.47173912823200231 0.50263157486915599 1.0000000180025095e-35 1.0000000180025095e-35 1.0000000180025095e-35 0.39210526645183569 0.36578947305679327 0.30000000447034841 0.27061854302883154 1.0000000180025095e-35 1.0000000180025095e-35 1.0000000180025095e-35 1.0000000180025095e-35 0.20434782654047015 0.87500000000000011 0.25000000745058065 0.25000000745058065 0.25000000745058065 0.93805000185966503 0.41666667163372045 1.0000000180025095e-35 0.99019607901573192 0.5000000149011613 0.5000000149011613 0.25277778506278997 0.40277777612209326 -1.0000000180025095e-35 0.61956521868705761 1.0000000180025095e-35 0.37500000000000006 0.46739129722118383 0.40980392694473272 0.36578947305679327 0.26388889551162725 0.51944443583488475 0.39210526645183569 0.25000000745058065 1.0000000180025095e-35 0.87500000000000011 1.0000000180025095e-35 0.25000000745058065 0.29347826540470129 0.5000000149011613 0.25000000745058065 0.51304346323013317 1.0000000180025095e-35 0.87500000000000011 1.0000000180025095e-35 0.60588237643241893 0.58333334326744091 0.45526316761970526 0.4638888835906983 0.62500000000000011 0.62500000000000011 0.62628865242004406 0.39019608497619634 0.39736843109130865 0.21649484336376193 1.0000000180025095e-35 -1.0000000180025095e-35 1.0000000180025095e-35 1.0000000180025095e-35 0.5978260636329652 1.0000000180025095e-35 0.19803921878337863 1.0000000180025095e-35 1.0000000180025095e-35 1.0000000180025095e-35 0.63725492358207714 0.70000001788139354 1.0000000180025095e-35 0.33055555820465093 0.48627451062202459 0.33260868489742285 1.0000000180025095e-35 0.4760869592428208 0.33137255907058721 0.5000000149011613 0.5000000149011613 0.28157894313335424
decision_type=2 2 2 2 2 2 2 2 2 2 2 2 2 2 2 2 2 2 2 2 2 2 2 2 2 2 2 2 2 2 2 2 2 2 2 2 2 2 2 2 2 2 2 2 2 2 2 2 2 2 2 2 2 2 2 2 2 2 2 2 2 2 2 2 2 2 2 2 2 2 2 2 2 2 2 2 2 2 2 2 2 2 2 2 2 2 2 2 2 2 2 2 2 2 2 2 2 2 2 2 2 2 2 2 2 2 2 2 2 2 2 2 2 2 2 2 2 2 2 2 2 2 2 2 2 2
left_child=1 3 8 4 5 6 20 104 40 16 88 63 37 17 15 75 22 35 -19 -17 21 50 27 90 26 -26 -11 28 29 45 42 -15 34 49 46 38 -32 47 39 55 83 48 43 44 52 123 82 78 56 66 61 121 89 -54 -55 70 57 58 59 91 119 62 -1 85 -29 110 67 93 -8 -22 101 72 -72 74 96 95 -61 -37 79 -13 -30 -40 -10 -2 120 109 92 -43 -7 118 -20 114 115 -34 -76 -6 97 98 -73 -99 -101 102 -14 -53 -3 107 -107 -98 -45 113 -56 112 -95 -4 -9 -21 -12 -18 -27 -51 -74 -49 -86 124 -5 -125
right_child=2 7 11 9 14 10 68 41 32 24 116 12 13 31 -16 19 117 18 23 86 69 -23 -24 -25 25 30 -28 64 80 -31 36 -33 33 -35 -36 77 -38 -39 81 -41 -42 87 -44 108 -46 -47 -48 51 -50 60 -52 103 53 54 65 -57 -58 -59 -60 76 -62 -63 -64 -65 -66 -67 -68 -69 -70 -71 71 73 84 -75 94 -77 -78 -79 -80 -81 -82 -83 -84 -85 122 -87 -88 -89 -90 -91 -92 -93 -94 111 -96 -97 105 99 -100 100 -102 -103 -104 -105 -106 106 -108 -109 -110 -111 -112 -113 -114 -115 -116 -117 -118 -119 -120 -121 -122 -123 -124 125 -126 -127
leaf_value=0.012294484345262834 0.075827536935185513 -0.046001717428414093 0.0014306756493320666 0.022923189673085185 -0.0041876681370068228 0.051721150619373463 -0.025367358819454233 0.024898688228251021 0.032922428636547978 0.028333089166910304 0.012634568453346536 0.097304861863802855 -0.03282232190001437 0.096780422321609341 0.011205812574944031 -0.040602692319953927 0.08120993150468897 0.11212027893076962 -0.013038183039863692 -0.0016449020491800612 0.027059779858614658 -0.0014611605111981632 0.06729736458409899 -0.071373418687626061 -0.040688292675865427 0.010808971046364564 0.11064963091309278 0.0077253542351066566 0.010911345473297892 0.049135191135913983 0.041348171249336096 -0.0068034742824500585 0.055778147366616154 -0.027691229701188549 -0.018393501078653673 0.0080930616803866311 -0.072318356292127975 0.080118978066121407 0.0036052294562311637 -0.042431458199633634 0.017875610153991535 0.074756122701441358 -0.056693922878154397 -0.0061210005666154036 0.083547688873048004 0.056509803494572117 0.073212922256425297 0.0032550940272986738 -0.039062732887760056 0.063061680907134404 0.033689143078001915 0.0074351723788619317 -0.0045798178110090081 -0.0031954134792216652 0.083817241609441609 -0.059315261415560046 0.014204465670317605 0.022817755761433075 0.045450902129419199 -0.020508183736134333 -0.044512594277222345 0.034479992022867861 -0.0089414877509459648 -0.046886184740451149 0.043018757482159636 0.081662188006294809 0.074800977630888332 -0.062432271240038771 -0.0073190561701936881 0.014468685737817078 -0.063886875824795505 0.024616721878997189 0.03340183450999968 0.083970986503532768 0.0068852318566380265 0.012811376048916951 -0.039179246844913335 -0.057451831629186899 -0.039141409055750691 -0.016456376328977625 -0.070411412894286901 0.079391675773743051 -0.042316378722991495 0.0018593865285362245 0.038005591014547577 -0.017718545800157394 0.073657176929990534 -7.9403978820120902e-05 0.033431548484264738 -0.057117369872658384 0.056562464929644271 0.089168526261452261 -0.028905719376489454 0.029669262210258951 -0.065969152250919885 -0.066381600892200882 0.0030249350740143791 0.029670118790801676 -0.041374332774665082 0.068595193557867265 0.0097905377938131543 0.032237151772394786 0.015034104225354811 0.06753247915916584 0.014243959796872189 0.019702729019932134 -0.051129600480104669 0.10506116844592076 -0.081733755153157006 0.02918175386560843 0.027464788082915699 -0.036272850078687781 0.097065903524013078 0.046685520218333096 -0.067887038432876537 -0.019480482575962764 0.032787445083352636 0.048082100435642587 -0.06415807328975015 0.02063673946344572 0.074170018290000916 -0.087887851473281667 0.087357367547410886 -0.044552756552403878 0.042823344337836564 0.018510672742980298
leaf_weight=8694.6465450525284 1067.706595569849 1358.4447764754295 795.46766263246536 948.46144312620163 722.22064027190208 390.73411586880684 522.22877034544945 33.248648375272751 297.98788619041443 129.49473577737808 1302.1970630586147 13.499451220035551 78.996788620948792 84.746554881334305 713.97097563743591 432.48241871595383 82.496646344661713 19.749197155237198 122.24503049254417 503.22954270243645 1336.6956606209278 1622.1840549409389 132.74460366368294 54.497784554958344 84.746554881334305 152.99378049373627 33.998617887496948 557.97731709480286 41.498313009738922 615.22498986124992 16.249339431524277 18.499247968196869 1165.2026321589947 25.748953253030777 58.997601628303528 86.996463418006897 41.748302847146988 18.749237805604935 23.499044716358185 32.998658537864685 47.748058944940567 22.749075204133987 27.248892277479172 124.74492886662483 54.247794717550278 158.24356707930565 82.246656507253647 19.749197155237198 371.73488822579384 66.247306913137436 286.23836383223534 58.747611790895462 145.24409553408623 104.4957520365715 26.498922765254974 17.499288618564606 107.74561992287636 67.747245937585831 26.998902440071106 1360.9446748495102 20.749156504869461 236.99036586284637 312.23730692267418 49.997967481613159 116.49526423215866 49.247997969388962 257.2395426928997 13.749441057443617 1184.7018394768238 1562.1864939630032 12.499491870403288 67.997235774993896 521.47880083322525 33.748628050088882 243.74009147286415 503.47953253984451 396.23389229178429 34.49859756231308 169.24311992526054 41.998292684555054 25.748953253030777 82.496646344661713 19.749197155237198 19.499207317829132 49.247997969388962 195.24206301569939 12.99947154521942 81.996666669845581 1095.4554675221443 29.248810976743698 22.499085366725922 15.249380081892012 357.73545733094215 155.24368903040886 18.249258130788803 23.249054878950119 13.749441057443617 281.98853659629822 32.248689025640488 144.7441158592701 32.248689025640488 83.24661585688591 94.246168702840805 39.24840447306633 23.499044716358185 688.72200205922127 46.248119920492172 21.249136179685593 16.249339431524277 146.49404472112656 524.47867888212204 15.499369919300078 23.249054878950119 40.498353660106659 12.499491870403288 479.4805081486702 223.74090448021889 449.73171749711037 14.74940040707588 111.49546748399734 48.74801829457283 16.249339431524277 78.746798783540726 29.998780488967896 424.98272359371185 379.23458334803581
leaf_count=34780 4271 5434 3182 3794 2889 1563 2089 133 1192 518 5209 54 316 339 2856 1730 330 79 489 2013 5347 6489 531 218 339 612 136 2232 166 2461 65 74 4661 103 236 348 167 75 94 132 191 91 109 499 217 633 329 79 1487 265 1145 235 581 418 106 70 431 271 108 5444 83 948 1249 200 466 197 1029 55 4739 6249 50 272 2086 135 975 2014 1585 138 677 168 103 330 79 78 197 781 52 328 4382 117 90 61 1431 621 73 93 55 1128 129 579 129 333 377 157 94 2755 185 85 65 586 2098 62 93 162 50 1918 895 1799 59 446 195 65 315 120 1700 1517
internal_value=0.0127539 0.00777325 0.0320443 0.0128673 0.00931637 0.0126277 0.00992528 -0.0290725 0.0551802 0.0273053 0.0267653 0.0154148 0.0202958 0.0235654 -0.00726307 -0.011608 0.0328085 0.0217387 -0.00911753 -0.0207799 0.0126909 0.0107196 0.0296422 -0.0211348 0.0134648 0.00976172 0.0454509 0.0281266 0.0318045 0.0331733 0.0129825 0.0782206 0.0468702 0.0509692 0.0303087 0.024093 -0.0404721 -0.00735478 0.0256229 0.0241402 0.0721187 -0.0202707 0.0154247 0.0170067 0.0210837 0.0281138 0.0374922 -0.0119266 -0.0218664 0.0520768 0.012793 0.0128625 0.0178471 0.0231167 0.0288249 0.024982 -0.0187028 -0.0205563 -0.0221488 -0.0231526 0.0279859 0.012146 0.0115583 0.00122186 0.0138212 0.0343995 0.0550102 0.0513021 -0.0128409 0.0202745 0.025551 0.0277114 0.0407843 0.0219935 0.020679 0.0015073 -0.0247184 -0.0105185 -0.0267063 0.0112153 -0.0202271 0.06259 0.0282459 0.0745009 0.0426581 0.00326423 -0.0144456 0.0161737 0.0382401 -0.00488955 -0.00221943 0.0219527 -0.0153 0.0524526 0.00181045 -0.00612732 0.0243981 0.0338873 0.00338768 0.0405487 0.0578808 0.00587814 -0.00678787 0.0315048 -0.0449773 0.017506 0.0152456 0.0649755 -0.0148352 0.00743409 0.030175 0.0324779 0.0384478 0.00362305 -0.000452603 -0.0103472 0.0155895 0.053217 0.00421723 0.0364491 0.0368871 -0.0378858 0.0683685 0.0255931 0.0290809 0.0138878
internal_weight=40182.6 31936.7 8245.91 28057.6 22519.1 18770.2 15758.1 3879.09 3448.36 5538.52 3012.13 4797.55 3569.85 3192.37 3748.85 3034.88 3962.84 3089.12 218.991 1785.93 14051.2 11152.3 3430.61 199.242 1575.69 1412.19 163.493 3297.87 2623.39 2556.15 1327.45 103.246 2313.41 1854.42 458.981 2870.13 57.9976 377.485 2748.64 2642.64 1134.95 2497.15 1269.45 1242.2 1101.21 1940.92 399.984 358.735 2392.4 1828.68 9530.11 133.995 1046.96 849.965 704.721 2609.64 2020.67 1912.92 1845.17 1818.18 198.492 9243.87 9006.88 1227.7 674.473 600.226 1630.18 1372.94 1706.93 2898.88 2592.14 2335.66 710.721 1624.93 1591.19 1248.95 1757.18 121.495 224.741 55.4977 67.2473 105.996 317.737 1087.21 698.222 1177.7 1353.44 104.746 1486.19 196.992 144.744 60.9975 1340.45 1359.19 261.989 745.47 1329.2 559.227 100.246 458.981 176.993 256.49 173.243 97.996 1381.94 769.969 734.97 34.9986 140.994 982.46 550.978 193.992 178.493 835.966 45.7481 982.71 1525.94 532.228 167.743 177.743 570.227 35.9985 127.995 1782.68 1373.44 409.233
internal_count=160737 127752 32985 112235 90080 75084 63035 15517 13794 22155 12049 19191 14280 12770 14996 12140 15852 12357 876 7144 56207 44611 13723 797 6303 5649 654 13192 10494 10225 5310 413 9254 7418 1836 11481 232 1510 10995 10571 4540 9989 5078 4969 4405 7764 1600 1435 9570 7315 38122 536 4188 3400 2819 10439 8083 7652 7381 7273 794 36977 36029 4911 2698 2401 6521 5492 6828 11596 10369 9343 2843 6500 6365 4996 7029 486 899 222 269 424 1271 4349 2793 4711 5414 419 5945 788 579 244 5362 5437 1048 2982 5317 2237 401 1836 708 1026 693 392 5528 3080 2940 140 564 3930 2204 776 714 3344 183 3931 6104 2129 671 711 2281 144 512 7131 5494 1637
is_linear=0
shrinkage=1


Tree=1
num_leaves=127
num_cat=0
split_feature=151 13 13 151 13 13 151 151 13 151 13 77 215 67 154 63 77 13 16 208 214 15 13 199 76 215 77 152 77 215 216 77 151 216 63 199 177 85 215 215 64 13 15 39 63 16 76 152 60 198 286 60 154 223 213 200 201 203 64 60 203 203 151 175 214 77 31 216 199 223 203 214 201 216 215 64 201 63 199 216 200 46 63 63 201 64 151 202 60 63 198 203 200 198 151 60 172 63 70 64 202 63 152 208 214 199 203 200 60 202 199 77 214 208 60 199 207 199 76 203 286 13 151 15 202 201
split_gain=1394.44 2164.66 1146.69 517.517 707.94 307.403 287.234 281.031 225.937 196.315 175.806 131.679 121.495 120.015 118.433 116.562 115.467 112.854 107.604 96.4 97.5882 93.1595 93.6233 83.8811 78.8928 70.3377 115.721 69.4335 67.1926 66.9163 64.0185 62.2932 60.1584 58.9476 57.484 56.7884 57.9899 55.9528 55.5918 55.5 54.555 53.8013 53.1004 52.4288 51.8411 51.7746 51.4973 50.4827 60.3511 50.3365 87.6047 50.3203 49.8223 49.1002 49.1988 51.4925 63.461 48.3027 47.8017 46.689 48.0983 52.0021 46.5874 45.0771 44.9592 44.291 43.7584 43.5781 41.4339 40.3409 40.4467 40.0911 49.863 39.2283 38.9975 53.1845 40.6924 38.7898 38.1341 37.863 37.8103 37.4876 37.4517 37.1256 36.9277 36.2875 36.2747 36.2029 35.955 35.8599 35.3565 34.8556 34.4662 36.6999 40.8801 34.3146 54.589 36.6835 44.8696 40.3297 36.6161 35.4457 54.1979 34.1128 33.9729 33.1643 36.1354 32.7866 32.7756 38.0077 37.8183 32.5002 41.1636 34.0361 32.4046 32.2515 32.0736 31.5423 31.5381 31.4616 31.2802 31.0093 30.8543 30.4259 30.3505 47.7073
threshold=0.90000000596046459 0.90000000596046459 0.90000000596046459 0.70000001788139354 0.5000000149011613 0.70000001788139354 0.30000000447034841 0.5000000149011613 0.70000001788139354 0.70000001788139354 0.70000001788139354 0.25000000745058065 0.25000000745058065 0.39835000038146978 1.0000000180025095e-35 0.25257731229066854 1.0000000180025095e-35 0.30000000447034841 1.0000000180025095e-35 1.0000000180025095e-35 0.41666667163372045 0.83333334326744091 0.30000000447034841 0.36578947305679327 0.25000000745058065 0.25000000745058065 -0.25000000745058054 1.0000000180025095e-35 0.91666665673255932 0.25000000745058065 0.58333334326744091 0.41666667163372045 0.5000000149011613 0.41666667163372045 0.48195876181125646 0.36578947305679327 1.0000000180025095e-35 1.0000000180025095e-35 0.91666665673255932 0.91666665673255932 0.49782608449459081 0.30000000447034841 0.5000000149011613 1.0000000180025095e-35 0.502577304840088 1.0000000180025095e-35 1.0000000180025095e-35 1.0000000180025095e-35 0.99019607901573192 0.38627451658248907 0.62500000000000011 0.39019608497619634 1.0000000180025095e-35 1.0000000180025095e-35 0.25000000745058065 0.7130434811115266 0.25257731229066854 0.69166666269302379 0.47173912823200231 0.99019607901573192 0.23611111193895343 0.41388888657093054 0.30000000447034841 1.0000000180025095e-35 0.41666667163372045 0.25000000745058065 1.0000000180025095e-35 0.25000000745058065 0.29736842215061193 1.0000000180025095e-35 0.37500000000000006 1.0000000180025095e-35 0.30154637992382055 0.41666667163372045 -0.41666667163372034 0.31956522166728979 0.51030924916267406 0.67783504724502575 0.39736843109130865 0.25000000745058065 0.31086955964565283 1.0000000180025095e-35 0.61597937345504772 0.53865978121757518 0.67783504724502575 0.29347826540470129 0.30000000447034841 0.51304346323013317 0.37058824300765997 0.6520618498325349 0.23725490272045138 0.33055555820465093 0.51739129424095165 0.31176471710205084 0.30000000447034841 0.31764706969261175 1.0000000180025095e-35 0.32216493785381323 1.0000000180025095e-35 0.36739130318164831 0.46304346621036535 0.53865978121757518 1.0000000180025095e-35 1.0000000180025095e-35 0.75000000000000011 0.45526316761970526 0.61388888955116283 0.35869564116001135 0.39019608497619634 0.56304347515106212 0.52105262875556957 0.25000000745058065 0.25000000745058065 1.0000000180025095e-35 0.4294117689132691 0.62105262279510509 1.0000000180025095e-35 0.52105262875556957 1.0000000180025095e-35 0.41388888657093054 0.87500000000000011 0.5000000149011613 1.0000000180025095e-35 1.0000000180025095e-35 0.37173913419246679 0.48195876181125646
decision_type=2 2 2 2 2 2 2 2 2 2 2 2 2 2 2 2 2 2 2 2 2 2 2 2 2 2 2 2 2 2 2 2 2 2 2 2 2 2 2 2 2 2 2 2 2 2 2 2 2 2 2 2 2 2 2 2 2 2 2 2 2 2 2 2 2 2 2 2 2 2 2 2 2 2 2 2 2 2 2 2 2 2 2 2 2 2 2 2 2 2 2 2 2 2 2 2 2 2 2 2 2 2 2 2 2 2 2 2 2 2 2 2 2 2 2 2 2 2 2 2 2 2 2 2 2 2
left_child=1 3 10 4 7 18 29 11 32 52 42 12 19 67 31 40 25 65 21 20 24 22 123 -22 41 46 -27 28 39 64 87 38 84 37 -26 36 58 71 69 115 74 62 45 66 119 121 53 48 63 111 -51 -23 -3 54 55 56 -17 92 79 60 -58 -62 105 -37 -6 -9 81 108 -63 70 120 -24 -73 -46 -15 -76 -77 -19 -48 -12 -47 95 -36 -54 -8 122 -43 -28 -45 -13 -21 -78 93 -14 -95 96 100 98 99 -97 103 -99 -103 -11 -74 106 -1 -90 109 -4 -111 112 113 -34 -115 -7 -70 -98 -92 -18 -10 -2 -25 -5 125 -122
right_child=2 9 13 5 6 27 8 17 14 43 35 89 57 15 -16 16 44 77 -20 90 23 51 33 85 34 26 30 -29 -30 -31 -32 -33 49 -35 82 47 -38 -39 -40 -41 -42 86 -44 88 73 80 78 -49 -50 50 -52 -53 83 -55 -56 -57 59 -59 -60 -61 61 68 -64 -65 -66 -67 -68 -69 116 -71 -72 72 104 -75 75 76 91 -79 -80 -81 -82 -83 -84 -85 -86 -87 -88 -89 107 -91 118 -93 -94 94 -96 97 117 101 -100 -101 -102 102 -104 -105 -106 -107 -108 -109 -110 110 -112 -113 -114 114 -116 -117 -118 -119 -120 -121 124 -123 -124 -125 -126 -127
leaf_value=-0.0024912134034909463 0.07599099131071374 -0.057213531584105706 -0.00046021574532346721 0.073529990032756731 -0.030774079293872231 -0.0039666389788284599 -0.01295383514598014 0.032712165054382625 -0.031307545527185759 -0.028631550650148142 0.019164590530159481 0.031287892384251406 -0.035313443535945205 -0.090870599551685111 0.027149790088527623 0.03358652072057524 0.027388719567983701 0.014781016869957177 -0.021428574089432689 -0.015383973381396141 0.056944433361659608 0.0094372140121633391 0.030161498810111584 0.03724612404001184 0.042917878517901013 0.094696835798763507 -0.025664980422477297 0.020848464386539173 0.081500863097226622 -0.067283293648487202 -0.079472353247441868 0.040001479345278979 0.0034379738055551434 -0.037243114011651944 -0.047307561301710169 0.035806631821808786 -0.029591325395545154 -0.051454030938474032 0.05022573663696342 -0.08327703147833404 0.064098949029096228 -0.010792117579164781 0.0048657943601410226 -0.019536260215715431 0.02893595099112288 -0.03988465383967163 -0.007778199315613632 0.055888007638681972 -0.071494476168090529 0.00014762546637096688 -0.040348449304876563 -0.082154229230841896 -0.035428921290721602 0.078228905505620061 -0.025914159267391903 -0.054153113363849148 0.029274058346961535 0.030636583973776738 0.057512214616981874 0.066496076082397479 -0.0071547815018739068 -0.025006842460732259 0.010263639462054412 -0.0017016692106886747 -0.07580258059149815 0.070218819770271237 0.028434252939193012 -0.056687261491368171 0.010889696770034188 0.043620424120804115 -0.021942080111741417 -0.042965744676544244 0.0081575691058473516 -0.062528429517461348 -0.00095925042501392036 -0.058784548604029298 -0.07598538321642237 -0.021507909185870124 0.0589512815448969 -0.052338297170081538 0.041257702280785152 0.007840076136672482 0.052588402333238131 0.045110162873141735 0.019932289077661428 -0.068079426059733161 -0.00080490909682693994 0.045444252881702396 -0.012182123723469601 -0.00072504532922644527 0.025170284345083584 0.018347300453853591 -0.060578406816763075 -0.019126524401084088 0.030602754414614648 -0.045601094838238904 0.071197686318242401 -0.053024885443469928 0.050437853617265674 0.00065207827426075912 -0.047962749941828142 -0.040331975775156431 0.017402826511479074 0.011399178104936116 0.095250788086656157 0.0034805999623805216 -0.024201820423931677 0.08002924663277694 -0.022664458093145521 -0.054230777707605697 0.026034288255939699 0.041188991841095354 -0.055145365634646004 0.017043507907956196 0.084305872685519728 0.010770029261365459 0.06483230773218944 -0.0097401084723638277 0.084985889651456425 0.080651459343059728 -0.056358501942978922 0.056279006530976228 -0.051606804354091741 -0.0063790480923435269 -0.080253803798758863 0.048223536004333822
leaf_weight=2116.6498380303383 272.36046881973743 1302.0636418014765 773.95450028777122 143.40115197002888 771.36375944316387 1912.3176043629646 1658.9297392815351 492.83528417348862 860.92265525460243 804.12967970967293 297.91927087306976 424.30719619989395 250.72237506508827 20.241678982973099 114.97226846218109 249.66257365047932 39.949860408902168 1485.8763372898102 115.20261427760124 51.238598138093948 19.998049214482307 31.984807580709457 2202.3497916013002 17.742433726787567 174.17940786480904 19.688060879707336 113.99515521526337 429.15747697651386 24.445363566279411 184.68522351980209 52.682878792285919 36.730897858738899 1539.8766766041517 35.230206787586212 33.7426767796278 1474.4634254574776 58.99500983953476 21.994311556220055 23.979315206408501 20.72849528491497 18.71994249522686 1673.9279676526785 47.746186196804047 65.25 120.16808860003948 20.730606779456139 28.493207633495331 280.13123968243599 13.736609965562819 507.70740908384323 181.21733975410461 28.232656240463257 60.473023802042007 24.735544592142105 105.9744159579277 31.985601425170898 202.67466729879379 39.498531401157379 82.139880448579788 32.466178461909294 706.75895361602306 79.976847618818283 1403.901132658124 84.703094452619553 59.727272897958755 93.672272637486458 28.735392659902573 49.972531199455261 1142.6182162612677 20.497905299067497 1624.8476836830378 42.737837195396423 55.980598315596581 12.990149199962614 181.16355863213539 104.44006472826004 12.995044797658919 77.478991881012917 86.125813499093056 19.741161644458771 46.693986937403679 53.239811390638351 12.996111378073691 18.743669763207436 89.993253290653229 102.72812652587891 1990.1315880119801 21.23301237821579 16.739182382822037 110.19654279947281 358.1615414172411 39.733177959918976 65.742304906249046 181.73518145084381 53.490053787827492 134.71088409423828 19.995698496699333 559.38492612540722 19.221627861261368 72.48810938000679 242.91537579894066 323.43617363274097 46.491709306836128 56.991317212581635 13.996607840061186 3027.8588358014822 210.74111567437649 22.729062676429749 320.23087729513645 64.497536182403564 18.998091220855713 61.467222943902016 28.747986748814583 68.494953691959381 24.244115829467773 460.71912942826748 28.237504303455353 30.244387269020081 23.481479778885841 90.604335471987724 46.48537078499794 745.93157261610031 21.744871377944946 12.991361826658247 69.233759298920631 14.246622532606123
leaf_count=8467 1091 5211 3096 574 3086 7650 6636 1972 3444 3217 1192 1698 1003 81 460 999 160 5945 461 205 80 128 8813 71 697 79 456 1717 98 739 211 147 6160 141 135 5902 236 88 96 83 75 6696 191 261 481 83 114 1122 55 2031 725 113 242 99 424 128 811 158 329 130 2828 320 5616 339 239 375 115 200 4572 82 6500 171 224 52 725 418 52 310 345 79 187 213 52 75 360 411 7961 85 67 441 1433 159 263 727 214 539 80 2238 77 290 972 1294 186 228 56 12112 843 91 1281 258 76 246 115 274 97 1843 113 121 94 363 186 2988 87 52 277 57
internal_value=1.46436e-07 -0.00473221 0.0183367 0.000107825 -0.00326515 0.0137803 -0.0152194 0.00331402 -0.0116006 -0.0397466 0.0403417 0.000412989 -0.000683763 0.00252889 -0.0225489 0.00716823 0.0102756 0.0199992 0.0258538 0.000478338 -0.00044846 0.0279578 0.0294214 -0.0389378 0.000138107 0.00742086 -0.0206321 0.00231437 -0.000974855 -0.0400597 -0.0327155 -0.0246676 -0.00420143 0.0269512 0.0297059 0.0324331 0.0166841 0.0279189 -0.0255605 -0.0018171 -0.0191128 -0.000488578 0.0564723 -0.031379 0.0419642 0.0587417 0.00956218 0.0363325 0.0328497 0.000918392 -0.0105046 -0.033505 -0.0548713 0.00811901 0.00744693 0.00887574 0.00970116 -0.0227768 0.0235126 0.0069816 0.00608717 0.00368657 0.00215627 0.033769 -0.0340101 0.0387024 -0.032895 -0.0109559 0.00981226 -0.0262499 -0.0267974 0.028673 -0.000411742 0.0200132 -0.023457 -0.0194238 -0.0407073 0.0129826 0.042363 0.014721 0.0163094 -0.0336408 -0.0195307 -0.0163724 -0.0112616 -0.0524206 -0.00536757 -0.0144997 0.00324996 0.0246879 0.0236147 -0.0049013 -0.0266009 -0.0220042 -0.00781812 -0.0345968 -0.0284989 -0.0406869 -0.0226402 -0.0294195 -0.0308185 -0.0450839 -0.033076 -0.0259822 0.0255777 3.08894e-05 -0.00445707 0.0409208 -0.00901534 -0.00391782 -0.0359677 0.00548622 0.00416528 0.00520966 0.0346274 -0.00110555 0.0121906 0.0224734 0.0288506 0.0643529 -0.0347592 0.0615513 -0.0116834 0.066892 -0.0576236 -0.0318255
internal_weight=40173.9 31932.6 8241.26 28054.6 22503.2 5551.47 7988.37 14514.8 6972.6 3877.98 3445.29 12364.9 11830.4 4795.97 2811.92 3568.31 3191.02 2149.86 2704.1 11239.2 10806.3 2588.9 2528.68 162.213 10644.1 2927.31 207.599 2847.37 2418.21 1015.78 187.911 2696.94 4160.68 2372.29 220.918 2311.83 458.795 2337.06 2660.21 2393.77 377.293 10423.2 1133.46 2496.7 263.712 1085.72 2719.71 1853.03 1572.9 2411.76 688.925 60.2175 1381.28 2605.09 2580.35 2474.38 2442.39 591.188 399.8 2192.73 2160.27 1957.59 6759.15 1559.17 831.091 586.508 2391.99 1227.65 1250.83 2636.23 2615.74 2315.06 112.715 133.158 358.574 338.332 157.168 1563.36 114.619 317.66 67.4246 2363.25 46.7388 79.2167 1748.92 142.215 3664.06 135.228 104.718 534.504 432.882 52.7282 551.69 485.948 235.225 2310.01 1154.28 1155.73 226.421 207.199 1104.04 929.313 369.928 861.121 69.9772 5355.25 2327.39 39.4682 1177.68 857.45 83.4956 1722.83 1661.36 1632.62 92.7391 2373.04 1170.86 50.2401 381.643 130.554 990.888 1018.29 39.4873 156.393 129.966 60.732
internal_count=160737 127752 32985 112235 90023 22212 31957 58066 27893 15517 13794 49464 47325 19191 11249 14280 12770 8602 10821 44960 43228 10360 10119 649 42579 11714 831 11391 9674 4064 752 10789 16644 9493 884 9254 1836 9352 10642 9576 1510 41695 4540 9989 1056 4349 10883 7418 6296 9648 2756 241 5528 10424 10325 9901 9773 2365 1600 8774 8644 7833 27038 6241 3325 2347 9570 4911 5005 10546 10464 9264 451 533 1435 1354 629 6255 459 1271 270 9455 187 317 6996 569 14657 541 419 2139 1732 211 2207 1944 941 9242 4618 4624 906 829 4417 3718 1480 3445 280 21422 9310 158 4711 3430 334 6892 6646 6531 371 9493 4685 201 1527 523 3964 4079 158 626 520 243
is_linear=0
shrinkage=0.05


Tree=2
num_leaves=127
num_cat=0
split_feature=151 13 13 148 13 151 151 151 13 13 151 75 77 75 77 215 151 15 151 22 214 61 76 216 77 152 76 60 49 214 77 215 63 202 202 61 60 208 16 213 15 75 215 60 61 63 64 77 169 199 177 198 65 63 62 154 152 15 63 58 214 77 14 16 177 213 151 60 16 199 154 153 64 64 153 161 77 64 199 162 153 151 152 60 13 64 198 151 202 65 172 16 14 148 208 61 160 42 13 23 215 154 198 203 198 203 62 61 69 198 199 13 151 214 75 215 198 61 148 60 216 63 198 13 64 15
split_gain=1259.8 1956.45 1037.7 492.165 323.986 349.106 336.418 178.219 160.014 140.719 142.654 121.302 128.385 110.445 101.571 115.431 89.1958 83.3831 81.5771 78.6837 82.0936 79.046 80.5537 77.8799 129.465 78.2498 70.6737 68.8395 71.2216 68.7589 67.5681 81.99 67.4797 61.5031 76.1994 60.1907 72.0248 58.0404 57.7278 57.3832 57.3401 57.288 55.5392 65.7882 54.9795 54.3127 57.0361 53.8036 52.661 57.1916 52.3838 51.7243 51.3172 49.7688 60.1672 49.7543 48.387 48.2521 48.1703 53.158 47.3286 47.2944 50.002 47.0643 46.9232 46.752 46.2715 45.817 45.7457 45.599 45.1754 48.7835 44.2924 43.3698 41.9613 41.6998 41.0328 40.9238 40.6131 44.3321 39.701 39.6786 39.3249 58.9229 39.233 38.7658 38.4579 38.4275 38.4039 38.2193 37.7423 37.4303 37.2338 37.0174 36.7281 36.4535 36.3775 39.3286 37.6904 36.0368 36.7636 35.8933 35.9453 35.3769 45.7653 44.2542 39.126 47.7373 35.9475 35.0642 35.039 35.2297 40.6115 35.001 47.2643 34.9269 34.6091 34.5244 44.1896 34.3111 34.2125 34.1392 34.0093 41.2497 33.9931 33.9277
threshold=0.90000000596046459 0.90000000596046459 0.90000000596046459 0.62500000000000011 0.70000001788139354 0.70000001788139354 0.70000001788139354 0.70000001788139354 0.70000001788139354 0.5000000149011613 0.30000000447034841 1.0000000180025095e-35 0.25000000745058065 0.25000000745058065 1.0000000180025095e-35 -0.41666667163372034 0.5000000149011613 0.5000000149011613 0.30000000447034841 1.0000000180025095e-35 0.25000000745058065 0.29736842215061193 0.58333334326744091 0.25000000745058065 -0.41666667163372034 1.0000000180025095e-35 0.75000000000000011 0.20784313976764682 1.0000000180025095e-35 0.58333334326744091 1.0000000180025095e-35 0.25000000745058065 0.502577304840088 0.56304347515106212 0.60434782505035411 0.36578947305679327 0.48627451062202459 1.0000000180025095e-35 1.0000000180025095e-35 1.0000000180025095e-35 0.5000000149011613 1.0000000180025095e-35 0.41666667163372045 0.4294117689132691 0.45000000298023229 0.25257731229066854 0.49782608449459081 0.91666665673255932 1.0000000180025095e-35 0.36578947305679327 1.0000000180025095e-35 0.48627451062202459 0.4916666597127915 0.42010308802127844 0.29782609641551977 1.0000000180025095e-35 1.0000000180025095e-35 0.5000000149011613 0.36855669319629675 1.0000000180025095e-35 0.41666667163372045 -1.0000000180025095e-35 1.0000000180025095e-35 1.0000000180025095e-35 1.0000000180025095e-35 1.0000000180025095e-35 0.5000000149011613 0.22156862914562228 1.0000000180025095e-35 0.28157894313335424 1.0000000180025095e-35 0.5000000149011613 0.51304346323013317 0.47173912823200231 1.0000000180025095e-35 1.0000000180025095e-35 0.75000000000000011 0.30217391252517706 0.33947369456291204 1.0000000180025095e-35 1.0000000180025095e-35 0.5000000149011613 1.0000000180025095e-35 0.99019607901573192 0.30000000447034841 0.21304347366094592 0.43333333730697637 0.30000000447034841 0.37608696520328527 0.20277778059244159 1.0000000180025095e-35 0.75000000000000011 1.0000000180025095e-35 0.87500000000000011 1.0000000180025095e-35 0.41842105984687811 1.0000000180025095e-35 1.0000000180025095e-35 0.70000001788139354 1.0000000180025095e-35 -1.0000000180025095e-35 1.0000000180025095e-35 0.54313728213310253 0.27222223579883581 0.61764708161354076 0.38333334028720861 0.2434782609343529 0.41842105984687811 1.0000000180025095e-35 0.25294119119644171 0.38684210181236273 0.5000000149011613 0.30000000447034841 0.75000000000000011 0.75000000000000011 0.25000000745058065 0.40588235855102545 0.54999998211860668 0.87500000000000011 0.28039216995239263 0.25000000745058065 0.64690721035003673 0.39019608497619634 0.30000000447034841 0.34565217792987829 0.83333334326744091
decision_type=2 2 2 2 2 2 2 2 2 2 2 2 2 2 2 2 2 2 2 2 2 2 2 2 2 2 2 2 2 2 2 2 2 2 2 2 2 2 2 2 2 2 2 2 2 2 2 2 2 2 2 2 2 2 2 2 2 2 2 2 2 2 2 2 2 2 2 2 2 2 2 2 2 2 2 2 2 2 2 2 2 2 2 2 2 2 2 2 2 2 2 2 2 2 2 2 2 2 2 2 2 2 2 2 2 2 2 2 2 2 2 2 2 2 2 2 2 2 2 2 2 2 2 2 2 2
left_child=1 3 8 4 6 18 9 70 57 16 -11 12 19 14 23 -16 30 42 -6 20 21 26 27 25 -25 33 52 117 35 40 31 37 76 39 124 36 80 60 94 45 51 44 68 64 47 46 77 101 49 50 73 58 -5 54 -26 -20 -7 63 86 -60 84 -47 99 -2 -44 82 -12 -22 69 -14 71 81 113 120 -21 -41 -17 85 -56 -80 96 -3 83 -51 -1 89 -27 -69 -34 -4 -36 110 -46 -30 125 -90 97 98 -29 100 -63 102 -9 106 105 108 -102 -108 -105 -33 115 112 -112 114 -13 -37 119 118 -23 -72 -10 -32 123 -117 -35 -8
right_child=2 7 13 11 5 56 38 41 48 10 66 72 17 -15 15 32 -18 -19 55 74 67 22 -24 24 53 29 -28 28 93 -31 121 109 88 34 90 91 -38 -39 -40 75 -42 -43 43 -45 92 61 -48 -49 -50 65 -52 -53 -54 -55 78 -57 -58 -59 59 -61 -62 62 -64 -65 -66 -67 -68 87 -70 -71 116 -73 -74 -75 -76 -77 -78 -79 79 -81 -82 -83 -84 -85 -86 -87 -88 -89 95 -91 -92 -93 -94 -95 -96 -97 -98 -99 -100 -101 103 -103 -104 104 -106 -107 107 -109 -110 -111 111 -113 -114 -115 -116 122 -118 -119 -120 -121 -122 -123 -124 -125 -126 -127
leaf_value=0.00093112514969490099 0.058670904869687818 -0.070689349042771452 0.034083097916701464 0.011751713128965431 -0.056790430693994136 -0.0027929379640455054 0.022333250097434164 -0.029386933071637773 0.018213956174070827 -0.030846723645811171 -0.012536392180295156 0.030291089561028703 0.077237420534965601 0.043442992068389592 -0.091548174705431404 0.038993146191770224 0.011937299351635268 -0.071885283453256524 -0.026106455346588998 0.030145354252224289 0.041021217882569683 0.026392008303842862 0.065008996324292578 0.091590244921819483 0.051105956559537993 -0.0028447915708881542 -0.082359550158803085 0.026366638125944544 0.024150681531602713 -0.097851708896164541 0.022794360958133312 -0.049576361618924425 0.033333673996038794 -0.0144236323267564 -0.0076702349892050214 -0.004922767694561259 0.076954097443431374 0.020135498837251062 -0.025076355081747988 -0.028146008204902748 0.070263191702901004 0.00048384461655903363 -0.062485012346313464 0.064390698417886916 -0.035104683882463183 -0.042279570429892194 0.064014840847264151 0.069670459842535698 -0.040251528132965203 0.036095162107000811 -0.028125877962602609 0.056697574178501957 -0.028069505937436224 -0.067465133779353689 -0.086964801183847584 0.013203791273980931 0.019006430156661168 0.0046227385871445148 0.025296272836573527 -0.071068354531317893 -0.035788505227156236 0.048762388729751305 -0.011666116444385165 0.015511040027277871 0.040378747977272714 0.012696402407753228 -0.00087115500909140317 -0.069049836654682437 -0.031990642565135681 0.036277627523682979 0.025943971997749862 -0.0075399187652990226 -0.035323869835650439 0.054800718971650834 -0.047833881343481224 0.055180882189897855 0.092339064858741604 -0.043506406678790945 0.018797585134636335 -0.091469592849274209 -0.042094734098134301 -0.050872752535201619 0.056397179823440148 -0.068163848104804428 -0.0058710561200836864 0.029775487384277929 -0.075842272300896352 -0.017151096426284981 -0.04396241131116721 -0.048100136078788457 0.064871679457776651 -0.054135454713267708 -0.058328289948415241 0.079517756131201697 0.059941341018610442 0.019188254841891073 -0.027536730864048356 0.098545064020294282 -0.0096293009051911099 -0.02114133164282879 -0.047486165331836638 0.013934850895433877 0.010193497845576306 -0.0074300127278855172 0.05708108507798354 0.0086682608931992842 0.058127421471410867 0.013199148221392891 -0.081794166249041844 -0.015635662014599351 -0.0062215890793597692 -0.0024028497494323585 0.020405976314044377 -0.0431914334155079 0.073130365081169033 0.010272034030306885 0.052864177584679733 -0.037889012959627155 0.083164324966270797 -0.054789775937531315 -0.049812583824535711 -0.0099337686121297331 0.032157388858086 -0.081549123608743862 -0.062064697791783897 -0.030101066127617683
leaf_weight=5976.5891152471304 1014.9515049755573 352.06700509786606 18.988064602017403 158.13146111369133 216.40316972136497 1718.4234239310026 1545.9950789958239 986.47546391189098 297.79797291755676 703.80036534368992 1549.3878212869167 757.82649326324463 79.930277362465858 158.52127592265606 19.917828261852264 126.42871750891209 1458.5125357508659 19.18514658510685 2238.3875769972801 419.41737778484821 19.98043067753315 101.68314146995544 62.335549905896187 19.797574505209923 24.219437375664711 186.14748150110245 36.120223224163055 313.0320783406496 119.18809498846531 12.982397913932799 413.00822792947292 95.44428776204586 95.142541855573654 55.963367983698845 88.70216628909111 503.4896489828825 48.210670411586761 310.02096927165985 65.494743824005127 246.38594406843185 49.180979311466217 146.64028939604759 40.91695111989975 23.935723453760147 1021.5251608639956 54.724677488207817 19.182535216212273 15.215934962034224 25.749394118785858 1356.624391824007 58.966050028800964 63.689379453659058 165.66236650943756 99.482062935829163 28.164222732186317 83.495654910802841 298.8198343962431 47.743826761841774 314.05809280276299 14.994383454322813 101.63385140895844 57.220202192664146 392.57431425154209 67.35606375336647 15.207219213247297 198.23959663510323 1883.5011875480413 63.152019172906876 21.488491892814636 453.28067260980606 18.483498752117157 53.108429253101349 24.733283072710037 81.89960490167141 17.991713166236877 15.98855137825012 50.42361256480217 142.81871096789837 33.908835455775261 12.466312289237974 30.738000229001045 894.12315154075623 256.15468141436577 13.688527792692183 3284.9028870165348 49.988483294844627 19.979651615023613 81.952425330877304 45.215838775038719 55.484750881791115 22.473171651363373 31.488161131739616 207.67911665141582 40.428478851914406 63.943532437086105 46.202619016170502 42.479382559657097 15.742313146591185 94.728202953934669 102.46005593240261 17.487758755683899 56.189070478081703 60.902995303273201 371.11675757169724 41.715684652328491 1235.5775344222784 93.900027438998222 159.6375215947628 16.995269447565079 375.37814716994762 199.19604487717152 797.16607873141766 509.33965374529362 14.97771570086479 70.363742738962173 16.736791282892227 14.980599984526632 13.494783222675322 51.704528272151947 45.69532322883606 19.705828234553337 98.727476924657822 12.977575749158857 45.437416136264801 113.14018946886063 31.478690549731255
leaf_count=23908 4079 1412 76 633 867 6874 6191 3950 1192 2818 6198 3034 321 635 80 507 5837 77 8958 1679 80 407 250 80 97 745 145 1253 477 52 1653 382 381 224 355 2015 193 1241 262 986 197 587 164 96 4090 219 77 61 103 5437 236 255 663 399 113 334 1196 191 1257 60 407 229 1571 270 61 794 7535 253 86 1816 74 213 99 329 72 64 203 572 136 50 123 3586 1029 55 13140 200 80 328 181 222 90 126 832 162 256 185 170 63 379 410 70 225 244 1485 167 4945 376 639 68 1502 797 3190 2039 60 282 67 60 54 207 183 79 395 52 182 453 126
internal_value=2.75879e-07 -0.00449743 0.0174398 0.000102532 -0.00318125 -0.0150901 -0.000160213 -0.0378084 0.0383983 -0.00237815 -0.0103403 0.0134619 0.0102692 0.00240395 0.00100035 0.0256506 0.000340704 0.0308124 -0.0274293 0.00692078 0.00447137 0.00613868 0.00875411 -0.00122216 -0.0303283 0.000351204 -0.0160221 0.00758023 0.00573393 0.0160814 -0.00124659 -0.00214086 0.032074 -0.00273199 -0.0251596 0.00378786 0.0186063 -0.00114914 0.020956 -0.000699173 0.0183638 -0.0298355 0.0339163 -0.00501387 -0.0317291 0.0013748 -0.0192653 -0.0237093 0.0308527 0.0316547 0.0158653 0.0141017 -0.00862198 -0.0425038 -0.0173597 -0.0246928 0.000436263 0.0538149 0.00903252 0.0209051 -0.00185389 0.00369948 0.00471053 0.0559849 -0.0346134 0.035621 -0.0061361 -0.0299639 0.0395351 0.0424177 -0.052237 -0.0544712 0.0306262 0.0223599 0.0269379 -0.0230682 0.054203 -0.0252423 -0.0396057 -0.0108438 0.0129431 -0.0564712 0.0384151 0.0350537 -0.0014815 -0.00428423 -0.00992035 -0.0397383 0.0110966 -0.0271462 0.00699351 -2.86117e-05 -0.0390284 0.0381743 0.0227927 -0.0120463 0.0165736 0.0209981 0.0180043 0.00777766 0.0092639 -0.0249968 -0.0270854 0.00809675 0.00537045 0.0040419 0.0248494 0.0298388 -0.0106864 -0.0225161 0.00078878 0.00480758 0.01292 0.0325608 0.0339308 -0.00966868 -0.0155656 0.0387835 0.045529 -0.0315385 0.0139919 0.0164802 -0.0414646 -0.0568316 -0.0462983 0.0212869
internal_weight=40152.6 31920.3 8232.33 28047.2 22513.3 4555.53 17957.8 3873.09 3438.88 16250.9 4136.69 5533.85 4665.95 4793.45 4634.93 383.331 12114.2 653.944 2538.29 4012 3574.6 3409.51 3049.6 4251.6 218.038 4033.56 359.914 2987.26 2820.38 661.032 10655.7 10144 363.413 3372.53 280.279 2660.76 544.931 9673.15 1706.91 3092.25 648.05 2494.63 634.759 80.0599 2347.99 2829.87 286.463 1118.78 2308.83 2283.08 458.369 598.869 323.794 198.241 98.7588 2321.88 2017.24 1130.05 535.18 329.052 9363.13 2543.41 2488.69 1082.31 56.1242 1824.71 3432.89 165.085 554.699 533.211 1378.46 1299.3 867.901 399.403 437.409 262.374 176.852 267.28 74.5394 46.3751 496.72 1246.19 1626.47 1370.31 9261.49 124.461 206.127 145.104 186.561 74.4728 111.175 2115.83 1229.2 159.617 1641.42 91.4185 465.982 423.503 407.76 2096.11 1993.65 1103.57 1047.38 1936.43 1665.41 1623.69 271.025 253.538 388.112 470.822 2084.34 1505.7 708.536 843.168 828.19 578.641 79.1594 166.882 153.388 64.1788 317.504 511.736 75.1518 62.1742 169.104 1577.47
internal_count=160737 127752 32985 112235 90080 18229 71851 15517 13794 65016 16551 22155 18680 19191 18556 1537 48465 2621 10159 16059 14308 13647 12206 17019 875 16144 1441 11956 11288 2646 42628 40580 1457 13498 1122 10649 2181 38696 6835 12376 2594 9989 2544 321 9402 11326 1147 4480 9254 9151 1836 2397 1296 795 396 9292 8070 4540 2142 1317 37455 10179 9960 4349 225 7315 13733 661 2223 2137 5528 5211 3475 1600 1751 1050 710 1070 299 186 1988 4998 6521 5492 37048 498 825 581 747 298 445 8468 4922 639 6573 366 1865 1695 1632 8389 7979 4419 4194 7750 6665 6498 1085 1015 1553 1884 8342 6026 2836 3376 3316 2316 317 668 614 257 1271 2048 301 249 677 6317
is_linear=0
shrinkage=0.05


Tree=3
num_leaves=127
num_cat=0
split_feature=151 286 75 205 77 286 77 75 205 75 214 286 154 32 153 202 77 216 213 201 77 202 64 152 286 155 151 64 153 216 200 181 176 203 205 202 214 77 200 198 205 201 58 199 152 199 77 213 195 216 198 205 60 14 199 81 201 201 71 214 83 200 61 200 50 75 61 205 65 201 151 60 198 60 177 214 201 75 201 198 64 15 14 67 216 199 205 201 76 61 202 203 61 202 67 210 67 60 202 64 200 199 65 65 60 202 213 201 60 61 200 61 22 26 76 202 214 65 198 65 60 151 60 217 64 14
split_gain=1138.74 812.517 259.46 237.219 218.264 172.36 135.165 146.235 123.634 110.313 89.7795 84.9278 80.719 76.9741 115.617 76.567 76.7883 122.289 81.6897 79.2705 75.6007 74.3576 68.2811 58.9016 58.5501 57.813 56.4626 55.1983 52.1017 88.131 70.7815 52.0861 51.0631 50.9882 49.9352 49.3439 48.9833 48.5834 48.4208 63.8428 47.6026 47.1589 47.0013 46.6165 63.4019 54.1649 45.4689 44.8331 45.0944 44.7943 43.7511 42.792 41.9019 44.0336 40.8759 40.5727 39.4733 47.4798 39.2456 37.4165 37.2114 36.1836 35.85 35.5502 35.1997 34.9353 34.9287 34.9095 34.7437 45.9035 42.6411 40.1217 41.6437 38.618 41.9522 34.4782 34.4211 33.2437 32.9025 32.6388 41.8403 31.9535 31.6553 31.2311 32.1825 31.0304 30.6065 30.2486 30.0042 30.048 29.9659 29.8075 34.2811 34.7407 34.2412 29.5994 29.3677 29.3351 28.6233 33.9106 28.9981 32.2402 28.193 27.9695 27.9407 27.7823 27.7419 27.6378 27.6156 27.528 27.4243 27.2875 41.3061 27.212 37.3624 43.8622 33.1682 26.4022 39.434 26.358 33.411 26.3349 26.9703 26.3092 26.177 25.8559
threshold=0.90000000596046459 0.62500000000000011 1.0000000180025095e-35 0.60444998741149913 0.25000000745058065 0.62500000000000011 1.0000000180025095e-35 1.0000000180025095e-35 0.57394999265670787 0.25000000745058065 0.41666667163372045 0.37500000000000006 1.0000000180025095e-35 1.0000000180025095e-35 1.0000000180025095e-35 0.6347826123237611 -0.41666667163372034 0.25000000745058065 1.0000000180025095e-35 0.64175257086753856 0.25000000745058065 0.55869564414024364 0.21956521272659305 1.0000000180025095e-35 0.87500000000000011 1.0000000180025095e-35 0.70000001788139354 0.34565217792987829 0.5000000149011613 0.41666667163372045 0.37826086580753332 1.0000000180025095e-35 1.0000000180025095e-35 0.55277779698371898 0.51094999909400951 0.55434781312942516 0.25000000745058065 0.58333334326744091 0.49782608449459081 0.4607843160629273 0.53339999914169323 0.6520618498325349 1.0000000180025095e-35 0.36578947305679327 1.0000000180025095e-35 0.72631579637527477 0.41666667163372045 1.0000000180025095e-35 1.0000000180025095e-35 0.41666667163372045 0.31176471710205084 0.44015000760555273 0.4607843160629273 1.0000000180025095e-35 0.47105263173580175 1.0000000180025095e-35 0.35824741423130041 0.38402061164379125 1.0000000180025095e-35 0.58333334326744091 1.0000000180025095e-35 0.7130434811115266 0.28157894313335424 0.24999999254941943 1.0000000180025095e-35 1.0000000180025095e-35 0.72631579637527477 0.051449999213218696 0.30833333730697637 0.26288658380508428 0.30000000447034841 0.40588235855102545 0.52941179275512706 0.22156862914562228 1.0000000180025095e-35 0.25000000745058065 0.26288658380508428 0.41666667163372045 0.64175257086753856 0.47450980544090277 0.51304346323013317 0.5000000149011613 1.0000000180025095e-35 0.99915000796318065 0.25000000745058065 0.45000000298023229 0.29555000364780432 0.47164948284626013 0.25000000745058065 0.49473683536052709 0.6347826123237611 0.42499999701976782 0.28157894313335424 0.37608696520328527 0.59014999866485607 1.0000000180025095e-35 0.70195001363754284 0.35098040103912359 0.49782608449459081 0.38913042843341833 0.36739130318164831 0.39210526645183569 0.4361111074686051 0.24722222238779071 0.57647061347961437 0.68260869383811962 1.0000000180025095e-35 0.40463916957378393 0.22156862914562228 0.42894735932350164 0.61956521868705761 0.59210523962974559 1.0000000180025095e-35 1.0000000180025095e-35 0.25000000745058065 0.30217391252517706 0.25000000745058065 0.29722222685813909 0.31764706969261175 0.33611111342906957 0.23725490272045138 0.5000000149011613 0.30392158031463629 0.58333334326744091 0.47173912823200231 1.0000000180025095e-35
decision_type=2 2 2 2 2 2 2 2 2 2 2 2 2 2 2 2 2 2 2 2 2 2 2 2 2 2 2 2 2 2 2 2 2 2 2 2 2 2 2 2 2 2 2 2 2 2 2 2 2 2 2 2 2 2 2 2 2 2 2 2 2 2 2 2 2 2 2 2 2 2 2 2 2 2 2 2 2 2 2 2 2 2 2 2 2 2 2 2 2 2 2 2 2 2 2 2 2 2 2 2 2 2 2 2 2 2 2 2 2 2 2 2 2 2 2 2 2 2 2 2 2 2 2 2 2 2
left_child=1 2 4 23 11 9 7 8 47 20 12 34 28 35 97 16 -7 18 21 -19 36 22 85 24 46 32 51 77 29 55 -30 76 37 50 -1 40 58 43 -20 -40 -8 -31 -25 44 62 52 61 79 123 56 -27 -13 66 104 -32 68 -14 -58 96 91 109 65 -24 -64 -22 86 98 -28 73 70 -70 87 -73 -10 90 83 -9 -4 -65 111 -81 103 88 84 -53 -18 -2 95 89 -36 117 94 -93 -94 -42 -71 -5 -15 99 100 101 -45 -59 -29 -54 -17 -26 -38 -12 -6 125 -3 -113 114 116 -116 -78 -75 -119 -91 -121 -105 -123 -49 -124 -69
right_child=3 6 27 5 60 15 13 31 10 -11 108 26 49 14 -16 105 17 19 38 -21 64 -23 25 42 106 33 67 81 30 41 54 -33 -34 -35 82 -37 107 -39 39 -41 59 -43 -44 45 -46 -47 -48 48 -50 -51 -52 75 53 -55 -56 -57 57 102 -60 -61 -62 -63 63 78 -66 -67 -68 110 69 71 -72 72 -74 74 -76 -77 113 -79 -80 80 -82 -83 -84 -85 -86 -87 -88 -89 -90 119 -92 92 93 -95 -96 -97 -98 -99 -100 -101 -102 -103 -104 121 -106 -107 -108 -109 -110 -111 -112 112 -114 -115 115 -117 -118 118 -120 120 -122 122 124 -125 -126 -127
leaf_value=0.0066020323313107756 0.032498526180018215 -0.0073454234191966247 0.023923282250434209 0.0085137428645590523 0.030397683595592813 0.084346278376674341 0.028687771330418683 0.04317896906214256 0.017605793555549289 0.054840071713753949 -0.0025227935675884135 -0.0025963001095141418 0.04417648574296943 0.0015312528632597695 0.084996545872044693 0.070171107072923997 -0.070180039891914653 -0.06296917257057276 -0.058487684287341558 0.028970109265306732 0.05096699278748984 -0.039583647363893512 0.040187070326235114 0.046633580504912439 0.010717729881965883 -0.07709531402125705 0.034675903519802334 0.043793269736933822 -0.037101858384274954 -0.074827393490332891 0.062729262880188888 -0.079223665271737978 0.063721339204368455 -0.083366594633505597 0.001313526953132384 0.049778919018324257 -0.058712652190411996 0.066123061484490153 -0.045048725248134268 0.093442339574434249 -0.050958214079002834 -0.0036612032387383108 -0.036384725120807468 -0.0223168393935472 0.047074746661200893 -0.050701966215745631 0.06917775376089598 -0.029643182711890537 0.025510502443119629 0.09703060308419062 0.033039161470476759 -0.0068298726324940804 -0.015738896833595754 -0.065130157341493952 -0.035506448764712789 0.043636670008419629 -0.083872751723309297 0.030931137488176913 -0.027216832106348256 0.065076347743867044 -0.046705079242124331 -0.039071866408203731 0.033864089952932823 -0.050598861351631788 -0.021215485446352572 0.053266821711968539 -0.039739703220390013 0.0005656149799267993 -0.051937485427026281 -0.047889145045641547 -0.00016899360342910853 -0.024910334252903493 0.043414938579334483 -0.032755224902543713 0.03568074931881423 -0.036225471406143871 0.0028496765509367504 0.05150625032828457 0.020973606619226228 -0.042414863254080754 0.030991572477464098 -0.053732420276111872 -0.009306270943223803 -0.017886751748479274 -0.045308233210449494 0.0053551521627390472 0.020176051066163308 -0.031422446171739581 0.024090814489513709 0.0020767079047973726 0.046140950492985916 -0.068862805764113202 -0.020271890582722534 0.035805725528717455 -0.0011164668177706357 0.023691449312033475 0.018343906141435853 -0.059557298853721158 -0.017040356323222924 0.041952823069113354 -0.0041548695070394593 0.043250265282298674 -0.03763473677741435 0.00065910975931161115 0.0604345472976116 -0.010390662092639653 -0.035172277020904856 0.0096233680879860822 -0.071500731225902212 0.010789166638862362 0.03166212350568038 -0.02655109897153636 0.020987675791436153 -0.034876757462621047 -0.031216953474247178 0.055291834705165854 -0.07537970093780838 0.035087105661850436 -0.044024657571550906 -0.021117567432901281 -0.0043799365390180429 0.039966429721809256 0.018052690914261319 -0.084669133034945651 -0.019032925793232354 -0.015474371517744188
leaf_weight=2186.7086316049099 882.61920854449272 1468.3247013986111 649.24913419783115 1406.6352754086256 601.60314035415649 23.061012804508209 142.98190742731094 64.42356188595295 62.40848633646965 174.09983536601067 15.956246972084044 1391.6315589994192 35.466062530875206 24.466711148619652 18.965856894850731 46.025217786431313 41.49524313211441 140.64782743155956 95.069332480430603 28.13482303917408 177.94659629464149 99.427594915032387 18.691346123814583 462.30335494875908 339.99164094030857 12.732000693678854 70.893688440322876 63.581656038761139 58.177901044487953 162.08839881420135 46.335633516311646 17.203616634011269 45.60650897026062 30.487035036087036 6454.6235035061836 72.270199671387672 37.621634006500244 36.299201518297195 20.720378860831261 13.90683478116989 72.865536853671074 27.182429432868958 17.701944932341576 22.945523992180824 36.393039867281914 30.913223847746849 63.805904239416122 515.53457191586494 36.441750034689903 13.223377645015715 30.907989665865898 1910.4317293018103 33.916110843420029 29.373957574367523 13.726284086704252 18.960565388202667 20.976734295487404 36.959919631481171 59.382808864116669 17.104810640215874 18.715692386031151 20.926751896739006 17.682831391692162 123.72890602052212 18.660575523972511 119.54632757604122 21.710140720009804 1421.5525527745485 51.650183528661728 731.77989248931408 173.04501435160637 255.32241447269917 24.435403928160667 474.57674992084503 28.218826934695244 152.5737336575985 217.28590430319309 131.33315235376358 18.452155098319054 153.9947397261858 22.211764425039291 18.978972807526588 1196.3675876110792 1311.2954942584038 55.93175120651722 20.222927659749985 1174.4417247921228 603.41106508672237 120.00548906624317 1492.8467880040407 13.723263040184973 13.734458357095717 44.387601554393768 73.105381831526756 65.376261308789253 14.732912272214888 1652.2093792110682 99.865835979580879 37.404607355594635 231.97253832221031 107.22537942230701 102.49885666370392 25.22387370467186 424.20662248134613 18.662702053785324 13.943799227476118 36.465975880622864 24.387001156806946 160.11581330001354 254.79541563987732 61.675775021314621 411.31340578198433 51.404577746987343 40.950138375163078 18.712561666965485 67.530889481306076 14.450568467378615 36.949111044406891 27.456893309950829 322.32190434634686 3976.468976855278 107.32280433177948 242.83316588401794 22.678182646632195 59.178563326597214 305.1783662289381
leaf_count=8755 3539 5883 2600 5645 2413 94 573 258 250 700 64 5572 142 98 77 185 167 566 381 113 716 399 75 1856 1364 51 284 255 233 651 186 69 183 122 25835 290 151 147 83 56 292 109 71 92 146 124 257 2066 146 53 124 7648 136 118 55 76 84 148 238 69 75 84 71 496 75 480 87 5694 207 2932 693 1023 98 1901 113 611 870 527 74 617 89 76 4790 5250 224 81 4710 2418 481 5975 55 55 178 293 262 59 6631 401 150 931 430 411 101 1698 75 56 146 98 643 1022 247 1648 206 164 75 271 58 148 110 1290 15916 430 973 91 237 1223
internal_value=3.88486e-07 -0.00427522 -8.34042e-05 0.0165961 -0.00145772 0.00995527 -0.019465 -0.0217126 -0.0238172 0.016028 -0.0305641 -0.00241346 -0.0284981 0.00232533 -0.029995 -0.00395457 -0.00618361 -0.0076065 -0.00240215 -0.0476436 0.014027 0.00177562 0.00562128 0.0274616 0.0245299 0.00874828 -0.00713715 0.0187941 -0.0302833 -0.0317029 0.00220501 0.00606113 0.0121233 -0.0337529 -0.00040959 0.0115545 0.0121668 0.00947289 -0.0400498 0.0105715 0.00512352 -0.0646067 0.043572 0.00705811 -0.0130747 0.0138557 0.0275693 -0.0159377 -0.0283172 0.00974123 0.000907344 -0.00999139 0.0171505 -0.0160954 0.0402789 -0.0292283 1.10269e-05 -0.0188245 0.0130419 -0.00663351 0.0230396 0.0263612 -0.0253343 -0.0329951 0.0441159 0.0269903 0.0223525 0.00026499 -0.0297815 -0.0332549 -0.0120689 -0.0361759 -0.0189425 -0.0197695 -0.0237847 -0.0129916 0.00952681 0.0285641 -0.0413102 -0.0125617 -0.0331616 0.0104694 -0.00154008 -0.01191 -0.00792436 -0.0454297 0.0254632 -0.0397474 -0.000788741 -0.00103254 -0.0268208 -0.0111854 0.00588274 0.0146202 -0.0273874 -0.0464765 0.0138234 -0.047536 0.0250376 0.0284249 0.0149376 0.0312571 0.00311847 0.0118276 0.0112987 0.0514391 0.00627254 -0.0318372 -0.0652497 0.0245638 -0.00109908 -0.010682 -0.0212699 0.00348665 0.00842718 0.0365217 -0.00202853 -0.0286785 0.00136101 -0.00364718 -0.00563492 0.00938929 0.0184367 -0.0319618 0.0107858 -0.00226925
internal_weight=40121 31902 25002.3 8219 23305.6 5101.2 6899.69 6254.56 5814.01 3550.94 3132.1 22430.5 2956.03 645.125 143.298 1550.26 1490.29 1467.23 1298.45 168.783 3376.84 1168.75 1069.32 3117.8 2637.8 1007.6 6681.16 1696.68 2824.18 2705.94 118.24 440.557 933.477 74.127 15749.3 501.826 3180.24 887.871 129.697 34.6272 429.556 189.271 480.005 851.571 214.948 636.623 2261.34 2681.9 574.655 131.85 43.64 4821.86 605.71 81.9528 60.0619 2516.67 118.627 83.1605 3118.23 286.574 875.114 2197.53 178.555 159.864 196.607 2176.61 523.757 1859.3 2497.71 1854.38 224.695 1629.68 279.758 643.333 580.925 3430.23 423.354 780.582 142.181 2107.25 176.207 916.102 13562.6 3277.66 1966.36 61.7182 2057.06 1349.92 12366.3 12246.3 552.706 269.469 131.227 117.493 138.242 746.513 3058.84 124.333 502.047 464.642 232.67 125.444 62.1838 897.123 52.5788 59.969 376.458 62.0086 176.072 856.399 1788.41 1931.04 462.718 358.93 317.98 86.2435 231.736 538.983 64.406 5791.64 4298.79 833.541 409.335 538.213 302.012 1726.73
internal_count=160737 127752 100101 32985 93305 20478 27651 25063 23298 14254 12552 89795 11845 2588 576 6224 5983 5889 5210 679 13554 4690 4291 12507 10580 4043 26753 6796 11317 10843 474 1765 3746 297 63042 2012 12763 3563 520 139 1722 760 1927 3416 862 2554 9070 10746 2303 528 175 19305 2430 329 241 10083 475 333 12514 1149 3510 8813 716 641 791 8729 2101 7448 10007 7430 900 6530 1121 2577 2327 13733 1696 3127 570 8443 706 3669 54287 13122 7872 248 8249 5409 49497 49016 2214 1080 526 471 554 2991 12276 499 2014 1864 933 503 249 3593 211 241 1510 249 707 3435 7164 7737 1854 1438 1274 346 928 2159 258 23181 17206 3338 1640 2157 1210 6917
is_linear=0
shrinkage=0.05


Tree=4
num_leaves=127
num_cat=0
split_feature=151 13 13 148 286 205 151 13 151 13 286 13 67 151 13 75 77 151 195 63 77 151 13 205 152 199 198 78 77 217 205 13 216 60 151 205 75 39 205 77 215 15 67 16 76 151 153 67 60 65 16 13 177 78 153 205 75 63 205 213 215 213 151 200 200 169 78 75 60 205 78 160 67 76 202 151 13 202 199 63 199 77 205 14 37 67 286 200 65 148 286 200 65 207 200 71 65 216 175 77 63 199 63 213 216 60 13 162 67 15 205 15 64 205 63 75 65 67 202 60 152 198 65 172 202 64
split_gain=1028.93 1748.57 932.213 430.702 355.887 246.212 206.554 289.138 158.552 143.936 123.589 111.891 92.5247 88.19 106.941 75.4811 66.6277 65.349 63.6989 61.6502 62.1152 59.5215 76.7451 59.3615 56.2451 54.6766 71.7091 58.7383 53.9742 53.3319 51.9762 50.7318 71.3734 65.0532 59.6267 49.6634 47.8963 47.2867 47.1872 45.3285 116.021 44.2069 42.6331 42.3243 41.9687 40.6041 40.087 39.9958 38.1966 52.8998 37.4641 37.6046 37.2115 36.1374 35.9433 35.7252 35.3699 35.2521 35.0198 39.0996 34.8161 34.5053 34.3949 34.6285 34.2939 33.9368 33.9228 33.8424 32.5342 32.1624 32.0132 35.1976 43.7692 39.7662 36.2188 31.7958 33.6013 31.7669 31.6683 31.5707 31.5403 31.4535 31.4449 31.4041 38.1378 31.3646 30.7757 30.2294 30.1132 29.7906 48.557 29.5143 47.7174 29.5066 29.0329 28.983 28.7529 28.4706 37.5419 31.4126 31.0894 28.1576 28.1142 29.2757 27.9919 27.9138 27.8371 27.3075 27.2473 27.2351 26.9355 26.3672 26.2713 25.9804 25.977 25.8251 25.6531 25.6388 25.1839 24.9525 31.3388 34.14 45.4674 28.7815 33.0697 24.8869
threshold=0.90000000596046459 0.90000000596046459 0.90000000596046459 0.62500000000000011 0.62500000000000011 0.60444998741149913 0.70000001788139354 0.70000001788139354 0.70000001788139354 0.70000001788139354 0.62500000000000011 0.70000001788139354 0.39835000038146978 0.70000001788139354 0.5000000149011613 0.25000000745058065 0.25000000745058065 0.30000000447034841 1.0000000180025095e-35 0.25257731229066854 0.41666667163372045 0.5000000149011613 0.5000000149011613 0.93884998559951793 1.0000000180025095e-35 0.29736842215061193 0.22156862914562228 0.75000000000000011 1.0000000180025095e-35 0.41666667163372045 0.69085001945495617 0.70000001788139354 0.25000000745058065 0.48627451062202459 0.70000001788139354 0.60124999284744274 1.0000000180025095e-35 1.0000000180025095e-35 0.51094999909400951 -0.41666667163372034 0.58333334326744091 0.5000000149011613 0.93874999880790722 1.0000000180025095e-35 1.0000000180025095e-35 0.5000000149011613 0.5000000149011613 0.47785000503063207 0.35490196943283087 0.25833334028720861 1.0000000180025095e-35 0.5000000149011613 1.0000000180025095e-35 1.0000000180025095e-35 0.5000000149011613 0.012550000101327898 0.75000000000000011 0.502577304840088 0.31140001118183142 0.25000000745058065 0.25000000745058065 0.25000000745058065 0.30000000447034841 0.39347825944423681 0.31086955964565283 1.0000000180025095e-35 0.25000000745058065 1.0000000180025095e-35 0.37058824300765997 0.63234999775886547 0.91666665673255932 1.0000000180025095e-35 0.75814998149871837 0.41666667163372045 0.37608696520328527 0.5000000149011613 0.30000000447034841 0.19782608747482303 0.41315789520740515 0.55154636502265941 0.56052634119987499 1.0000000180025095e-35 0.9377499818801881 1.0000000180025095e-35 1.0000000180025095e-35 0.26794999837875372 0.87500000000000011 0.7130434811115266 0.44166666269302374 0.62500000000000011 0.87500000000000011 0.36304347217082983 0.18888889253139499 1.0000000180025095e-35 0.35869564116001135 1.0000000180025095e-35 0.51944443583488475 1.0000000180025095e-35 1.0000000180025095e-35 -1.0000000180025095e-35 0.42525772750377661 0.52105262875556957 0.27061854302883154 0.41666667163372045 0.41666667163372045 0.32352942228317266 0.5000000149011613 1.0000000180025095e-35 0.45514999330043798 1.0000000180025095e-35 0.50744998455047619 0.5000000149011613 0.42826087772846227 0.17864999920129779 0.23711340129375461 0.25000000745058065 0.26388889551162725 0.047700000926852233 0.27608695626258856 0.32745099067687994 1.0000000180025095e-35 0.55686277151107799 0.63333332538604747 1.0000000180025095e-35 0.23695652186870578 0.58043476939201366
decision_type=2 2 2 2 2 2 2 2 2 2 2 2 2 2 2 2 2 2 2 2 2 2 2 2 2 2 2 2 2 2 2 2 2 2 2 2 2 2 2 2 2 2 2 2 2 2 2 2 2 2 2 2 2 2 2 2 2 2 2 2 2 2 2 2 2 2 2 2 2 2 2 2 2 2 2 2 2 2 2 2 2 2 2 2 2 2 2 2 2 2 2 2 2 2 2 2 2 2 2 2 2 2 2 2 2 2 2 2 2 2 2 2 2 2 2 2 2 2 2 2 2 2 2 2 2 2
left_child=1 3 9 4 6 24 7 21 46 41 15 50 115 14 53 16 31 54 25 91 39 22 60 113 28 27 -27 82 58 38 118 32 33 34 114 95 37 47 -28 -21 44 43 -33 106 61 -9 62 -10 -17 -50 51 -8 65 67 93 -49 70 -22 -4 85 81 83 -3 -64 -45 77 86 102 -39 -13 71 72 73 74 -40 104 -77 125 -46 -76 -69 110 108 84 87 -60 -19 97 -86 90 -79 92 -14 -16 -70 -11 -34 98 99 -41 -99 -93 -6 107 -18 -38 -2 -104 -12 -72 -1 119 -44 -15 -5 -7 -103 -47 -23 123 -121 122 -122 124 -57 -37
right_child=2 8 5 10 13 12 11 45 36 35 18 69 19 23 17 48 75 66 -20 20 57 30 -24 -25 -26 26 29 -29 -30 -31 -32 42 96 -35 -36 52 105 68 56 40 -42 -43 112 64 78 117 -48 55 49 -51 -52 -53 -54 -55 -56 111 -58 -59 59 -61 -62 -63 63 -65 -66 -67 -68 80 94 -71 109 -73 -74 -75 79 76 -78 89 -80 -81 -82 -83 -84 -85 88 -87 -88 -89 -90 -91 -92 101 -94 -95 -96 -97 -98 100 -100 -101 -102 116 103 -105 -106 -107 -108 -109 -110 -111 -112 -113 -114 -115 -116 -117 -118 -119 -120 120 121 -123 -124 -125 -126 -127
leaf_value=0.00696638140648086 0.068813952646923804 -0.077781043999180177 0.017385723106320236 -0.012271375718371376 -0.034012375456771569 -0.026193528944300583 0.036989368307377583 -0.033345164146017195 -0.042186177469993175 0.039872219258733549 -0.0046014486206702003 0.012352860922787584 0.061254464383972376 0.030000065707752391 -0.05100875946656707 0.048343251718996429 0.021264838008507019 -0.019262355364955974 0.048774287174435632 0.073185434515122674 0.073675289595229884 -0.0035095711628195976 -0.011627829766300481 -0.030587687840015577 0.034694008991845014 -0.049003377188058798 0.013494982577360967 0.085954350042039385 0.04336105984841724 -0.066989511599137838 0.0020243918536502637 -0.0063006444468686699 -0.0094950191337578871 0.044040595815782908 0.029324615174237113 0.0082399529316466054 0.023931970581342096 -0.019447321066115825 0.0039755798721326351 -0.058610815555637789 -0.078420038996863978 0.0032939295996007828 0.042729888100832239 -0.039428817635552713 -0.015097584848552737 -0.070093820128436388 -0.0074481588249120769 0.0237519377602659 0.059868301402773917 -0.00010175985026874499 -0.018501083349876348 0.018535429105280696 -0.012383056804366693 0.028433925962791391 0.028265745203233911 0.021288930458653529 0.059836807706539208 -0.0030970475578032163 -0.017814956487090371 -0.046857734197969472 -0.015079799778544418 -0.037157689768848534 -0.05524492148632492 -0.037833681191012422 0.037902034036939342 -0.044370394441980383 0.057410894280660263 -6.2469967987544979e-05 -0.010567547164478334 -0.0028409636078900458 -0.0083775611588429565 -0.03467971721142462 0.018054928830341901 0.061106369608256161 -0.034800012674788841 0.071605468453887725 0.032776507803212569 0.024264790325838628 0.055403886061958618 0.00734833062192735 0.064891635128819458 0.014724399133533834 -0.040398151208587828 -0.016513444051014809 0.056891697085172138 0.0089264903804282571 -0.036410883420217671 -0.065209770044222834 -0.00039354317406284584 0.036309077806001643 -0.025761100325352018 -0.061404414806723699 -0.024014310086208919 0.016879002189762755 0.076298369177197956 -0.02087533707583197 -0.076705464020365877 0.0090430523844409454 -0.030805646615685595 0.0067047063837914244 -0.048017761615515714 0.048754522823589441 -0.0057104178239117476 -0.050525086093329508 -0.056664247452514693 -0.019950482396142263 0.050025226797020018 -0.034397455849856019 0.048803463186406382 -0.085221376728442197 -0.00099485295627598771 -0.063544650421158339 -0.010339851641038549 0.0012934680728220475 0.011657881317966528 0.017359779835504293 -0.034634100933139671 -0.015584504653732246 0.020092959063050791 -0.038041935036099095 -0.030747978815161999 0.067579143368215647 0.064426547796416975 0.021538857650013982 -0.025502529983817565 -0.073773089381287724
leaf_weight=1236.5618403851986 268.90373708307743 109.85604539513588 674.76204358041286 122.65668179094791 148.39193469285965 645.04827423393726 374.08664067089558 521.23662196099758 613.17895828187466 803.24420933425426 45.180542185902596 538.0793100297451 20.373670265078545 94.224550977349281 397.24460372328758 276.16279999911785 152.29143962264061 981.31937548518181 66.607854023575783 20.078113988041878 44.000844970345497 132.94644732773304 1621.4153655469418 137.38499808311462 313.02176915109158 84.479765310883522 432.57116362452507 33.226256608963013 123.2020877301693 30.27595928311348 2010.7978604733944 519.34032525122166 41.959799110889435 204.96947242319584 518.49300649762154 31.601393684744835 65.463641598820686 58.44257478415966 176.02298560738564 18.724210560321808 48.798525139689445 47.717101112008095 81.155775085091591 20.723768189549446 22.210614919662476 21.980492994189262 55.054923713207245 33.680704161524773 53.126355469226837 119.45923842489719 55.496560454368591 1053.4873266071081 70.507006525993347 60.17217330634594 15.929067328572271 39.927165180444717 19.326882347464561 22.649378716945648 131.68135003745556 38.966457933187485 361.52742744982243 66.762659952044487 743.62481595575809 463.60847774147987 46.518415585160255 17.492039784789085 12.972556814551352 70.18622262775898 16.735370725393295 987.53381161391735 21.824920728802681 94.031352490186691 192.19361510872841 18.626571223139763 200.36617365479469 75.327733978629112 214.01109978556633 762.72473964095116 56.312864199280739 57.08708319067955 25.471987769007683 385.16891108453274 23.971382394433022 258.16986946761608 55.321474611759186 655.38399322330952 356.7479604780674 17.405157119035721 39.194050580263138 530.50328090786934 51.801135510206223 79.862217053771019 84.277344390749931 16.677723422646523 22.620863497257233 20.126718759536743 25.634463414549828 40.407738089561462 75.631817117333412 1090.6776861101389 58.331028446555138 12.472528591752051 807.45070216059685 43.785327240824699 12.466468155384062 81.176366552710533 738.66599015891552 92.455109938979149 50.668360158801079 24.445938661694527 7545.1129660159349 51.313010841608047 32.722702965140343 482.01642820239067 1505.2600198537111 35.932024911046028 35.398457616567612 1161.6695788353682 753.93785108625889 641.08743594586849 106.15763226151466 12.417417928576468 14.230900377035139 38.219627290964127 695.81508250534534 13.078180477023123
leaf_count=4947 1091 444 2703 491 594 2584 1501 2089 2460 3232 181 2153 82 377 1599 1109 612 3931 267 83 180 532 6489 550 1256 339 1733 136 496 122 8047 2078 168 822 2079 127 262 234 705 75 198 191 325 83 89 88 221 135 214 479 222 4222 283 241 64 160 78 91 527 156 1448 268 2996 1867 187 70 52 281 67 3951 88 377 771 75 803 304 860 3066 227 229 102 1543 96 1034 222 2626 1431 70 157 2134 208 322 338 67 91 81 103 162 303 4372 234 50 3232 176 50 325 2988 370 203 100 30184 206 131 1929 6027 144 142 4651 3017 2573 426 50 57 153 2790 53
internal_value=4.55129e-07 -0.00406287 0.0157871 0.000283276 -0.00278808 0.00153468 2.0265e-05 -0.00227257 -0.0356011 0.0357073 0.0127908 0.0120247 -0.00781884 -0.0168665 -0.0205921 0.0175034 0.0150323 -0.0284568 0.000926135 -0.00276691 0.000155906 8.73511e-05 -0.00157185 -0.00105388 0.0152874 -0.0011925 -0.0044006 0.0271319 0.0115468 -0.00142608 0.00647169 0.0123738 0.0156719 0.0171281 0.0145581 0.0285468 -0.0280818 -0.0298162 0.000179256 -0.00153638 -0.00234824 0.0503858 -0.000225435 0.0524764 -0.000284937 -0.0217173 -0.0492487 -0.0312982 0.0368114 0.0183586 0.0218043 0.0233712 0.0230637 -0.00936848 -0.0454371 -0.0272094 -0.00698559 0.0475862 0.00893509 0.00203201 0.000139342 -0.00191632 -0.050996 -0.0485586 0.014069 0.0248397 -0.0230543 -0.0112836 0.00421817 0.00251785 -0.00863161 -0.00610324 -0.00193267 -0.0104296 -0.0135035 0.0329015 0.0428854 0.0257108 0.0354623 -0.0254541 0.0172336 0.000739564 0.0108203 -0.000493706 0.00246956 0.00445247 -0.0238344 0.000241968 0.0331364 0.0270886 0.0210833 -0.0271003 -0.00741401 -0.0482734 0.0393606 0.0383873 -0.0349839 0.00112935 0.00327868 0.00560233 -0.0246663 -0.0432291 -0.0137815 -0.0106002 0.0153683 -0.000360295 0.0550396 -0.00865769 0.0236299 -0.0489759 0.000126181 -0.0282827 0.0274804 0.00598745 0.00985491 -0.0238954 -0.0129076 -0.0165967 0.0165549 -0.0271138 -0.0334624 -0.0113559 -0.0194976 -0.0207657 -0.0229633 -0.0157661
internal_weight=40100.7 31892 8208.67 28029.4 22503.5 4785.06 18761 15752.4 3862.61 3423.61 5525.94 3008.68 2848.04 3742.43 3028.8 3955.04 3506.29 1780.89 1570.91 2167.06 1934.68 14047.5 11149.8 713.626 1937.02 1504.3 1351.25 153.047 1624 1266.77 2897.68 3052.19 2418.97 2351.38 2146.41 2301.08 2490.47 2343.83 1236.5 1868.03 1847.95 1122.53 633.219 1074.81 1799.15 1704.89 1372.14 2246.03 448.748 172.586 1483.07 1427.57 1477.71 1247.91 429.851 1632.85 803.926 66.6502 1500.79 826.032 9528.37 1720.63 1317.09 1207.23 67.2422 1407.2 1351.04 1187.74 97.7988 1525.61 784.599 738.328 644.296 452.103 433.476 454.097 289.339 1389.71 78.5235 257.453 95.6582 9166.84 119.82 1653.86 1395.69 787.065 1338.07 1301.18 94.5155 1345.03 814.526 232.384 104.651 413.922 39.3562 823.371 67.5943 1283.77 1185.03 1109.4 98.7388 127.733 1092.08 943.691 164.758 146.64 1007.57 899.906 95.8489 46.2709 8781.67 1599.17 113.878 576.241 1627.92 680.98 47.871 1183.65 886.884 1547.86 773.893 132.806 120.389 773.962 735.742 44.6796
internal_count=160737 127752 32985 112235 90080 19191 75084 63035 15517 13794 22155 12049 11427 14996 12140 15852 14050 7144 6303 8699 7765 56207 44611 2856 7764 6036 5420 616 6508 5081 11596 12224 9690 9419 8597 9254 9989 9402 4959 7494 7411 4540 2534 4349 7213 6828 5528 9010 1802 693 5945 5723 5941 4996 1730 6550 3226 271 6012 3309 38122 6897 5307 4863 270 5658 5414 4755 392 6104 3148 2960 2583 1812 1737 1826 1164 5588 316 1032 383 36674 480 6629 5595 3153 5362 5216 379 5408 3274 934 420 1666 158 3313 271 5146 4750 4447 396 514 4372 3778 662 587 4079 3602 384 188 35131 6415 456 2306 6518 2728 192 4739 3549 6209 3106 533 483 3103 2950 180
is_linear=0
shrinkage=0.05


Tree=5
num_leaves=127
num_cat=0
split_feature=13 77 286 75 208 15 205 214 205 205 215 213 170 75 201 77 215 75 77 75 15 215 77 215 67 37 76 64 70 152 64 64 215 160 81 200 61 215 64 215 286 64 39 77 213 199 198 31 177 201 198 201 64 62 62 208 199 187 215 198 65 198 199 76 286 199 67 65 62 60 60 65 199 13 61 202 67 199 214 76 62 60 75 199 201 201 79 208 152 61 62 286 38 67 201 200 64 201 199 53 200 62 61 213 70 202 76 61 200 199 213 201 213 213 209 67 201 202 155 199 75 65 62 202 65 153
split_gain=903.499 317.689 332.936 200.612 184.296 171.99 169.716 127.221 126.329 106.025 106.98 103.182 89.951 86.722 84.8216 85.8835 104.318 83.8838 74.3974 73.8394 71.7358 66.3004 68.3428 57.3265 56.471 56.1611 55.1587 54.2173 52.5006 53.077 50.2834 50.0592 49.6827 49.4072 49.2897 49.0978 47.5496 47.4115 46.632 44.8142 45.3951 43.6957 42.7392 42.6857 41.9191 41.4569 40.713 39.4213 38.1714 43.786 42.1466 42.1145 37.889 53.9322 37.7606 37.5239 36.3649 36.3031 35.7651 35.6728 36.0944 34.9983 45.8572 36.3251 34.7912 33.996 33.4939 51.42 33.4514 33.1074 33.8852 42.3843 32.8352 32.7395 32.5858 32.5425 32.5072 34.1066 32.755 32.76 31.927 31.2723 31.1176 31.003 37.9816 38.1194 36.3909 37.3195 31.8979 42.7014 45.8706 37.6647 31.3857 30.9743 30.873 33.0721 43.0235 30.4637 29.7555 29.0616 28.6539 28.57 41.7937 28.5354 28.1572 29.3048 27.9293 27.7682 27.5425 27.4393 27.3363 27.2797 27.1743 27.1275 27.104 27.0369 26.6009 27.2129 47.5058 30.9452 27.4052 26.5453 26.5135 26.4401 25.9517 25.9307
threshold=0.90000000596046459 0.25000000745058065 0.62500000000000011 1.0000000180025095e-35 1.0000000180025095e-35 0.5000000149011613 0.60444998741149913 0.41666667163372045 0.51094999909400951 0.47765000164508825 0.25000000745058065 0.25000000745058065 1.0000000180025095e-35 1.0000000180025095e-35 0.25257731229066854 0.25000000745058065 0.58333334326744091 0.25000000745058065 1.0000000180025095e-35 1.0000000180025095e-35 1.0000000180025095e-35 0.41666667163372045 0.58333334326744091 -0.41666667163372034 0.35424999892711645 1.0000000180025095e-35 0.25000000745058065 0.54782608151435863 1.0000000180025095e-35 1.0000000180025095e-35 0.6347826123237611 0.46739129722118383 0.25000000745058065 1.0000000180025095e-35 1.0000000180025095e-35 0.7130434811115266 0.53947368264198314 -1.0000000180025095e-35 0.56304347515106212 0.25000000745058065 0.37500000000000006 0.60434782505035411 1.0000000180025095e-35 -0.25000000745058054 0.41666667163372045 0.36578947305679327 0.23137255012989047 1.0000000180025095e-35 1.0000000180025095e-35 0.4097938090562821 0.5000000149011613 0.30670101940631872 0.48695652186870581 0.35217390954494482 0.33695651590824133 1.0000000180025095e-35 0.31052631139755255 1.0000000180025095e-35 0.41666667163372045 0.35882353782653814 0.13333333656191829 0.22549019753932956 0.36578947305679327 0.25000000745058065 0.37500000000000006 0.38157895207405096 0.52525001764297496 0.56388887763023388 0.7130434811115266 0.55686277151107799 0.43333333730697637 0.47499999403953558 0.32368420064449316 0.70000001788139354 0.48157894611358648 0.28043477237224584 0.99915000796318065 0.49473683536052709 0.25000000745058065 0.58333334326744091 0.38913042843341833 0.99019607901573192 0.75000000000000011 0.49473683536052709 0.4097938090562821 0.27061854302883154 -1.0000000180025095e-35 1.0000000180025095e-35 1.0000000180025095e-35 0.48157894611358648 0.34565217792987829 0.62500000000000011 1.0000000180025095e-35 0.73105001449584972 0.44072164595127111 0.20217391103506091 0.34565217792987829 0.62113401293754589 0.41842105984687811 1.0000000180025095e-35 0.38913042843341833 0.37826086580753332 0.54999998211860668 1.0000000180025095e-35 1.0000000180025095e-35 0.55434781312942516 0.41666667163372045 0.70789471268653881 0.37173913419246679 0.50263157486915599 0.25000000745058065 0.38402061164379125 0.25000000745058065 -1.0000000180025095e-35 1.0000000180025095e-35 0.92624998092651378 0.5695876181125642 0.36739130318164831 1.0000000180025095e-35 0.28157894313335424 -1.0000000180025095e-35 0.61388888955116283 0.45869565010070806 0.35869564116001135 0.46944443881511694 1.0000000180025095e-35
decision_type=2 2 2 2 2 2 2 2 2 2 2 2 2 2 2 2 2 2 2 2 2 2 2 2 2 2 2 2 2 2 2 2 2 2 2 2 2 2 2 2 2 2 2 2 2 2 2 2 2 2 2 2 2 2 2 2 2 2 2 2 2 2 2 2 2 2 2 2 2 2 2 2 2 2 2 2 2 2 2 2 2 2 2 2 2 2 2 2 2 2 2 2 2 2 2 2 2 2 2 2 2 2 2 2 2 2 2 2 2 2 2 2 2 2 2 2 2 2 2 2 2 2 2 2 2 2
left_child=1 2 3 4 8 21 18 9 64 55 17 13 125 14 35 16 24 33 19 32 36 22 104 -17 -16 68 80 42 29 39 31 56 38 34 48 43 58 -6 44 73 -41 -40 -23 -8 47 -9 -19 66 49 51 57 112 99 -54 -7 103 -25 59 -14 60 -51 -53 101 65 -1 -64 67 -2 81 70 71 109 -39 76 -27 -72 77 -10 79 -79 -5 83 -47 84 85 -26 87 -85 91 90 -90 -87 -88 -76 95 96 -35 -18 -52 113 -44 102 -63 -4 105 107 -15 -3 -57 -45 116 -20 -11 -31 -75 -115 117 119 120 -62 -119 -93 -121 -61 -58 -12
right_child=6 5 7 26 37 54 11 45 28 10 12 -13 20 106 15 23 97 46 111 -21 -22 27 -24 30 25 74 -28 -29 -30 52 -32 -33 -34 94 -36 -37 -38 72 41 40 -42 -43 100 69 -46 82 -48 -49 -50 50 98 61 53 -55 -56 108 124 -59 -60 123 110 62 63 -65 -66 -67 -68 -69 -70 -71 75 -73 -74 114 93 -77 -78 78 -80 -81 -82 -83 -84 86 -86 88 92 -89 89 -91 -92 121 -94 -95 -96 -97 -98 -99 -100 -101 -102 -103 -104 -105 -106 -107 -108 -109 -110 -111 -112 -113 -114 115 -116 -117 -118 118 -120 122 -122 -123 -124 -125 -126 -127
leaf_value=0.015584427578078493 -0.023187041786922213 0.026706552465866281 0.003861700086918093 0.026360282712646732 -0.043201905398555188 0.0085302059413343359 0.07639798161250623 0.01477078938879119 0.0014727948101192663 -0.0016627105915767862 -0.045869966691986626 -0.052586151779752045 -0.0066138098443530753 0.0027031667504111736 -0.035694156438652834 -0.082387283871073649 -0.077150131341723202 -0.040923369617405732 -0.0039092236878939413 0.027684342716596658 -0.082231954028433057 0.025103503320897693 0.05186856742868258 -0.050740813976560634 0.013657135735173768 0.027182234154315338 0.046398942080387862 -0.070148910731517633 -0.016094115465469881 0.068992056275917854 -0.073884237748905471 0.048848346196392271 -0.031159141548753447 -0.062984079726030151 0.064446256380750397 -0.062454118209688152 -0.038314721177763224 -2.3857842109424922e-05 0.034012366911724372 0.0046821743097094463 -0.025103687703666024 -0.012535647848900773 -0.098375819896950878 0.031413265100768896 -0.052372638190747715 -0.051786929353895776 0.036731549945642865 0.045880271727548216 0.018741023252572129 0.065166200993889756 -0.091345709708838874 -0.059184828343652476 0.029313982494878345 -0.025000918210757724 -0.086320643961652982 0.0059407022140577671 0.03945217954223313 -0.053199920671476511 0.064697803234597631 -0.0047188962371441396 0.076821777520725623 -0.04279987524999479 0.039202006114972418 0.071414293536153584 0.0065120354143800244 -0.018951421254167815 -0.0050742979023100558 0.0057355704498598115 0.038097223350235805 -0.056634522993258433 -0.01685382657210922 -0.02177824340421184 0.030521713462833874 -0.0039847303216459891 0.02692560875893887 0.074394553015911871 0.0001250541529290311 0.009489998045678608 -0.034209823640935243 0.062659246176840031 0.010845767371336162 0.039040948601475056 0.021735865007997016 -0.017094649404972555 -0.02213236192848618 -0.033299625253472152 -0.016137655072781452 0.085774935242677375 -0.055704136030650477 -0.052911589550440889 0.061083843548645482 -0.072486394772083199 -0.052246858130955726 -0.038772097637597987 0.0023896957422945295 -0.045477777900761393 0.02253991693299294 -0.010848616256745148 -0.020627394847518653 -0.042859765329399523 0.0068206638171837072 -0.065389625725774503 0.040872003699529251 -0.011694038632278199 -0.0048892617097404077 0.055611844566846126 0.057667528340531654 -0.034543348421475085 0.045970524708014514 -0.010517471134246295 -0.049425864904618734 0.0319612393330009 -0.0457689224263313 0.02020502190418946 0.040336076085844559 0.0058863361180551271 -0.019567877925101635 -0.068192286270383956 0.08053606457586443 -0.0020124657257190076 -0.0080365795586049699 -0.010789783568026531 0.040710583526707089 0.025508905298315773 -0.0077863867857940541 0.014015294319506233
leaf_weight=2068.0073301792145 713.12526308000088 873.32854060828686 1447.6999104321003 699.13951607048512 24.447132304310799 14.187853991985319 20.306669950485229 30.055777817964554 2777.4296045601368 413.74578881263733 399.35011857748032 234.29010161757469 26.38352532684803 278.18834914267063 692.77954836189747 17.456905990839005 116.35898514091969 19.188787892460823 77.455997154116631 139.60035227239132 19.649644806981087 102.7546139061451 335.77715268731117 28.465127244591713 31.866158232092857 96.021540775895119 213.15774093568325 24.768257036805153 422.63885356485844 22.436298832297325 16.149762943387032 81.517502531409264 243.75874298810959 21.701302364468575 23.629350081086159 28.242773368954659 24.903079941868782 98.252129226922989 124.05460557341576 211.16750934720039 324.46650876104832 84.935541912913322 13.193862780928614 107.49274598062038 55.631879821419716 237.89150734245777 140.1929626762867 32.892163515090942 125.22587624192238 17.966724693775177 19.68970499932766 68.494083166122437 65.011028870940208 153.89017455279827 40.290727868676186 89.707593947649002 50.325457990169525 31.67708095908165 52.707739025354385 110.42029638588428 18.964498043060303 64.044148936867714 27.109372302889824 12.660894006490706 2160.9683557748795 344.44066770374775 1708.1224879324436 195.88416054844856 23.309020683169365 22.645274356007576 14.195699974894522 130.18619912862778 841.51090840995312 2827.25058183074 27.387027651071548 31.348613381385803 6519.155879586935 2608.1480829566717 42.415747418999672 29.296375706791878 630.79328110814095 20.797695845365524 15.318046316504477 17.933005779981613 1117.380336523056 184.09659962356091 1141.3463367819786 17.343289434909821 12.414360821247099 35.037706732749939 26.050855189561844 156.83551417291164 63.527317583560944 52.014730781316757 67.568851858377457 202.82414929568768 45.61399918794632 20.355963602662086 60.823552906513214 22.472235932946205 12.708154410123823 77.972800955176353 19.458688333630562 370.19820794463158 69.127555400133133 88.255344346165657 25.206097960472107 18.905068203806877 82.480164185166359 61.247494354844093 35.405584990978241 167.89597374200821 38.141260102391243 709.24438175559044 34.921201705932617 616.02475440502167 204.12803456187248 20.440544232726097 14.444333955645559 132.31575074791908 256.70478224754333 19.614762231707573 50.051636829972267 209.77840557694435 68.853128165006638 18.933508589863777
leaf_count=8291 2863 3516 5808 2807 98 57 85 121 11129 1660 1606 945 106 1117 2782 72 474 77 312 561 81 414 1360 115 128 386 860 100 1694 90 65 332 981 87 95 114 100 394 499 847 1302 341 53 432 224 960 564 132 502 72 79 275 261 617 163 360 203 127 213 443 76 257 109 51 8665 1382 6863 786 94 91 57 523 3376 11337 110 126 26097 10451 170 118 2531 84 62 72 4491 739 4584 70 50 141 105 632 255 209 271 814 183 82 244 90 51 313 78 1486 278 355 102 76 331 246 142 677 153 2845 140 2469 819 82 58 531 1030 79 201 842 277 76
internal_value=5.32906e-07 0.00393607 0.00277426 0.00534418 0.00415216 0.0256893 -0.0143273 -0.00808233 0.00319809 -0.00637722 -0.0116954 -0.0201777 -0.032084 -0.0186135 -0.020339 -0.0225032 -0.0243802 -0.00787854 -0.00592554 -0.00790165 0.00538317 0.0287803 0.0322341 0.00515871 -0.0228103 -0.0198771 0.0227862 -0.00240668 0.00131287 0.00174656 0.0113887 0.0173982 -0.00947453 -0.00993303 -0.00741116 0.0011914 0.021938 0.0255399 -0.007661 0.000847389 -0.013361 0.0150948 0.0106347 0.0058311 -0.0094187 -0.040749 0.0273823 -0.00851697 -0.00812635 -0.00962243 -0.0029989 -0.0169713 0.010446 -0.00887004 -0.0616186 0.00280694 3.37853e-05 -0.000448094 0.0409094 0.00111271 -0.0048491 -0.0254956 -0.021267 -0.0118704 0.0109485 -0.0147084 -0.00920064 -0.0169545 -0.0215572 0.00192776 0.00577761 -0.000343554 0.0273282 0.00136027 0.00758606 0.0459534 0.00250841 0.00535551 0.00937958 0.0100806 0.0190017 -0.0220461 -0.0473391 -0.022496 -0.027133 -0.0391259 -0.016576 0.0334803 -0.043001 -0.0129811 0.0233914 -0.049121 -0.0180415 -0.0161118 -0.0278383 -0.0353991 -0.00503156 -0.0672783 -0.0379217 0.013532 -0.0467639 -0.043625 -0.0233018 0.000693917 0.0259529 0.0281274 0.00726962 0.0254088 0.0251155 0.0161937 -0.00656654 0.0206372 -0.00538547 0.0144723 -0.00344397 0.0135493 -0.00438956 0.00189606 -0.00786594 0.0160344 -0.0124733 -0.065628 0.00971309 0.0150849 0.012161 -0.0431593
internal_weight=40057.6 31425.6 29832.3 24122.2 22579.2 1593.3 8631.95 5710.1 21614.9 5426.84 3436.75 5088.59 541.928 4854.3 4550.9 4135.24 3872.47 2894.82 3543.36 3298.01 123.644 1538.82 1385.39 262.768 3735.76 3042.98 1543.09 153.425 17386 16963.3 245.311 229.161 3158.4 2735.44 2397.73 415.665 103.994 964.21 2914.65 15374.3 535.634 208.99 128.657 387.423 2705.66 283.265 159.382 2650.02 2374.1 2248.88 1182.81 1066.07 1589.08 218.901 54.4786 1990.09 147.644 1102.3 79.0913 1070.62 750.422 614.181 545.687 384.211 4228.98 371.55 2617.13 909.009 2867.55 367.116 344.471 298.926 939.763 14838.6 175.423 45.5443 11976.4 5457.29 2679.86 2637.44 1329.93 2844.24 253.21 2823.45 1583.3 465.916 1240.15 35.2763 434.05 73.5029 38.4652 360.547 1204.87 79.4018 337.708 270.139 67.3153 136.715 80.5133 1370.18 25.902 161.476 83.5028 1817.9 1049.62 980.489 303.394 892.234 172.188 168.74 732.455 245.352 451.887 1347.71 2862.17 1325.27 697.05 492.922 291.59 201.332 277.145 176.45 182.367 320.199 119.179 418.284
internal_count=160737 126029 119606 96679 90481 6423 34708 22927 86613 21784 13799 20469 2182 19524 18305 16631 15567 11617 14239 13250 500 6203 5585 1064 15011 12229 6198 618 69657 67963 992 927 12689 10976 9621 1674 419 3868 11708 61591 2149 840 518 1560 10868 1143 641 10644 9526 9024 4746 4278 6372 878 220 7985 595 4423 319 4296 3011 2465 2190 1542 16956 1491 10512 3649 11524 1475 1384 1201 3770 59442 705 183 47965 21868 10739 10569 5338 11430 1022 11346 6365 1874 4981 142 1746 296 155 1450 4839 319 1355 1084 270 556 323 5494 104 648 335 7294 4225 3947 1219 3592 691 678 2939 989 1813 5404 11477 5314 2797 1978 1170 808 1112 711 732 1285 480 1682
is_linear=0
shrinkage=0.05


Tree=6
num_leaves=127
num_cat=0
split_feature=13 148 286 205 286 148 213 205 214 75 201 77 215 205 205 75 215 213 61 60 76 148 148 286 70 70 75 203 170 37 148 217 62 67 75 61 61 215 77 77 62 60 171 286 186 152 78 201 203 63 200 78 67 148 63 199 61 63 63 62 79 60 152 63 203 162 160 62 148 61 148 101 63 65 22 63 28 201 187 54 39 65 65 214 77 215 160 79 176 187 213 199 70 148 203 65 203 64 286 77 200 77 62 152 198 65 198 60 202 213 25 22 214 286 201 198 201 203 198 203 112 14 62 215 286 64
split_gain=816.379 669.505 311.246 153.742 110.257 95.2439 93.8888 91.1995 90.5227 78.452 76.6743 78.215 91.5119 75.0473 74.4668 69.5702 65.4894 63.8883 62.1545 91.104 62.6072 59.0244 57.0817 56.9209 54.8689 53.1235 55.7266 55.2148 51.6988 51.3446 51.213 50.7985 49.4784 48.7457 47.3104 59.3023 45.9886 45.3588 46.9284 44.9186 41.6141 41.1373 40.6316 49.2323 40.0657 40.0738 40.2869 39.5335 39.4867 39.2183 42.5059 38.3541 38.2834 36.5919 36.5134 35.9975 34.1118 33.6076 32.7948 32.7049 32.6148 32.0383 33.3869 31.8946 31.7513 31.7067 31.1451 30.4173 30.3855 29.746 29.4673 30.5861 30.81 29.3719 29.3282 29.0363 28.8421 28.7529 28.3839 39.6415 28.0486 30.2264 27.8735 35.8199 30.8452 29.4971 27.9088 27.7556 40.6684 27.7115 29.1386 31.0494 27.6627 27.5467 27.0247 28.8773 28.8083 26.9323 26.684 26.3458 25.7152 25.7019 25.5471 25.2292 25.1502 29.6417 25.1496 25.1051 24.9977 24.9128 24.8309 24.5149 26.9234 24.3684 24.1093 34.8283 41.003 31.2985 28.2067 24.0584 23.818 37.999 27.3563 23.7396 28.8891 23.6652
threshold=0.90000000596046459 0.62500000000000011 0.62500000000000011 0.60444998741149913 0.37500000000000006 0.62500000000000011 0.25000000745058065 0.50405001640319835 0.41666667163372045 1.0000000180025095e-35 0.25257731229066854 1.0000000180025095e-35 0.58333334326744091 0.45665000379085546 0.57394999265670787 0.25000000745058065 0.25000000745058065 0.41666667163372045 0.26842105388641363 0.19803921878337863 1.0000000180025095e-35 1.0000000180025095e-35 0.62500000000000011 1.0000000180025095e-35 1.0000000180025095e-35 1.0000000180025095e-35 0.75000000000000011 0.50833335518836986 1.0000000180025095e-35 1.0000000180025095e-35 0.87500000000000011 0.41666667163372045 0.7130434811115266 0.60025000572204601 1.0000000180025095e-35 0.36578947305679327 0.46052631735801702 -0.41666667163372034 0.91666665673255932 0.25000000745058065 0.37173913419246679 0.47450980544090277 1.0000000180025095e-35 0.87500000000000011 1.0000000180025095e-35 1.0000000180025095e-35 0.25000000745058065 0.52577319741249096 0.26388889551162725 0.37886597216129309 0.49782608449459081 0.25000000745058065 0.66154998540878307 1.0000000180025095e-35 0.55927833914756786 0.28157894313335424 0.69999998807907116 0.51030924916267406 0.23711340129375461 0.51739129424095165 1.0000000180025095e-35 0.32745099067687994 1.0000000180025095e-35 0.4097938090562821 0.40277777612209326 1.0000000180025095e-35 1.0000000180025095e-35 0.25652173161506658 0.62500000000000011 0.31052631139755255 0.37500000000000006 1.0000000180025095e-35 0.16494844853878024 0.35833333432674414 1.0000000180025095e-35 0.502577304840088 1.0000000180025095e-35 0.62113401293754589 1.0000000180025095e-35 1.0000000180025095e-35 1.0000000180025095e-35 0.69166666269302379 0.36388888955116278 0.58333334326744091 -1.0000000180025095e-35 1.0000000180025095e-35 1.0000000180025095e-35 -1.0000000180025095e-35 1.0000000180025095e-35 1.0000000180025095e-35 1.0000000180025095e-35 0.41315789520740515 1.0000000180025095e-35 1.0000000180025095e-35 0.38333334028720861 0.28055556118488317 0.29722222685813909 0.38913042843341833 0.62500000000000011 0.41666667163372045 0.20217391103506091 0.25000000745058065 0.32391305267810827 1.0000000180025095e-35 0.4294117689132691 0.35833333432674414 0.34313726425170904 0.3980392217636109 0.42391304671764379 1.0000000180025095e-35 1.0000000180025095e-35 1.0000000180025095e-35 0.91666665673255932 0.37500000000000006 0.27061854302883154 0.48627451062202459 0.38402061164379125 0.38333334028720861 0.29215687513351446 0.66388890147209179 1.0000000180025095e-35 1.0000000180025095e-35 0.38913042843341833 0.25000000745058065 0.37500000000000006 0.46739129722118383
decision_type=2 2 2 2 2 2 2 2 2 2 2 2 2 2 2 2 2 2 2 2 2 2 2 2 2 2 2 2 2 2 2 2 2 2 2 2 2 2 2 2 2 2 2 2 2 2 2 2 2 2 2 2 2 2 2 2 2 2 2 2 2 2 2 2 2 2 2 2 2 2 2 2 2 2 2 2 2 2 2 2 2 2 2 2 2 2 2 2 2 2 2 2 2 2 2 2 2 2 2 2 2 2 2 2 2 2 2 2 2 2 2 2 2 2 2 2 2 2 2 2 2 2 2 2 2 2
left_child=1 2 7 5 15 17 9 53 14 10 22 12 29 111 51 39 66 61 20 47 65 23 48 -9 70 26 27 28 31 32 -31 42 33 -12 35 94 49 -13 59 41 73 58 43 82 45 46 104 -20 -5 -24 -51 93 -30 -1 68 -10 -17 -50 -3 92 74 80 -63 67 101 109 89 -60 76 -26 -23 72 -72 -27 120 -40 -11 -14 79 -45 81 -2 83 -21 -84 86 -86 88 -35 90 91 114 97 -4 96 108 102 -39 -89 -74 -88 -42 -7 -65 -29 -106 -92 119 -96 -15 -41 112 -6 -55 -16 116 117 -116 -119 -8 -37 122 -122 -25 -125 -18
right_child=3 4 8 6 13 34 107 21 55 54 11 37 77 18 16 56 125 -19 19 25 -22 24 36 123 69 40 -28 44 52 30 -32 -33 -34 87 -36 60 -38 38 75 110 64 -43 -44 78 -46 -47 -48 -49 57 50 -52 -53 -54 113 -56 -57 -58 -59 63 -61 -62 62 -64 103 -66 -67 -68 -69 -70 -71 71 -73 99 -75 -76 -77 -78 -79 -80 -81 -82 -83 84 -85 85 -87 100 98 -90 -91 106 -93 -94 -95 95 -97 -98 -99 -100 -101 -102 -103 -104 -105 105 -107 -108 -109 -110 -111 -112 -113 -114 -115 115 -117 -118 118 -120 -121 121 -123 -124 124 -126 -127
leaf_value=0.001859439807387884 -0.0082662878190410283 -0.0054295641436697423 -0.016403150742982483 -0.042177763172329186 0.020800998376388016 -0.0086486516700959165 -0.045554537634869365 0.00140347577656387 0.025565433138332441 -0.014258107546269622 -0.032307177788681488 -0.079554581471811575 -0.074189976369561345 0.0092634038639029682 0.013789957297577092 0.049095921518819224 -0.044404041004614793 -0.068103593218238181 0.062457718411537057 0.016975642590763371 -0.074083760215236577 0.0010475548426389549 0.077604946093392857 -0.0090995791102695036 0.03262384797263234 0.039570165843263116 0.06842932628921998 0.019637069795863049 0.0027019849165904001 -0.0084326777557373316 0.061125528896520891 -0.068776992515562865 0.040011448487152046 -0.014298203569470244 0.042096070249679179 -0.013692608324104683 -0.014262332302902334 -0.015772046494752046 0.075757039157528336 0.041198975430088963 -0.028390773466401883 0.040737544899305714 0.040689203607029475 -0.022790169276975778 -0.043104484111542066 0.057674386027234875 0.065808608303641075 -0.015461316164024581 0.015381828310900153 0.040363566164875901 -0.061717094410867646 0.05969850520413858 0.053909812667551828 0.017712018610449607 -0.035296231870329355 -0.054328200666119354 0.0033178209887939278 -0.030083364257380826 -0.027253397893528594 -0.058244360504662973 0.042079485172486018 -0.020071077089455547 0.0031602595930148693 0.010720987761463463 -0.061054686620427484 -0.054605293768113128 -0.031127152655986923 0.028041497997671513 0.030459662703869503 -0.021403258702657014 -0.028382771222923882 -0.044314869523883048 0.006361506443228704 -0.014367024919308106 0.0236719627321096 -0.0049571685081585496 0.051619549589083984 -0.0092705570770493205 -0.086896394837499502 0.064075216268906152 0.034416638812840399 0.021912237430266549 0.062023986916204234 -0.06319635113666161 0.004427150264032364 -0.02991308525185157 0.025133505721073965 -0.016946546595595174 0.078481066989260384 -0.044263889316558995 -0.044089272391662014 0.00038077630163056795 -0.048311468312706364 -0.0013411417733240432 0.025574330292515546 0.044144536295679049 -0.027173234248022968 0.017286866331016712 -0.029188910953875755 0.035126838259691935 -0.053878762862452682 0.048482549820611072 0.055018220641802278 0.033327604142941968 -0.061970849146226553 0.0097592543478598366 -0.0081515393032537322 -0.074712477693207976 -0.057867471553039222 -0.063809187665565273 -0.0044086956687885938 0.042837048018376012 -0.053439963019826835 0.0080923811243807462 -0.052314660517774086 -0.084551367503438779 -0.0045296250331790999 -0.048182724135692238 0.0066059832815702525 0.019685652142658359 -0.013066334997429908 -0.059305230211577534 0.050762166603797426 0.0085182053164342929 -0.049559110531775315 -0.014598710967176796
leaf_weight=1125.41629563272 1108.175682798028 152.52174520492554 385.82939133048058 80.573645532131195 986.01146015524864 30.099949896335602 145.46167813241482 2078.3841911107302 15.42799301445484 104.59351518750191 1194.927740290761 17.181475669145584 112.85290557146072 142.41163755953312 63.79110948741436 354.77461819350719 268.6901762932539 48.423389077186584 107.98198942840099 413.77715963125229 40.741309210658073 7255.5543693602085 47.718020811676979 1919.2003403753042 27.684516251087189 42.0162373483181 39.650610089302063 354.34614895284176 64.54985012114048 180.09180593490601 31.020053297281265 25.885635852813721 30.272253483533859 36.579514294862747 85.485950589179993 552.52969850599766 49.538444891571999 94.128674924373627 33.167067930102348 353.10498668253422 44.74926333129406 197.95881049335003 64.402315571904182 187.33844523131847 22.694267854094505 78.756458505988121 41.931198999285698 19.16833408176899 119.36784842610359 42.572994887828827 13.409795686602591 23.52875941991806 83.988849997520447 1245.0651872307062 43.836661249399185 163.6690406948328 45.966336354613304 61.632956475019455 25.687369972467422 25.102819576859474 36.440193295478821 933.5990673750639 185.36251085996628 1042.8590439110994 61.380691289901733 27.915618121623993 219.860346570611 782.38898326456547 135.07818140089512 319.483826354146 62.86691614985466 29.924110695719719 4684.275930583477 63.21602326631546 72.7467200756073 16.779528617858887 19.752270951867104 20.092415913939476 15.509388014674185 14.124199464917181 44.507113710045815 89.68688203394413 18.145223587751389 14.41764087975025 469.37670077383518 93.954035192728043 13.862776577472685 1477.5961428135633 17.443672060966492 60.169390916824341 106.05790919065475 682.97701592743397 25.79246361553669 1423.6311586946249 25.153456941246986 146.92350874841213 46.512347027659416 178.31882390379906 636.98520208895206 80.975949391722679 40.043003842234612 14.362989395856856 33.0644710958004 139.9821640253067 21.660594210028648 42.982719242572784 89.987784773111343 72.10846982896328 13.955799788236616 12.704723447561262 32.599169909954071 131.6390890032053 12.365020751953123 1397.0261352360249 106.34329059720039 19.371993139386177 303.23343805968761 37.075904875993729 64.115280032157898 15.651595264673231 25.641216292977333 14.684472665190695 48.612527161836624 29.696556374430656 76.755137726664543 88.54539056122303
leaf_count=4509 4454 612 1549 325 3964 121 589 8319 62 420 4807 72 465 573 256 1437 1083 196 436 1663 168 29060 197 7687 111 169 162 1424 260 724 125 105 122 147 344 2219 199 379 138 1433 180 797 259 754 91 317 170 77 480 171 54 95 343 4995 176 663 185 248 103 101 147 3754 746 4188 247 113 883 3143 543 1280 252 120 18780 254 292 68 80 81 64 57 179 360 73 58 1886 378 56 5937 71 242 426 2740 104 5711 101 592 187 719 2571 326 161 58 133 563 87 173 361 293 56 51 132 530 50 5602 428 78 1217 149 257 63 103 59 196 119 308 357
internal_value=4.08784e-07 0.00374118 -0.000152014 -0.0136287 0.0174283 -0.00563221 -0.0192039 0.0023879 -0.0126795 -0.0177127 -0.0193563 -0.0214153 -0.0236397 0.0117381 -0.0111005 0.0243924 -0.0175043 -0.0112517 0.00720738 0.00948963 -0.0180275 0.000790889 0.00113535 -0.00440978 0.00250377 0.00725654 0.00971026 0.00859185 0.00363777 -0.0221373 0.00178797 0.000601748 -0.0236256 -0.0241983 0.0063319 0.00341004 0.0253682 -0.000121911 0.00353415 0.0215339 -0.0158039 0.0189294 0.00193705 -1.1905e-05 0.0219764 0.0247132 0.0190812 0.0507112 -0.0130611 0.0442999 0.0159118 -0.00372805 0.0316566 0.00940954 0.00690978 -0.0474459 0.043845 -9.9618e-05 0.0169153 -0.0034335 -0.00406093 -0.0100858 -0.0162227 0.0186271 -0.0358668 -0.00554986 -0.013528 0.0262838 0.0140416 -0.0170949 0.00306545 0.00607921 0.00639155 0.00716856 -0.00641508 0.0486412 -0.00379347 -0.0643785 -0.0217179 -0.0167002 -0.00455861 -0.00600675 0.00441616 0.0142762 -0.00222868 -0.00411755 0.000513974 -0.0197302 0.0156595 -0.0110042 -0.00964556 -0.00689001 0.00117992 -0.0045528 0.022375 0.0339809 0.00268912 0.00586525 -0.0206344 0.00685032 -0.0335594 -0.00971223 0.0246788 0.0133963 0.0144048 -0.014276 -0.0275933 -0.0501914 -0.00420115 0.00327843 0.0373443 0.0225557 0.0198815 0.0126256 -0.0152509 -0.0187453 -0.0162495 -0.0333737 -0.0134683 -0.0392167 -0.00982715 0.0141871 0.028721 -0.0103744 -0.0333574 -0.0370164
internal_weight=40031.8 31410.5 24454.6 8621.23 6955.9 3541.6 5079.63 20332.3 4122.31 4846.41 4543.15 4128.33 3737.86 3828.06 3943.21 3127.84 2110.22 2409.75 2698.05 2474.27 223.773 16564.8 414.814 4104.04 12460.8 2347.12 2121.4 2081.75 1519.38 3604.92 211.112 1370.84 3393.8 3363.53 1131.85 1046.36 153.239 390.471 373.289 2727.1 225.725 2341.4 1344.95 1280.55 562.371 539.677 460.921 127.15 261.574 103.701 55.9828 1832.99 148.539 3767.51 303.261 179.097 400.741 181.001 2143.44 323.343 750.655 2361.33 1118.96 1990.92 120.493 183.032 1752.98 808.076 259.424 347.168 12113.6 4858.04 4828.12 105.232 714.215 49.9466 124.346 132.945 216.972 201.463 1242.37 1197.86 1063.58 428.195 635.382 617.237 523.282 2168.6 54.0232 1533.12 1472.95 1276.91 298.24 1809.46 295.71 186.033 109.677 272.447 2114.58 4765.25 53.9058 59.1123 63.1644 1182.84 418.989 64.6433 196.046 233.222 39.1093 155.116 385.704 1130.02 998.376 2642.09 593.931 530.14 510.768 207.534 101.191 161.113 641.468 88.9382 74.2537 2025.65 106.452 357.236
internal_count=160737 126029 98025 34708 28004 14239 20469 81468 16557 19524 18305 16631 15050 15411 15832 12593 8477 9689 10867 9962 905 66362 1674 16433 49929 9449 8541 8379 6117 14504 849 5514 13655 13533 4550 4206 621 1581 1509 10971 908 9406 5409 5150 2262 2171 1854 513 1053 422 225 7355 603 15106 1219 725 1622 728 8609 1303 3016 9493 4500 7997 485 737 7037 3246 1043 1391 48538 19478 19358 423 2869 206 500 546 875 811 4993 4814 4275 1721 2554 2481 2103 8726 218 6154 5912 5125 1202 7260 1190 749 441 1098 8508 19106 217 238 254 4751 1684 260 787 945 157 624 1565 4544 4014 10597 2385 2129 2051 834 406 652 2577 358 299 8114 427 1440
is_linear=0
shrinkage=0.05


Tree=7
num_leaves=127
num_cat=0
split_feature=151 286 148 205 148 75 286 286 75 213 65 65 215 78 205 223 244 214 60 203 154 205 71 64 78 63 153 201 201 215 22 78 202 217 64 148 63 202 37 78 25 70 174 250 63 176 215 162 60 63 71 286 203 169 63 153 214 76 202 213 215 201 213 201 215 78 67 216 216 75 14 60 63 160 60 213 67 148 205 286 76 78 169 175 14 63 65 148 202 202 203 201 203 203 203 205 64 203 60 203 65 202 60 202 202 65 70 67 100 148 63 202 215 148 205 173 60 211 215 151 60 63 60 75 60 201
split_gain=988.295 572.613 325.656 181.317 142.75 137.191 125.001 79.0128 77.0145 66.0581 64.0282 98.2099 69.881 65.1941 58.9566 51.3338 51.3217 51.3105 50.908 52.0532 58.5023 48.6356 48.5741 47.9282 47.5401 47.5219 46.8982 52.8489 51.1209 48.0347 56.034 47.1868 63.426 46.414 51.1457 46.3577 46.08 44.62 42.8528 42.1699 47.6867 41.977 38.4433 37.7821 37.3829 71.1032 36.6721 36.6097 36.476 41.131 36.2853 36.1608 35.371 35.3242 34.3117 32.845 32.2902 31.8034 31.3476 30.6666 33.1292 31.5761 30.2807 30.0645 29.9695 29.9603 29.179 32.1496 28.8791 28.542 28.2015 28.1457 28.0005 27.8429 28.936 31.2104 27.7988 30.6571 40.3464 31.003 27.3297 27.365 27.3138 27.7746 28.0181 32.0417 37.1914 29.784 27.2849 27.0316 35.8663 26.7665 26.6737 43.0279 34.9705 26.374 26.374 30.8432 53.9671 43.9125 73.4101 37.4379 34.4196 30.8521 36.8124 26.1458 25.9329 25.9318 30.3999 25.8582 25.7201 25.6969 25.3206 25.9068 25.2411 25.1901 25.0923 24.8797 24.4349 24.1536 24.0506 24.0413 24.0044 23.8322 23.8057 25.4783
threshold=0.90000000596046459 0.62500000000000011 0.62500000000000011 0.44455000758171087 0.37500000000000006 0.25000000745058065 0.62500000000000011 0.37500000000000006 1.0000000180025095e-35 1.0000000180025095e-35 0.27222223579883581 0.44722221791744238 0.25000000745058065 0.58333334326744091 0.46484999358654028 1.0000000180025095e-35 1.0000000180025095e-35 0.25000000745058065 0.19803921878337863 0.32500000298023229 1.0000000180025095e-35 0.58094999194145214 1.0000000180025095e-35 0.51304346323013317 0.41666667163372045 0.32989689707756048 0.5000000149011613 0.28092782199382788 0.29639174044132238 0.41666667163372045 1.0000000180025095e-35 1.0000000180025095e-35 0.38478259742259985 -1.0000000180025095e-35 0.4086956530809403 1.0000000180025095e-35 0.56443297863006603 0.4086956530809403 1.0000000180025095e-35 0.25000000745058065 1.0000000180025095e-35 1.0000000180025095e-35 1.0000000180025095e-35 1.0000000180025095e-35 0.51030924916267406 1.0000000180025095e-35 0.41666667163372045 1.0000000180025095e-35 0.48627451062202459 0.22938144207000735 1.0000000180025095e-35 0.87500000000000011 0.56388887763023388 1.0000000180025095e-35 0.64175257086753856 0.83333334326744091 0.41666667163372045 1.0000000180025095e-35 0.24782607704401019 0.25000000745058065 0.25000000745058065 0.51030924916267406 0.58333334326744091 0.40463916957378393 0.41666667163372045 0.25000000745058065 0.47785000503063207 0.25000000745058065 1.0000000180025095e-35 0.58333334326744091 1.0000000180025095e-35 0.34313726425170904 0.64690721035003673 1.0000000180025095e-35 0.33137255907058721 -1.0000000180025095e-35 0.50405001640319835 1.0000000180025095e-35 0.54484999179840099 1.0000000180025095e-35 0.58333334326744091 0.25000000745058065 1.0000000180025095e-35 1.0000000180025095e-35 1.0000000180025095e-35 0.27061854302883154 0.26388889551162725 0.87500000000000011 0.51304346323013317 0.4086956530809403 0.38333334028720861 0.32989689707756048 0.57222223281860363 0.37500000000000006 0.34722222387790685 0.43105000257492071 0.31956522166728979 0.33055555820465093 0.5000000149011613 0.41388888657093054 0.32500000298023229 0.52391305565834057 0.40588235855102545 0.53913041949272167 0.49782608449459081 0.38333334028720861 1.0000000180025095e-35 0.42595000565052038 1.0000000180025095e-35 0.87500000000000011 0.53865978121757518 0.31956522166728979 1.0000000180025095e-35 0.62500000000000011 0.71175000071525585 1.0000000180025095e-35 0.4450980424880982 1.0000000180025095e-35 0.25000000745058065 0.70000001788139354 0.35490196943283087 0.69845360517501842 0.52941179275512706 1.0000000180025095e-35 0.25882354378700262 0.24484536051750186
decision_type=2 2 2 2 2 2 2 2 2 2 2 2 2 2 2 2 2 2 2 2 2 2 2 2 2 2 2 2 2 2 2 2 2 2 2 2 2 2 2 2 2 2 2 2 2 2 2 2 2 2 2 2 2 2 2 2 2 2 2 2 2 2 2 2 2 2 2 2 2 2 2 2 2 2 2 2 2 2 2 2 2 2 2 2 2 2 2 2 2 2 2 2 2 2 2 2 2 2 2 2 2 2 2 2 2 2 2 2 2 2 2 2 2 2 2 2 2 2 2 2 2 2 2 2 2 2
left_child=1 2 7 22 21 6 17 76 39 10 42 16 13 33 124 18 38 24 25 43 26 62 53 69 50 -16 27 -21 -29 30 31 56 110 71 58 95 -31 -28 96 48 41 70 92 51 73 88 91 -14 49 -4 82 80 117 65 -38 66 111 -32 -35 60 -23 -61 119 -19 107 123 67 -51 122 -10 72 -13 -41 74 -36 -76 -1 79 -79 -78 81 -20 83 84 85 86 -5 -88 -46 -34 -91 -22 93 94 -8 -9 -12 98 -98 101 -101 102 -99 104 -102 -85 -80 -37 -109 -87 -33 -30 113 -27 -60 -86 -68 -11 -97 -3 -71 -74 -50 -2 -6 -126
right_child=3 4 8 5 14 -7 9 35 23 52 11 12 47 -15 15 -17 -18 63 19 20 46 59 -24 -25 -26 112 37 28 29 36 57 32 89 34 44 64 54 -39 -40 40 -42 -43 -44 -45 45 -47 -48 -49 68 55 -52 -53 -54 -55 -56 -57 -58 -59 114 61 -62 -63 -64 -65 -66 -67 116 -69 -70 120 -72 -73 121 -75 75 -77 77 78 106 -81 -82 -83 -84 105 115 109 87 -89 -90 90 -92 -93 -94 -95 -96 118 97 99 -100 100 103 -103 -104 -105 -106 -107 -108 108 -110 -111 -112 -113 -114 -115 -116 -117 -118 -119 -120 -121 -122 -123 -124 -125 125 -127
leaf_value=-0.0065311883273516131 0.027464821711635196 -0.020916954788709363 -0.025154610150964457 0.037703978676073918 0.013276526491058153 0.045917307420801801 -0.00856451865591004 -0.0067630954373460051 0.024821129489002478 -0.048912212848792998 -0.0065378984392355484 -0.0075135822717139538 -0.024674804102997022 0.069537576272806878 -0.017909059977688876 0.038595621849033097 -0.067706776219684392 -0.05051662055431079 -0.02789252508176698 0.011868576161655747 0.064516515929417956 -0.024851364131663313 -0.03028692348326258 -0.042366891921782036 0.050569915511124608 0.0043281344882648556 -0.029024119277526961 -0.057521915347301035 -0.00076556723862752918 -0.05769933470139077 0.007270627348424325 -0.066365277312709761 0.074991893792970554 0.035345080258271905 0.067280844686077548 -0.011485344804719364 0.028547462343220538 0.06102769135758658 0.061782495914551018 0.050379962399138389 -0.060890543860921215 -0.024342530984986909 -0.081470343588598546 0.013595421184596066 -0.0023880456182784793 0.086599619327505428 0.092738832608212252 -0.087723894720494522 0.049915673922509354 0.001003667634840399 -0.020430137470277058 -0.044667185514396551 0.027076178848770976 -0.02964529134046677 -0.057313399189577875 0.051734214418888272 -0.064294725714820963 0.074288641075706208 -2.6111222071673382e-05 -0.058881142956049883 -0.045248415063625765 -0.0025701327104800439 -0.055542472452720426 0.014815101171065777 -0.0317199400469289 0.061713614586031432 0.011461035365097436 -0.065214219265341697 -0.043438916208013545 0.074746420565739019 -0.0018984164461368974 -0.087023095298495459 -0.054156503865021945 -0.031732549031843416 0.081943630913007187 4.0756075996854176e-05 0.00026805718008510838 0.010814275226794515 0.00060314201973304189 -0.0084172084885268082 0.042480977523646726 0.022925779817816939 -0.026125841667350786 0.02654696909534307 0.0081894584933723241 0.018857879103222151 0.0042142411952920591 -0.038683042168925215 -0.056971125298862148 -0.056285683975927363 0.034373903682147815 -0.0094840151467253386 -0.049928423447253165 0.019235445768083864 -0.073206460972975881 -0.018560480709231702 0.051611938626123677 0.023034541099399543 -0.057455639405052439 0.071547812120743015 0.012262885456426094 -0.081117811005238349 -0.042969632117488998 0.067239316162898438 -0.055155254131235246 -0.013566996803611798 -0.019867088779801305 -0.0021830043622481812 -0.046099886928027287 0.03493551198261282 0.016661625216914767 -0.023007605326009931 -0.027867788187448051 0.070107707285499352 -0.029041372299764001 -0.052549099681491233 -0.017542582640376246 0.023539755389120832 -0.045918162888099148 -0.0057394157647045752 0.025344687054868698 0.040027360831395742 0.017899930252510125 0.051797960468034671 0.020478521865167958 -0.0072201487068706376
leaf_weight=2067.5966947972775 1848.4208728671074 1052.7522521167994 104.71167834103107 70.946348682045937 223.16749069094658 271.08009167015553 63.637885898351669 472.24079498648643 624.27695813775063 121.18216043710709 90.266987353563309 19.879113972187042 88.525882184505463 32.396727487444878 69.809583842754364 44.421751409769058 16.140340849757195 47.436311185359955 373.91213542222977 151.57429876923561 16.94751013815403 1068.4669194370508 34.873886168003082 24.453951433300972 93.606804445385933 21.662240102887154 21.39073558151722 81.973362907767296 159.42345586419106 124.0492457896471 91.577542096376419 29.378273233771324 27.440478697419167 31.054042458534241 59.845524504780769 1136.4987486600876 33.419214367866516 38.539211064577103 62.771492302417755 200.6505865752697 14.892733275890349 30.945938870310783 24.321246355772018 50.461920738220215 94.784032016992569 19.714106678962708 17.815562292933464 31.116800785064697 85.912742093205452 1133.8399552702904 72.918808370828629 292.43936569988728 21.623470634222031 25.171123504638672 17.850868344306946 39.998851761221886 41.012207448482513 21.944223418831825 125.64144107699394 160.48341985046864 244.65932087600231 29.465920701622963 53.276784986257553 28.00581219792366 107.32562477886677 71.628490582108498 1678.0533386766911 18.631328597664833 14.886599436402319 57.355953752994537 39.385018110275269 25.291174963116646 12.632247880101206 14.186344623565672 15.16307297348976 49.943293333053589 2184.5342790037394 1010.4290162920952 7361.574634835124 1939.9320130348206 15.93057334423065 28.510711222887039 39.582534581422806 56.317416116595268 520.28210735321045 2263.9262155741453 260.70900963246822 47.897512584924698 30.187099754810333 13.642415538430212 54.455616146326065 43.803971111774445 44.511223062872887 84.59737740457058 31.170464694499969 762.9674351811409 131.87581327557564 58.49139840900898 12.408892288804052 65.483835682272911 115.31938795745373 16.589285030961037 29.822028905153275 19.712921738624573 24.560223057866096 145.74575887620449 158.04145535826683 3231.8395147770643 39.891189873218536 281.14613075554371 13.66704638302326 700.25349263846874 12.348369002342222 48.438772633671761 185.79249094426632 17.649370744824409 78.04018497467041 13.13321405649185 91.396545335650444 349.04123465716839 43.187313914299011 14.614098504185675 183.80253584682941 106.41879557073116 91.153728485107422 930.63456609845161
leaf_count=8288 7444 4234 420 286 896 1104 256 1893 2518 489 363 80 361 136 281 179 66 192 1504 609 68 4304 140 98 383 87 86 331 641 507 368 119 115 125 241 4557 136 156 254 815 60 125 102 203 381 81 72 129 347 4553 293 1186 87 101 72 161 167 89 505 653 994 119 217 113 431 293 6738 75 60 234 160 102 51 57 62 201 8745 4051 29484 7772 65 115 159 227 2096 9118 1050 193 122 55 219 176 180 341 126 3060 538 236 50 265 464 67 121 80 99 586 633 12956 160 1136 55 2820 50 197 748 71 313 53 368 1401 176 59 740 432 366 3739
internal_value=3.7061e-07 -0.00398283 -0.000466822 0.0155074 -0.0167759 0.0111482 0.00952796 -0.00310845 0.0118786 -0.00111591 0.00171678 0.00569073 -0.00574477 0.000260133 -0.0104972 -0.0147028 0.0203267 0.0145749 -0.0156087 -0.0173442 -0.0124788 -0.02506 0.0282274 0.0264802 0.0153709 0.0124482 -0.0145203 -0.0161861 -0.0192017 -0.0168365 -0.0131283 -0.0167716 0.0103895 -0.00308227 0.000448007 -0.00802839 -0.0412198 0.0288856 0.0225917 0.00888196 0.0264266 0.030787 -0.0217673 -0.0282105 0.0161436 -0.00165122 0.0296581 -0.0410727 0.00723612 0.00564034 0.0144986 -0.0311785 -0.0322733 0.029222 -0.00134699 0.00673395 -0.0209507 0.0202255 -0.0125591 -0.031368 -0.0286517 -0.0501459 -0.018544 -0.026264 -0.00561427 0.0299532 0.0061151 -6.68382e-05 0.0243561 0.028803 0.0371699 -0.0520315 0.0439217 0.0346479 0.0421843 0.0191157 -0.00115607 -0.00027784 0.00143344 -0.00381703 -0.0217495 -0.0242922 0.0151862 0.0156324 0.0166839 0.0186129 0.00506077 -0.00244366 -0.0155727 0.0330944 0.0162116 0.0111595 -0.0152825 -0.00668674 -0.0298171 -0.0162457 0.018234 0.0229489 0.0422318 0.0145174 0.0269697 -0.0121999 0.00074599 0.00867839 0.000425531 -0.00238676 0.000172915 -0.00497868 -0.00271847 0.0206339 -0.0400039 -0.0188829 0.0381515 0.0497809 -0.0173358 0.00619664 0.0101721 -0.0418279 -0.0214871 -0.0171378 0.0535264 -0.00363919 0.0280979 0.0287895 -0.00151792 -0.00474915
internal_weight=40000.6 31825.7 24964.5 8174.9 6861.2 6088.39 5817.31 20564.3 4400.27 1871.14 1715.2 1466.96 823.521 703.878 3903.05 2658.09 643.443 3946.17 2613.67 2461.41 1700.16 2958.15 2086.51 749.274 3870.73 152.259 1621.59 1561.66 1410.09 1328.11 1152.79 1039.27 138.584 671.482 626.311 5842.16 175.319 59.9299 627.302 3651 313.121 298.228 248.238 761.255 283.823 144.685 78.567 119.643 3337.88 3053.28 3777.12 710.793 155.939 2051.64 51.2701 2948.56 900.689 113.522 342.488 1503.08 1313.13 189.949 1455.07 75.4421 4515.56 2026.47 2908.56 1152.47 284.602 724.82 267.282 45.1703 227.897 139.138 124.952 65.1064 14722.1 12654.5 8530.05 4124.47 418.353 402.423 3704.2 3664.62 3462.56 2924.63 379.553 308.607 124.971 95.5385 68.098 60.7515 223.917 179.406 94.8084 1326.6 564.531 474.264 144.285 329.979 225.076 104.903 88.3134 159.593 139.88 202.063 7519.62 4408.23 3271.73 2545.07 43.0453 859.677 82.4494 70.101 311.434 537.931 1756.09 134.315 854.364 1401.79 100.543 27.2463 269.715 1954.84 1244.96 1021.79
internal_count=160737 127752 100101 32985 27651 24575 23471 82398 17703 7568 6939 5934 3331 2841 15729 10728 2603 15903 10549 9934 6861 11922 8410 3026 15598 615 6545 6303 5694 5363 4648 4191 563 2705 2523 23425 715 242 2537 14677 1270 1210 1005 3073 1145 584 316 490 13407 12260 15215 2870 629 8270 208 11840 3628 457 1378 6070 5298 772 5852 305 18104 8169 11679 4628 1147 2928 1085 182 925 561 504 263 58973 50685 34168 16517 1684 1619 14922 14763 13950 11783 1529 1243 503 389 274 244 903 723 382 5321 2283 1920 588 1332 908 424 357 643 563 813 30117 17673 13116 10254 174 3461 334 284 1253 2167 7051 542 3428 5635 410 110 1087 7876 5001 4105
is_linear=0
shrinkage=0.05


Tree=8
num_leaves=127
num_cat=0
split_feature=151 13 13 151 13 13 151 151 13 151 13 154 67 13 16 63 77 215 77 208 13 214 14 75 215 75 15 215 77 85 215 152 215 216 63 77 223 15 154 14 198 151 198 286 215 198 64 61 16 63 148 37 76 31 39 64 202 208 61 16 63 63 65 65 77 77 202 154 223 200 214 77 148 172 79 198 63 62 17 152 64 151 16 200 286 170 215 175 213 198 208 214 202 162 14 75 63 207 286 148 198 60 200 214 61 152 198 148 60 60 16 202 202 198 76 198 198 198 63 65 63 70 60 63 63 60
split_gain=893.564 1399.15 742.282 373.076 487.977 222.515 203.499 189.383 161.198 139.5 125.777 95.3322 91.7113 86.7715 84.8712 80.3898 76.6936 76.0148 73.7057 69.8919 65.2502 64.0545 61.6271 59.3965 59.1264 56.8709 49.3701 48.893 66.148 48.6824 48.6427 47.0455 46.9888 45.5475 43.7944 42.7203 42.0078 40.0101 40.003 39.8426 39.0248 38.3959 42.068 61.4369 38.1799 38.1258 38.0236 39.8331 37.5687 36.1937 36.09 35.7089 36.2172 37.6994 37.751 38.9628 35.6951 35.4993 35.4212 40.9066 35.6005 35.29 35.0751 56.4837 53.1742 34.9593 34.531 39.3761 34.365 33.9097 33.7567 33.5624 33.3922 33.0628 32.8196 32.7073 32.4437 38.1637 32.4033 46.9463 32.3767 42.4708 31.8464 42.101 32.9789 42.301 42.6345 34.0957 33.2319 33.7766 31.6832 39.5485 33.0715 31.5208 45.3341 31.4305 37.8531 31.4289 30.7733 30.4423 29.959 50.84 29.9304 29.7872 29.4273 29.3793 35.7871 29.3069 29.1752 29.1585 28.9606 28.9595 28.8667 29.6641 28.2511 28.1139 27.9069 27.8083 27.7223 29.389 28.3094 27.1589 26.717 26.6982 32.6445 26.589
threshold=0.90000000596046459 0.90000000596046459 0.90000000596046459 0.70000001788139354 0.5000000149011613 0.70000001788139354 0.5000000149011613 0.30000000447034841 0.70000001788139354 0.70000001788139354 0.70000001788139354 1.0000000180025095e-35 0.39835000038146978 0.30000000447034841 1.0000000180025095e-35 0.25257731229066854 1.0000000180025095e-35 0.25000000745058065 0.41666667163372045 1.0000000180025095e-35 0.30000000447034841 0.41666667163372045 1.0000000180025095e-35 0.25000000745058065 0.41666667163372045 1.0000000180025095e-35 1.0000000180025095e-35 0.25000000745058065 -0.25000000745058054 1.0000000180025095e-35 0.91666665673255932 1.0000000180025095e-35 0.25000000745058065 0.58333334326744091 0.57474225759506237 0.41666667163372045 1.0000000180025095e-35 0.5000000149011613 1.0000000180025095e-35 1.0000000180025095e-35 0.31176471710205084 0.5000000149011613 0.38627451658248907 0.62500000000000011 0.91666665673255932 0.28039216995239263 0.49782608449459081 0.50263157486915599 1.0000000180025095e-35 0.44072164595127111 0.62500000000000011 1.0000000180025095e-35 1.0000000180025095e-35 1.0000000180025095e-35 1.0000000180025095e-35 0.20434782654047015 0.19782608747482303 1.0000000180025095e-35 0.41315789520740515 0.75000000000000011 0.64175257086753856 0.67783504724502575 0.27222223579883581 0.40277777612209326 -1.0000000180025095e-35 0.91666665673255932 0.46739129722118383 1.0000000180025095e-35 1.0000000180025095e-35 0.51739129424095165 0.41666667163372045 0.91666665673255932 0.87500000000000011 1.0000000180025095e-35 0.25000000745058065 0.27254903316497808 0.53865978121757518 0.32391305267810827 1.0000000180025095e-35 1.0000000180025095e-35 0.29782609641551977 1.0000000180025095e-35 1.0000000180025095e-35 0.28913043439388281 0.87500000000000011 1.0000000180025095e-35 0.41666667163372045 1.0000000180025095e-35 1.0000000180025095e-35 0.38627451658248907 1.0000000180025095e-35 1.0000000180025095e-35 0.25652173161506658 1.0000000180025095e-35 1.0000000180025095e-35 1.0000000180025095e-35 0.28865978121757513 1.0000000180025095e-35 0.62500000000000011 0.87500000000000011 0.30392158031463629 0.18235294520854953 0.31086955964565283 0.41666667163372045 0.29736842215061193 1.0000000180025095e-35 0.4294117689132691 0.87500000000000011 0.32352942228317266 0.31176471710205084 1.0000000180025095e-35 0.51304346323013317 0.41956521570682531 0.41372549533844 0.41666667163372045 0.28039216995239263 0.23725490272045138 0.5000000149011613 0.44587628543376928 0.51944443583488475 0.29639174044132238 1.0000000180025095e-35 0.31176471710205084 0.51030924916267406 0.35824741423130041 0.63725492358207714
decision_type=2 2 2 2 2 2 2 2 2 2 2 2 2 2 2 2 2 2 2 2 2 2 2 2 2 2 2 2 2 2 2 2 2 2 2 2 2 2 2 2 2 2 2 2 2 2 2 2 2 2 2 2 2 2 2 2 2 2 2 2 2 2 2 2 2 2 2 2 2 2 2 2 2 2 2 2 2 2 2 2 2 2 2 2 2 2 2 2 2 2 2 2 2 2 2 2 2 2 2 2 2 2 2 2 2 2 2 2 2 2 2 2 2 2 2 2 2 2 2 2 2 2 2 2 2 2
left_child=1 3 10 4 6 14 16 32 41 38 37 35 108 50 20 46 17 19 25 21 26 23 30 58 29 27 -5 36 -29 65 31 71 103 111 -20 44 62 48 -3 51 45 -9 99 -44 68 73 47 100 -2 114 -8 52 53 54 55 121 57 -12 59 60 93 -15 70 64 -64 90 -57 -68 95 75 -17 110 -66 -23 -18 -19 77 -40 98 -80 81 -42 84 -84 -58 86 87 88 89 115 91 -22 -93 97 -95 107 109 -1 -60 -43 -14 -102 -50 -6 -65 106 -49 -10 -4 -97 -7 -30 113 -33 -25 -86 -21 -100 119 120 -24 125 -115 124 -85 -11
right_child=2 9 12 5 7 22 13 8 11 39 56 -13 15 61 -16 18 74 69 34 116 24 40 118 49 -26 -27 -28 28 33 -31 -32 112 -34 -35 -36 -37 -38 -39 76 -41 80 42 43 -45 -46 -47 -48 105 102 -51 -52 -53 -54 -55 -56 66 82 -59 78 -61 -62 -63 63 104 72 -67 67 -69 -70 -71 -72 -73 -74 -75 -76 -77 -78 -79 79 -81 -82 -83 83 123 85 -87 -88 -89 -90 -91 -92 92 -94 94 -96 96 -98 -99 117 -101 101 -103 -104 -105 -106 -107 -108 -109 -110 -111 -112 -113 -114 122 -116 -117 -118 -119 -120 -121 -122 -123 -124 -125 -126 -127
leaf_value=0.0061351531398928742 0.050904390158907388 -0.047131077123093668 -0.0022652276226195114 0.064668215555381534 -0.025333499533340045 0.0033495028364412885 0.021297940449727448 -0.0091776414100461917 -0.023164590569575191 0.015942096662061096 0.013834341669355375 0.02561689428746616 -0.057468371829728741 0.01249515348676894 -0.019998981632624542 -0.0051456588454839025 0.010294213572643738 -0.036661139255067025 0.067050010757190304 -0.015000863529911644 0.024455810559950445 -0.056226122107466463 -0.019804200835178698 0.021334602282051106 -0.032133934953682768 0.036936403611420775 -0.026972743060389277 0.076182892256581369 -0.020633921491283142 -0.049543137947281712 -0.066393680164988839 0.020747231653149907 -0.056102897512695177 -0.06592093885210086 -0.018525193969814054 0.032892945211228201 0.072758252515862307 0.0016217479361474154 0.030522812248029801 -0.039855279888517482 0.056266458018268885 0.0031414998710306745 -0.00098564904569140304 -0.034976678523754835 0.042020503003623616 0.075674864394214572 0.054414135769015881 0.0050330433150889411 -0.037775674455018365 -0.0079866467073264179 0.046216940834249869 0.005746039065216397 0.012141345143149962 0.033613624249100846 0.0061690368202586528 -0.025095628579320781 0.030435396445112919 -0.067190175146572301 -0.0013496926434775952 0.068837289200617602 -0.010126635278165142 -0.022140214309049222 -0.076238324583018116 0.026951084536872762 0.017327438582375256 -0.039893720758014138 -0.045572602767667648 0.027561597198338561 0.042278047782716321 -0.052878538211725459 -0.078186982237401823 0.070471617609188603 0.045211412641509123 0.040319353256420179 0.036666475695447287 -0.0070073183250182669 0.047099649308286133 -0.055418156030025971 -0.032760201468747481 0.048473464442351899 -0.066577422923840321 -0.066630051042449998 -0.065790381128498887 -0.013585384412879929 0.0025909654339156558 0.068163502480148491 -0.063499065678382594 -0.061324980785597366 -0.044250534509031277 -0.010923519491211503 0.049887452268213617 -0.073678146329609881 0.0048117696685248878 -0.0018841086175820027 -0.055112406241073532 -0.0089604418718690505 -0.016056846250741479 0.038173135021886545 -0.010032796146961006 0.032424564508300273 0.045781824581540009 -0.032594003856132564 0.034577315551195198 -0.062545974251780309 0.0019444957411502155 0.050223635359322942 -0.067255599671526764 -0.054433290477663154 -0.01771958518000144 0.075121884511179696 -0.030993350263058602 0.042524009271633995 0.043434532542626879 0.016752792465819538 0.065409386731245495 0.062423565369303075 0.024726936739026269 -0.050291991920275482 -0.028337076397712047 -0.030818285685567132 0.023914580626864693 0.069973414982586274 -0.063943861039071917 -0.024809128362773835 0.062960766377959512 -0.070038659272584278
leaf_weight=2230.3399081677198 993.77240881323814 1278.1325659304857 628.20814046263695 140.95531390607357 766.76028791069984 1938.2161146700382 299.068737834692 1746.1445405930281 2373.3164575695992 33.12590816617012 44.081162512302399 114.54242077469826 77.742828190326691 1482.4418482929468 114.93196026980877 277.8120109140873 721.19590452313423 123.59871804714203 80.569777920842171 50.159350275993347 2104.8980198651552 25.104260504245758 57.435260906815529 246.02492743730545 49.616123706102371 153.98300342261791 16.407630756497383 17.331901386380196 120.84184598922729 22.892462432384491 23.542393296957016 202.25065490603447 180.58778473734856 51.774452403187752 18.357146561145782 36.327192261815071 24.488055378198624 47.635954901576042 18.861605003476143 384.20243865251541 14.35117942094803 1626.0415949970484 507.23449423909187 180.14843353629112 23.302031010389328 13.408080145716665 18.311365559697151 86.168749496340752 20.695620730519295 93.216911777853966 282.59812253713608 107.37968036532402 67.49372735619545 26.933569028973579 87.20337775349617 1351.0255958586931 1899.9674023240805 19.497884422540665 6014.8771995157003 23.705050334334373 448.55289350450039 77.383806794881821 13.91502897441387 127.46799236536026 584.66977190971375 21.396310463547707 372.29922838509083 19.362013176083565 20.462954998016357 64.493964582681656 16.773484006524086 18.198258742690086 131.52070036530495 13.711104750633238 141.04371009767056 375.45050822198391 18.708444133400917 40.99291667342186 161.89787226915359 19.980643168091774 77.31837722659111 13.780147865414618 19.625668987631798 22.289583474397659 28.801255419850349 27.168273389339447 22.293618142604828 15.177438288927076 19.168626055121422 41.901550576090813 115.09254013001919 15.878541290760039 86.69118969142437 310.77728736400604 45.911307662725449 17.906677350401878 112.67941123247147 79.269419401884079 575.49630534648895 93.877447828650475 25.053750887513161 118.82078877091408 46.206021800637245 57.832546308636665 1527.0140255242586 25.648759484291077 21.366113752126694 77.379054397344589 594.28412689268589 24.307319447398186 63.394675895571709 21.357807010412216 113.20554845035076 19.44081312417984 42.662195697426796 61.674436926841736 372.31461746990681 46.347083210945129 210.48348924517632 67.898808375000954 104.21665668487549 15.112508445978163 21.7121422290802 28.229391768574715 37.13132555782795 12.341662228107451
leaf_count=8928 4079 5211 2522 574 3086 7765 1199 6996 9531 133 178 460 319 5945 461 1115 2900 498 339 201 8462 102 230 989 200 625 66 77 486 92 100 811 739 218 74 147 99 191 76 1555 58 6514 2031 725 96 54 75 346 83 374 1148 431 271 108 351 5444 7688 80 24068 95 1795 310 56 512 2348 90 1507 78 82 260 69 79 533 55 570 1508 75 166 648 80 314 56 79 90 116 111 90 61 77 169 464 64 348 1244 184 72 452 318 2308 378 101 479 187 239 6133 103 87 311 2389 98 254 86 454 78 175 250 1496 186 843 272 418 61 87 114 151 50
internal_value=4.65099e-07 -0.00378603 0.0147622 9.58324e-05 -0.00276994 0.0117301 0.00269456 -0.0127163 -0.00978382 -0.0321154 0.0326256 -0.0190553 0.00202953 0.016923 0.0220392 0.00610596 0.000226351 -0.000853578 0.00869145 7.0618e-05 0.0239163 -0.000731911 0.00197006 -0.000249568 0.0218848 0.00732215 0.0551132 0.00575778 -0.0174053 0.0230172 0.00512389 0.00583239 -0.0330024 -0.0257676 0.0511704 -0.0209606 0.00756811 0.0464496 -0.0450025 -0.0250555 -0.0323605 -0.00353304 0.000561291 -0.00989397 -0.021699 0.00298644 -0.015846 -0.0194721 0.0484628 0.0191013 0.0334046 -0.0223378 -0.0238571 -0.0251243 -0.0259611 -0.0275149 0.0259263 -0.0110136 -0.000991765 0.00340382 0.00290585 0.0107769 0.00697226 0.00898305 0.0205672 0.0237258 -0.0288852 -0.0419572 -0.0222644 -0.0187608 -0.00930458 0.00287636 0.022448 -0.0221225 0.0146081 -0.0143516 -0.0103723 -0.0283361 -0.00301502 -0.0238361 -0.0498659 -0.00393447 0.0269826 0.000405285 0.0283299 0.00982552 0.00144033 0.0101238 0.0172794 0.0261892 0.0243119 0.0229785 -0.00733904 0.00509831 -0.00873541 -0.0227713 -0.000927839 0.00723475 -0.00244442 0.00473984 -0.0324595 -0.0189459 0.0121954 -0.0279434 0.0038711 0.00213896 -0.00933 -0.0241519 -0.00977798 0.0394552 0.0022618 -0.0111479 0.0225751 0.0128736 0.027848 0.043377 0.0200101 -0.0130334 -0.015231 -0.00321361 0.00838121 0.0119045 -0.0258225 0.0152271 0.0342473 -0.00739642
internal_weight=39966.1 31807.3 8158.8 27974.1 22445.3 5528.75 14486.5 7958.85 6953.67 3833.18 3395.32 2800.22 4763.48 2141.49 2688.76 3540.99 12345 11482.7 3167.88 10919.2 2573.83 10496.7 2839.99 10339.1 2416.47 3068.95 157.363 2914.97 211.306 2366.85 2399.96 2376.42 1005.18 193.974 98.9269 2685.68 2703.66 1108.31 1356.7 2476.48 157.673 4153.45 2407.3 687.383 2649.35 52.2234 373.112 354.801 1060.67 381.904 581.667 2092.28 1984.9 1917.4 1890.47 1803.27 2287.01 63.579 9957.15 3138.56 3114.85 1559.83 2679.17 2384.59 730.106 2343.96 1742.69 391.661 2626.05 563.543 294.585 2019.81 716.19 38.8154 862.24 499.049 78.563 59.8545 6818.6 181.879 105.45 28.1313 2223.43 107.276 2116.15 216.185 189.017 166.723 151.546 132.377 2322.56 2207.47 102.57 2666.3 356.689 2605.59 154.893 2309.61 6636.72 1719.92 221.617 143.875 66.9016 824.593 1654.48 133.184 107.535 2450.7 1222.49 42.214 2001.61 142.2 356.609 243.404 288.687 90.4757 422.474 621.843 440.034 229.551 161.652 60.5801 41.153 87.6503 59.4209 45.4676
internal_count=160737 127752 32985 112235 90023 22212 58066 31957 27893 15517 13794 11249 19191 8602 10821 14280 49464 45994 12770 43728 10360 42031 11391 41392 9720 12357 640 11732 867 9520 9628 9528 4064 790 413 10789 10865 4540 5528 9989 639 16644 9648 2756 10642 211 1510 1435 4349 1538 2347 8434 8003 7732 7624 7273 9254 258 39854 12564 12469 6255 10766 9582 2937 9428 7029 1585 10546 2266 1184 8098 2881 157 3470 2006 317 242 27290 728 428 114 8996 434 8562 874 763 673 612 535 9338 8874 412 10674 1428 10464 622 9246 26562 6892 899 580 270 3325 6645 536 433 9842 4911 170 8019 572 1430 976 1164 366 1697 2494 1763 920 648 244 165 355 241 183
is_linear=0
shrinkage=0.05


Tree=9
num_leaves=127
num_cat=0
split_feature=151 286 148 205 148 75 286 155 219 77 75 286 213 64 195 77 60 203 153 76 202 214 176 61 213 205 201 201 63 71 201 214 63 22 216 148 286 62 64 61 62 203 216 60 153 50 153 77 203 152 205 71 169 286 148 62 202 201 64 61 61 152 200 217 76 62 64 77 214 187 200 215 202 286 205 61 286 207 61 106 203 217 200 215 215 70 75 205 62 60 214 200 202 61 154 205 45 35 62 154 201 148 175 202 70 63 63 26 202 201 205 63 63 148 49 202 60 213 60 202 242 45 17 62 72 70
split_gain=808.638 479.597 277.476 166.511 122.271 120.757 105.618 83.3485 84.3281 66.7438 70.8178 66.0707 65.9979 81.3572 53.524 52.8095 51.7808 52.8971 67.0654 50.2669 50.1165 49.6682 49.3686 56.7959 44.6431 46.2 44.1807 61.0818 43.6493 42.8018 41.9576 41.8381 40.7189 41.3518 70.2441 40.0061 37.2259 38.4528 36.6573 35.7161 35.414 36.3905 34.2394 41.5809 40.9481 34.013 33.5735 38.8367 48.1504 50.8333 32.9832 32.1439 31.4879 31.4326 30.9614 30.729 30.1862 34.331 41.3474 29.7529 29.7153 29.1743 37.0147 29.0481 28.9135 28.6285 28.5284 30.6509 55.4443 41.5234 28.2943 28.1864 28.1272 27.927 27.7903 32.1643 26.994 31.1271 26.9326 26.7851 26.7504 26.6121 26.4016 26.376 26.0212 25.5474 25.4837 24.6874 24.5264 41.4788 24.3732 24.0716 26.4207 27.7528 24.0453 24.0046 23.9756 26.5611 25.7023 23.938 46.8937 24.1135 23.9346 24.1138 23.8205 23.7986 32.7093 37.8962 29.1474 26.8489 23.7047 23.4006 37.8335 38.3084 29.7448 28.7353 25.7862 24.0881 23.2496 23.2252 22.9956 22.879 25.5365 22.5413 22.4091 21.9916
threshold=0.90000000596046459 0.62500000000000011 0.62500000000000011 0.44455000758171087 0.37500000000000006 0.25000000745058065 0.62500000000000011 1.0000000180025095e-35 1.0000000180025095e-35 0.25000000745058065 1.0000000180025095e-35 0.37500000000000006 1.0000000180025095e-35 0.4086956530809403 1.0000000180025095e-35 0.25000000745058065 0.19803921878337863 0.37500000000000006 0.5000000149011613 0.58333334326744091 0.28913043439388281 0.75000000000000011 1.0000000180025095e-35 0.48157894611358648 0.25000000745058065 0.49414999783039099 0.28092782199382788 0.29639174044132238 0.32989689707756048 1.0000000180025095e-35 0.55927833914756786 0.25000000745058065 0.56443297863006603 1.0000000180025095e-35 0.41666667163372045 1.0000000180025095e-35 0.87500000000000011 0.27608695626258856 0.51304346323013317 0.49473683536052709 0.28478260338306433 0.40277777612209326 1.0000000180025095e-35 0.48627451062202459 0.5000000149011613 1.0000000180025095e-35 1.0000000180025095e-35 1.0000000180025095e-35 0.25277778506278997 1.0000000180025095e-35 0.34485000371932989 1.0000000180025095e-35 1.0000000180025095e-35 0.87500000000000011 0.62500000000000011 0.38913042843341833 0.46739129722118383 0.51030924916267406 0.51304346323013317 0.49473683536052709 0.39210526645183569 1.0000000180025095e-35 0.7130434811115266 1.0000000180025095e-35 0.25000000745058065 0.39782609045505529 0.59347826242446911 1.0000000180025095e-35 0.75000000000000011 1.0000000180025095e-35 0.30217391252517706 0.25000000745058065 0.60434782505035411 0.87500000000000011 0.83394998311996471 0.36578947305679327 0.87500000000000011 1.0000000180025095e-35 0.78157895803451549 1.0000000180025095e-35 0.41388888657093054 1.0000000180025095e-35 0.51739129424095165 0.75000000000000011 0.41666667163372045 1.0000000180025095e-35 0.58333334326744091 0.44875000417232519 0.45000000298023229 0.35098040103912359 0.58333334326744091 0.28043477237224584 0.56304347515106212 0.38684210181236273 1.0000000180025095e-35 0.43105000257492071 1.0000000180025095e-35 1.0000000180025095e-35 0.30217391252517706 1.0000000180025095e-35 0.28092782199382788 0.62500000000000011 1.0000000180025095e-35 0.43260869383811956 1.0000000180025095e-35 0.25257731229066854 0.55154636502265941 1.0000000180025095e-35 0.4086956530809403 0.35824741423130041 0.41914999485015875 0.23711340129375461 0.41494844853878027 0.87500000000000011 1.0000000180025095e-35 0.35000000894069677 0.22156862914562228 0.25000000745058065 0.52941179275512706 0.21304347366094592 1.0000000180025095e-35 1.0000000180025095e-35 1.0000000180025095e-35 0.33260868489742285 1.0000000180025095e-35 1.0000000180025095e-35
decision_type=2 2 2 2 2 2 2 2 2 2 2 2 2 2 2 2 2 2 2 2 2 2 2 2 2 2 2 2 2 2 2 2 2 2 2 2 2 2 2 2 2 2 2 2 2 2 2 2 2 2 2 2 2 2 2 2 2 2 2 2 2 2 2 2 2 2 2 2 2 2 2 2 2 2 2 2 2 2 2 2 2 2 2 2 2 2 2 2 2 2 2 2 2 2 2 2 2 2 2 2 2 2 2 2 2 2 2 2 2 2 2 2 2 2 2 2 2 2 2 2 2 2 2 2 2 2
left_child=1 2 11 29 24 6 15 8 12 10 42 59 13 36 16 31 28 19 21 50 -20 26 23 46 25 -3 80 -28 -6 52 -14 51 33 74 -35 95 63 -38 78 -34 -39 -42 43 64 83 -17 47 48 54 56 -18 102 61 -22 -15 90 88 -58 -59 87 -33 62 79 72 85 96 67 73 69 81 -30 -27 -8 94 75 110 77 -26 86 -2 -19 91 -41 -44 104 111 -12 -1 89 123 -21 -69 93 -93 -52 -13 97 98 -61 100 -25 -102 -5 -104 120 109 119 108 -108 -75 -29 -4 113 121 115 -114 -115 -118 -45 -107 -37 122 -113 -50 -82 -11
right_child=3 4 9 5 14 -7 7 -9 -10 125 38 35 30 22 -16 45 17 18 20 55 53 -23 -24 99 76 71 27 32 70 -31 -32 60 39 34 -36 84 37 40 -40 82 41 -43 44 118 -46 -47 -48 -49 49 -51 66 -53 -54 -55 -56 -57 57 58 -60 65 -62 -63 -64 -65 -66 -67 -68 68 -70 -71 -72 -73 -74 105 -76 -77 -78 -79 -80 -81 124 -83 -84 -85 -86 -87 -88 -89 -90 -91 -92 92 -94 -95 -96 -97 -98 -99 -100 -101 101 -103 103 -105 -106 106 107 -109 -110 -111 -112 112 114 116 -116 -117 117 -119 -120 -121 -122 -123 -124 -125 -126 -127
leaf_value=0.0096096480851086824 0.025362558670728272 -0.011970002877725525 -0.012120630885121178 0.014008113629095494 -0.010390537812316396 0.042682657040782168 0.0039884622123177119 -0.043882622817605542 -0.065230763695290447 0.029586775456697297 0.024090717100028136 -0.0059167804049084071 -0.037364165919601573 0.0028126740732936778 0.018441586984141081 0.043363432382894154 -0.0053500010812341826 -0.028800215590807084 -0.053070290711529106 0.04306287301153968 0.024744582196159284 -0.078223292202096117 0.075749876666188015 0.063731084108169342 -0.033481157593791298 -0.022635628193965824 -0.048210549669898545 0.034343338295562763 -0.030033927710318733 -0.02862707207077993 0.053861718925662105 0.029347621062767011 0.019657844432785104 0.028107187425374738 -0.073313686054453847 -0.0034017079057378887 -0.05033978601219307 0.046496422455235678 -0.039096201148539497 -0.023331794406795066 -0.032034201287335452 0.0058590381296112735 -0.016861943669599599 0.047192964298014561 0.068813611612421041 -0.02267493881173073 -0.03519557966148875 0.054666489982688832 0.059521773284015866 0.055576958230980425 -0.021759886354978102 -0.02093386528211735 -0.0283673040982554 0.09261803362285187 0.076756016697061696 0.085669389130651794 -0.049926841690601777 -0.04187706142358448 0.077064779191185373 -0.0058205367909424082 -0.043661814452204739 0.041963706146666571 -0.050041010118383682 -0.056609614501595219 0.030234161954574724 -0.0072461913240214372 -0.067114719598152447 -0.049206179933810379 0.072659396780349939 -0.069963302585878406 0.044247049035715871 -0.040181408487802446 0.059588217320346928 -0.043869856795679077 -0.027981102429037098 -0.015351669170637156 -0.057238099816917902 0.037453027337381539 -0.02214419050596815 0.082943160240310024 0.026973090045415888 -0.066953267827478138 0.04392458425490893 -0.087106183636624701 -0.029444114593339173 -0.017280289151998921 0.054279799148897523 0.00019365042884070724 0.048039360346514265 -0.027879280215688713 -0.052749875037331563 0.029810957281204933 0.066775438310130358 -0.021979334553422269 0.03553012339501254 -0.019974715136251885 -0.030553115041961572 0.039512933805943597 0.0022210702159562619 -0.071544000827744855 0.0072744719427716466 -0.03393543334866439 0.0044544597669337596 -0.040457696659784347 -0.021849418329219314 0.012947218842426937 0.0074503465099892349 0.062310602609711156 -0.0679134768418449 0.037254869491445283 -0.0072364527335763958 0.0068075702762002577 0.0073917580097077459 0.072731166994407806 0.039922036118771875 -0.0082034641475478409 0.027668116096152287 -0.034448596958183496 0.015459879891289033 -0.053362736001034916 -0.047766014245154295 -0.038946256618899493 0.046695835613745892 0.00041035956222982293 -0.036096688645880309 -0.0073891303167684264
leaf_weight=776.62383855879307 1668.2267105877399 982.31309512257576 183.96356324851513 3369.484227642417 103.99322247505188 268.10066549479961 461.18246565759182 108.98889414966106 46.527442395687103 537.1136828660965 516.44765876233578 471.69531312584877 134.76839479804039 19.4881192445755 163.95882698893547 197.61700397729874 286.00380729138851 31.100132420659065 12.899637401103972 14.799813374876978 39.238250404596329 25.32857583463192 35.911467805504799 22.558019205927849 306.8980088531971 1232.2737113386393 100.69847720861435 61.998146310448647 14.750193715095518 34.895109757781029 13.904591351747511 18.556155860424042 214.36212410032749 117.95150861144066 19.961705669760704 4185.3068768233061 68.885621801018715 26.375462532043457 22.446786239743233 106.44278107583523 135.90006598830223 118.69599141180515 140.62796397507191 85.318788111209869 13.007839635014532 21.632506296038628 22.540043771266937 101.31448222696781 32.447625175118446 51.882629603147507 593.56385983526707 71.102738812565804 25.162493973970413 30.175646916031837 51.747906684875488 17.22210781276226 49.243568986654282 14.399806290864946 14.833238795399664 1568.1133032143116 55.984572440385818 312.2537594884634 16.131178051233292 18.802307337522507 108.4448319375515 2832.9292273670435 37.555287808179855 19.237897381186485 20.530081927776337 28.065281569957733 97.960406869649887 281.11046651005745 23.926978766918182 19.507087588310242 320.37181496620178 603.13655661046505 125.38976204395294 16.286324337124825 27.828733921051025 20.44420537352562 161.66781476140022 15.136133730411528 16.909652084112167 14.767004728317259 107.00921857357025 135.18312542140484 80.847162857651711 6715.2153438180685 38.735954388976097 58.9530129134655 12.035089880228041 46.989908993244171 18.071569010615349 57.544863298535347 18.898388668894768 852.43493407964706 66.673259571194649 41.409089341759682 2712.2499965280294 13.910597115755079 69.179822996258736 72.90762796998024 160.15970478951931 36.74317766726017 189.1350562274456 13.948995456099508 25.651650339365005 14.098292812705038 25.666921570897102 21.374450445175171 76.663318619132042 704.39166279137135 544.72201281785965 29.898895710706711 45.975580379366875 645.26860393583775 245.75289332866669 16.665633201599121 178.44219759106636 247.62332484126091 29.414295345544815 25.650020644068718 42.548350900411606 32.066014230251312 15.427854746580122 43.466470345854759
leaf_count=3116 6751 3958 738 13617 419 1104 1861 442 192 2192 2090 1893 546 79 662 815 1151 125 52 61 159 104 148 91 1248 4981 409 249 60 140 56 75 864 476 81 16796 285 107 90 430 551 480 566 347 53 88 92 422 131 213 2394 286 101 122 220 70 202 58 60 6286 228 1269 65 76 438 11355 152 78 90 117 398 1152 98 79 1304 2431 517 66 112 84 650 62 69 60 431 543 334 26912 158 240 50 189 73 232 76 3428 267 166 10871 56 279 295 646 148 759 56 104 57 105 87 310 2829 2188 121 185 2592 988 67 720 1010 118 103 171 130 62 176
internal_value=5.36234e-07 -0.00360143 -0.00038571 0.0140647 -0.0153375 0.00987688 0.00835819 -0.00145816 0.00118236 0.0110267 0.00861912 -0.00282322 0.00299516 0.00603644 -0.00951746 0.0130028 -0.0107482 -0.0122136 -0.00673931 -0.0191002 0.0374319 -0.00868153 0.0186443 0.0155661 -0.0230242 -0.0204139 -0.00772772 -0.0104845 0.0129712 0.0262815 -0.0288323 0.0115944 -0.00801412 -0.0123302 0.0134274 -0.00732538 -0.00433202 -0.0168621 0.0236826 0.00732318 -0.0086544 -0.0143679 0.00553282 0.00676741 -0.0164038 0.0368477 0.0244001 0.0272882 0.0196636 0.0106876 -0.0206367 0.0123543 0.0272197 0.0542506 0.0565273 0.0335447 0.00101091 -0.0244465 0.0184756 -0.00103774 -0.0254869 0.0279131 0.0253396 0.0043674 0.00493482 -0.0033279 -0.0242102 -0.0228515 -0.0052979 -0.013947 0.0345261 -0.0258947 0.0067308 -0.0265325 -0.0156746 -0.0103596 -0.0375465 -0.0299066 0.0259368 0.0260597 0.0139681 -0.00393224 -0.014112 -0.0235372 -0.00508228 0.00388766 0.028177 0.00116974 0.0133277 0.00243735 9.2156e-05 0.00279271 0.0109517 0.00130116 -0.0199921 -0.0149669 -0.000798471 -0.000339437 -0.000724977 -0.00856021 -0.00323883 -0.0138711 0.0130179 -0.0039264 -0.00449031 -0.0374215 -0.0419182 -0.0102962 -0.0302428 -0.00145471 0.0113547 0.00503926 0.00641126 0.0133186 0.000459927 -0.0010647 0.0287359 0.0237232 0.0257246 -0.0498266 -0.00371132 0.00748528 0.00907975 0.0301409 0.0214787 0.0268185
internal_weight=39906.4 31769.8 24937 8136.57 6832.79 6059.46 5791.36 1860.08 1751.09 4388.78 3808.2 20548.2 1704.56 1555.89 3888.52 3931.28 3724.56 3507.86 1954.33 1553.52 82.3135 1872.02 702.12 666.208 2944.27 2495.7 1846.69 1638.5 216.704 2077.11 148.673 3712.03 1537.8 1200.08 137.913 5835 853.769 349.857 647.57 337.715 280.972 254.596 3160.63 2992.23 168.403 219.25 487.652 465.112 363.798 292.562 1509.47 3637.49 2042.22 69.4139 71.236 44.057 240.679 78.4766 29.233 14713.2 74.5407 2017.06 1704.8 503.912 2728.47 7221.37 1223.46 1185.91 205.576 185.046 112.711 1513.38 485.109 980.333 1062.17 741.798 448.574 323.184 625.124 1688.67 208.196 156.98 123.352 155.395 4510.87 2620.02 597.295 7491.84 162.203 123.467 26.8349 141.844 122.606 104.535 612.462 1324.13 4388.45 4321.77 4280.36 178.556 164.645 142.087 3566.39 196.903 4403.86 367.871 326.989 65.4169 51.3186 40.8815 138.661 2484.84 2300.87 1064.91 1235.97 1189.99 292.317 262.419 263.761 261.572 4214.72 772.59 746.94 64.5136 177.096 580.58
internal_count=160737 127752 100101 32985 27651 24575 23471 7568 7126 17703 15335 82398 6934 6332 15729 15903 15067 14190 7897 6293 333 7564 2874 2726 11922 10091 7460 6623 877 8410 602 15000 6214 4851 557 23425 3458 1423 2626 1363 1138 1031 12709 12030 679 903 2005 1913 1491 1192 6112 14697 8270 281 299 181 979 320 118 58973 303 8169 6900 2035 10963 28945 4961 4809 841 751 458 6133 1959 3968 4294 2990 1831 1314 2536 6835 837 634 499 626 18104 10525 2424 30028 659 501 111 572 494 421 2470 5321 17590 17323 17157 721 665 574 14411 794 17673 1498 1332 266 209 166 559 9982 9244 4279 4965 4780 1176 1055 1067 1066 16914 3103 3000 261 712 2368
is_linear=0
shrinkage=0.05


Tree=10
num_leaves=127
num_cat=0
split_feature=151 13 13 151 13 13 205 148 151 13 13 151 286 151 154 16 67 151 15 13 14 203 152 215 199 169 152 112 13 205 213 205 198 177 203 215 48 64 15 78 14 154 213 70 78 60 16 286 201 201 215 198 151 152 37 31 76 64 215 151 215 60 61 60 64 64 28 203 14 198 152 60 250 215 201 214 201 61 208 14 202 199 171 214 67 60 216 201 202 154 215 78 201 199 148 198 78 205 67 250 62 208 61 64 201 201 61 202 60 154 64 198 202 198 199 61 61 205 192 60 202 202 201 205 202 70
split_gain=731.302 1251.69 669.075 332.381 429.686 198.834 172.895 144.475 126.512 116.833 115.508 112.1 97.8124 95.7963 93.2686 76.1797 68.8644 67.0871 59.1955 64.328 55.4036 50.4455 46.9082 42.9253 42.5324 45.2701 42.3174 41.6602 41.5761 41.449 41.4123 43.2834 39.0918 38.3426 37.9543 48.1213 38.0669 37.7583 36.8341 36.4003 36.1268 36.0814 35.0578 34.5271 34.4078 34.1822 34.1192 32.3432 32.2192 32.1326 32.0381 31.9831 40.7344 31.8833 31.8384 33.0726 33.2255 31.8856 31.6269 31.4654 32.7795 31.392 33.6198 31.1968 30.9259 30.7222 37.185 38.4302 30.6281 30.4586 30.3376 38.7849 30.5102 30.0789 29.8609 29.4758 31.4031 30.2756 32.6879 29.2022 29.0579 28.9995 30.0188 28.97 29.6617 28.8819 28.7994 28.5625 28.551 35.8006 28.531 36.5559 29.9811 38.0104 30.2508 28.0381 27.8192 30.7789 27.7493 27.621 27.5233 27.3774 29.0419 30.9412 27.1883 40.4259 27.1858 27.1688 27.0066 26.8174 26.6454 26.5736 26.4258 26.702 33.0992 26.1588 74.5388 26.1579 26.0666 26.0219 25.9289 40.2454 25.8849 25.7626 25.7522 25.5268
threshold=0.90000000596046459 0.90000000596046459 0.90000000596046459 0.70000001788139354 0.70000001788139354 0.70000001788139354 0.60444998741149913 0.37500000000000006 0.70000001788139354 0.30000000447034841 0.70000001788139354 0.5000000149011613 0.62500000000000011 0.30000000447034841 1.0000000180025095e-35 1.0000000180025095e-35 0.60025000572204601 0.30000000447034841 0.83333334326744091 0.30000000447034841 1.0000000180025095e-35 0.38333334028720861 1.0000000180025095e-35 0.91666665673255932 0.36578947305679327 1.0000000180025095e-35 1.0000000180025095e-35 1.0000000180025095e-35 0.5000000149011613 0.52285000681877147 0.75000000000000011 0.46924999356269842 0.38627451658248907 1.0000000180025095e-35 0.37500000000000006 0.91666665673255932 1.0000000180025095e-35 0.47173912823200231 0.5000000149011613 0.41666667163372045 1.0000000180025095e-35 1.0000000180025095e-35 1.0000000180025095e-35 1.0000000180025095e-35 1.0000000180025095e-35 0.39019608497619634 1.0000000180025095e-35 0.87500000000000011 0.48195876181125646 0.53865978121757518 1.0000000180025095e-35 0.22156862914562228 0.5000000149011613 1.0000000180025095e-35 1.0000000180025095e-35 1.0000000180025095e-35 1.0000000180025095e-35 0.20434782654047015 1.0000000180025095e-35 0.30000000447034841 0.25000000745058065 0.32745099067687994 0.61315789818763744 0.57647061347961437 0.38913042843341833 0.29347826540470129 1.0000000180025095e-35 0.20277778059244159 1.0000000180025095e-35 0.40588235855102545 1.0000000180025095e-35 0.99019607901573192 1.0000000180025095e-35 0.41666667163372045 0.36855669319629675 0.25000000745058065 0.48195876181125646 0.28157894313335424 1.0000000180025095e-35 1.0000000180025095e-35 0.48695652186870581 0.38684210181236273 1.0000000180025095e-35 1.0000000180025095e-35 0.44054999947547918 0.28039216995239263 0.25000000745058065 0.64690721035003673 0.46739129722118383 1.0000000180025095e-35 -0.41666667163372034 1.0000000180025095e-35 0.25257731229066854 0.28157894313335424 0.62500000000000011 0.19803921878337863 0.41666667163372045 0.83394998311996471 0.40244999527931219 1.0000000180025095e-35 0.34565217792987829 1.0000000180025095e-35 0.36578947305679327 0.34565217792987829 0.43298968672752386 0.65721648931503307 0.44473683834075933 0.33913043141365057 0.38235294818878179 1.0000000180025095e-35 0.35000000894069677 0.35490196943283087 0.41956521570682531 0.41372549533844 0.55526316165924083 0.36578947305679327 0.33421052992343908 0.55234998464584362 1.0000000180025095e-35 0.4607843160629273 0.56956520676612865 0.59347826242446911 0.38917525112628942 0.76524999737739574 0.54782608151435863 1.0000000180025095e-35
decision_type=2 2 2 2 2 2 2 2 2 2 2 2 2 2 2 2 2 2 2 2 2 2 2 2 2 2 2 2 2 2 2 2 2 2 2 2 2 2 2 2 2 2 2 2 2 2 2 2 2 2 2 2 2 2 2 2 2 2 2 2 2 2 2 2 2 2 2 2 2 2 2 2 2 2 2 2 2 2 2 2 2 2 2 2 2 2 2 2 2 2 2 2 2 2 2 2 2 2 2 2 2 2 2 2 2 2 2 2 2 2 2 2 2 2 2 2 2 2 2 2 2 2 2 2 2 2
left_child=1 3 10 4 7 15 22 12 41 11 38 30 50 28 17 18 73 -6 19 -5 23 32 44 26 33 42 96 90 -11 -21 31 -9 51 37 36 39 48 86 46 80 54 -3 70 59 61 -20 -2 -44 -19 106 -1 -15 58 -54 55 56 57 -10 -53 60 65 -4 98 68 75 66 67 -33 118 85 71 72 119 79 -70 76 77 -23 95 -8 -36 82 -50 84 -67 -43 -12 -52 101 -90 -18 92 94 123 -92 -79 97 109 -63 -95 -93 102 103 -59 -62 -106 -48 -103 -29 -7 -38 -16 113 114 -28 116 -42 -14 -34 -26 -99 -122 -46 -94 -78 -74
right_child=2 8 6 5 14 20 16 9 40 13 24 -13 117 21 111 -17 27 34 45 29 -22 64 -24 -25 25 -27 112 108 -30 -31 -32 43 63 -35 35 -37 110 -39 -40 -41 115 69 47 -45 122 -47 49 -49 81 -51 87 52 53 -55 -56 -57 -58 88 -60 -61 104 62 -64 -65 -66 83 -68 -69 74 -71 -72 -73 125 -75 -76 -77 124 78 -80 -81 -82 -83 -84 -85 -86 -87 -88 -89 89 -91 91 100 93 99 -96 -97 -98 120 -100 -101 -102 107 -104 -105 105 -107 -108 -109 -110 -111 -112 -113 -114 -115 -116 -117 -118 -119 -120 -121 121 -123 -124 -125 -126 -127
leaf_value=-0.00088414180536735664 0.048068372662538272 -0.0446695524938686 0.014696024761767956 0.055448462910283353 -0.048478817232142722 0.0061234669626881082 -0.010952384184610397 0.022879526507281311 0.011349537404500995 -0.0088981748148381917 0.01200451026708828 0.036037011878600957 -0.0083131820961454706 -0.024642331231416039 0.003559839459080864 -0.018841307011200684 -0.066047556988958492 -0.036105001399899618 0.0081715741770612728 0.033717341627664814 -0.014303941728590003 -0.030233799902547237 0.030638775936292675 -0.062960179903014987 0.029046951627934636 -0.038466037407107224 0.034889647403517965 0.005505558086691534 -0.035198762499247103 0.018182845223771015 -0.050598504883567652 -0.032279369428995362 -0.0079560566030148026 -0.027454958780649685 -0.019437020851580993 0.062586153306549874 -0.036764131580350738 0.046569562380683424 0.00074074951048454588 0.059893741325451437 -0.057964897451054445 0.027933880902177001 0.015365121521537489 -0.019201188801459781 0.0053300713288606536 -0.068467792606379529 -0.01502162088735947 -0.050874295651386126 -0.03999297807936826 -0.052433769083059495 -0.017882216799803164 -0.0016795747787635975 0.010259447818741095 0.046780566431593937 0.005538010624824577 0.032612901499399979 0.011302459928556814 -0.036859750212359134 -0.051159333578669169 0.016310882868372605 0.034424779367187373 -0.024535084238565943 0.016641708345425509 0.043607487058982666 0.015482016922787258 -0.008542009076581052 -0.032406718341437261 0.031590680572519909 -0.0092499966188144371 0.054615929865591488 0.046838678726613292 -0.057621684087469351 0.015620557797869555 -0.055869558016385615 -0.061156684948867959 -0.051863625585736976 -0.0090518773087988509 0.058380234940078594 0.061648735507177754 -0.033610679356997825 -0.00056391181899828255 -0.0042165129445429191 0.040341971520135925 -0.024232352831587801 0.010013330556516851 -0.046420775067911507 -0.050536664529368884 0.0085549698788212787 -0.040490924462072024 0.028281632684988796 -0.00057902648942621837 -0.0057330499317537068 0.010636822606324741 -0.0013871555790573233 0.044888655087190581 0.0087359581267648905 0.044614289078971511 -0.002550463823524324 0.00074600767678527564 -0.023490766613237745 0.049752222537925488 -0.027364749367111599 -0.027907064832581197 0.00045191238252512763 -0.046828551300010492 0.020725204453278301 0.059466173225466337 0.027553193540879591 0.044198647846606071 0.049207748435959903 0.047427961996531126 0.050577508675170947 0.041537017295509522 -0.02444494460555284 -0.0073029352331947578 -0.044036819541631883 0.04371887047700064 -0.022243718238537658 -0.07702331431060469 0.052575229535556316 -0.073959508027362869 0.0052306063930129335 0.058597713659701484 -0.055822707310832123 0.032573872052763388 -0.051457354025488899
leaf_weight=9567.6689676344395 981.63474315404892 1266.8681630790234 767.78074787557125 152.19573716819286 218.27422627806664 1066.7137608975172 913.06820370256901 504.16983538866043 60.318074733018875 529.08506532013416 295.05436888337135 435.83470512926579 619.81385347247124 95.009340554475784 75.881246030330658 114.84196142852306 17.703877672553062 623.48161518573761 31.807631477713585 564.86177302896976 439.76932206749916 41.542004764080048 310.64103032648563 23.010366842150688 1012.2641363441944 25.706451013684273 129.51266306638718 104.06412808597088 209.86649239063263 1790.5194776952267 28.935478568077087 25.913443133234978 436.9589661359787 58.560850694775581 1392.8495914041996 19.74077071249485 14.134731814265249 80.015126734972 47.585173293948174 15.671479985117911 38.74080266058445 18.408621966838837 175.72113519906998 121.22769650816917 36.809021443128586 26.814136043190956 20.232630670070648 20.587588801980019 140.46304823458195 15.327232897281645 503.10429871082306 330.01448898017406 397.34409433603287 70.339720785617828 107.33644486963749 26.925810366868973 67.434303715825081 76.484595283865929 35.798744514584541 791.88939547538757 19.858882248401642 152.35841692984104 222.33966222405434 22.873007103800774 892.55354215204716 298.12875819206238 30.405434146523476 258.38632744550705 48.060328260064125 14.907567352056502 249.13477642834187 13.143788203597067 176.10671012103558 45.755290925502777 65.427073583006859 23.841351479291916 438.82253412902355 29.900800600647926 33.827027559280396 168.43184888362885 238.93213111162186 193.3819654583931 12.678114950656889 92.959921881556511 775.92588925361633 44.951372295618057 19.632118344306946 128.19916905462742 392.42610462009907 19.882174536585808 97.872626036405563 36.742560386657715 19.123236700892448 997.74181416630745 58.41711300611496 582.70156313478947 39.112953245639801 810.57039512693882 377.42932575941086 164.66145792603493 57.059534996747971 39.25617903470993 1039.1611855775118 203.13043999671936 83.793831184506416 30.1020877212286 31.044267997145653 52.826370075345039 79.584943309426308 37.383425235748291 28.041282847523689 49.757324829697609 112.94740457832813 41.144345864653587 72.503488257527351 309.60299457609653 33.700577825307846 738.4830234348774 14.101813703775404 132.95104688405991 33.080618605017662 31.153381422162056 59.952585324645042 61.403686925768852 40.593287721276283 15.425670951604841
leaf_count=38292 4079 5211 3086 626 895 4274 3678 2026 244 2125 1192 1773 2496 382 305 461 79 2514 128 2278 1763 167 1256 100 4119 103 520 420 853 7215 118 104 1754 236 5601 83 57 329 191 64 157 74 711 487 150 113 82 83 567 62 2019 1324 1596 283 431 108 271 309 145 3185 80 611 893 92 3584 1198 122 1040 193 60 1029 55 714 192 264 96 1761 120 136 679 961 778 51 376 3114 183 79 514 1599 80 396 149 77 4024 247 2340 167 3249 1520 669 237 159 4201 819 338 121 126 213 329 150 113 201 454 165 291 1262 136 2995 57 542 133 125 248 251 163 62
internal_value=6.45343e-07 -0.00342402 0.0133917 0.000243661 -0.00246228 0.0112366 0.00130023 0.000270921 -0.0302985 0.00551191 0.0304301 0.0123117 -0.00328263 3.0361e-05 -0.0199949 0.0209999 -0.00658453 -0.0218236 0.0227829 0.023944 0.00200967 0.00339657 0.0128437 0.00500251 0.0240048 0.0274161 0.00566122 -0.000213288 -0.0163677 0.0219083 0.00893442 0.00950242 -0.00354303 0.0102994 -0.0196521 -0.0150153 -0.0272896 0.0159009 0.0437655 -0.0159452 -0.0235732 -0.0426341 0.0283594 0.00683519 0.00942441 -0.026884 0.0457187 0.00841836 -0.0293115 0.0110878 -0.00160399 0.00284337 0.00597643 0.0157522 -0.0209834 -0.0224227 -0.0231822 -0.0244169 -0.0065217 0.0081463 0.00414411 0.00758393 0.000323815 -0.0136377 0.00844505 0.00628401 0.0201483 0.025769 -0.015957 -0.00968808 0.0308075 0.0278488 0.0286892 -0.0161611 -0.0391749 0.00317244 0.00429644 0.0111422 0.0138011 -0.0144812 -0.0166735 -0.0170882 -0.0333423 0.00254525 0.00486287 -0.0248178 0.0081028 -0.0125136 -0.0256002 -0.0371746 -0.00294684 -0.00219861 -0.00422433 -0.00681966 0.0164156 0.0111591 0.00285703 0.0020317 -0.00652443 -0.00451827 0.0280185 -0.0222177 -0.0240582 -0.00975415 -0.0195614 -0.0289745 0.0300751 0.00414085 0.0222733 0.00758225 0.0192121 0.0221805 0.0215521 0.0122692 0.0197468 -0.0377082 -0.0106604 -0.015887 -0.0101154 0.0317784 -0.00497369 -0.0355524 0.0383342 -0.0400401 -0.00552733 0.0102182
internal_weight=39866.1 31747.1 8119.07 27934.7 22416.7 5517.94 4748.94 19393.5 3812.36 7836.19 3370.13 3497.53 11557.3 4338.66 3023.29 2681.04 2821.63 2897.65 2566.2 2507.58 2836.9 3599.71 1927.31 2397.13 2274.3 1821.04 2374.12 1694.37 738.952 2355.38 3061.7 3032.76 1515.93 453.262 2679.37 1667.19 1012.18 394.702 1095.82 1647.45 2467.23 1345.14 1795.33 2528.59 1616.67 58.6218 1048.24 196.309 970.005 66.6041 10199 928.506 833.497 467.684 2085.18 1977.85 1950.92 1883.49 365.813 2407.36 1615.47 1519.91 752.127 587.421 2083.78 1481.72 314.705 284.3 564.548 78.2676 1599.03 1349.89 1336.75 1127.26 113.487 1191.23 1167.39 687.971 646.429 1081.5 1631.78 346.523 153.141 1167.01 1074.05 63.36 314.686 631.303 1823.17 412.308 1510.73 1493.02 1399.22 1242.93 156.29 612.602 2018.01 1978.9 529.788 1162.4 93.8021 1410.86 1318.78 279.615 133.755 113.896 51.2769 92.0825 183.649 1104.1 42.176 125.639 356.108 243.16 202.016 382.044 72.4414 1358.3 451.061 1145.22 874.804 64.234 96.7616 80.5269 479.416 191.532
internal_count=160737 127752 32985 112235 90023 22212 19191 77833 15517 31517 13794 14082 46316 17435 12190 10821 11427 11684 10360 10119 11391 14457 7764 9628 9254 7418 9528 6878 2978 9493 12309 12191 6090 1836 10789 6709 4080 1600 4540 6626 9989 5528 7315 10165 6508 241 4349 794 3910 270 40825 3730 3348 1879 8434 8003 7895 7624 1469 9678 6493 6110 3024 2360 8367 5954 1266 1144 2268 317 6521 5492 5437 4549 457 4783 4687 2763 2596 4357 6562 1396 618 4688 4312 257 1271 2533 7380 1679 6129 6050 5664 5021 643 2460 8098 7931 2131 4693 386 5701 5329 1128 539 459 208 372 749 4424 170 506 1430 976 811 1555 293 5491 1811 4661 3507 258 398 328 1924 776
is_linear=0
shrinkage=0.05


Tree=11
num_leaves=127
num_cat=0
split_feature=151 13 13 151 13 13 151 205 151 13 151 13 16 13 77 67 208 215 15 13 214 199 14 75 203 75 152 153 13 203 202 215 215 203 85 216 152 169 199 199 48 214 81 205 153 201 208 184 202 77 60 37 199 39 15 14 203 162 207 16 14 37 214 61 201 215 16 31 76 202 177 60 76 60 199 215 199 153 201 250 202 167 65 198 205 201 72 151 216 60 65 65 78 198 215 152 201 202 201 60 61 205 77 77 201 215 62 60 13 199 202 213 201 217 176 16 205 61 153 199 13 203 151 213 203 65
split_gain=661.93 1135.56 608.735 300.379 398.587 180.058 170.256 156.225 156.165 128.015 116.51 106.661 68.9181 68.4548 64.6004 64.0354 59.8499 57.2395 53.5793 59.2383 52.2908 61.0278 50.0162 48.1809 43.712 42.6072 42.551 41.9022 42.3122 41.3144 67.1498 44.3082 39.3346 39.1552 38.3912 39.2982 38.2762 37.4985 39.1106 37.8284 37.065 36.7826 36.7033 36.4855 36.4304 36.267 45.0195 39.7548 38.014 36.1495 36.0087 35.3901 35.3112 33.8774 33.8701 33.0891 32.8113 31.7939 38.7092 41.1205 33.6107 31.6979 31.5523 64.1711 42.8165 41.7585 31.464 31.4568 32.7109 31.3548 33.6526 31.3461 30.3718 33.4908 45.6467 30.2598 30.1436 38.4993 34.4045 50.0991 36.3653 32.7793 31.4609 30.8694 29.7727 29.0118 28.6542 28.5882 28.5136 28.1813 33.611 29.2218 27.861 27.7569 29.1121 28.0753 29.6303 27.5927 27.4508 27.4479 34.4422 27.3927 29.8134 27.2896 27.0894 27.0775 29.2348 28.2728 29.9542 26.9677 26.9342 26.7568 33.2261 26.143 44.7489 26.1411 28.16 27.7302 26.5118 26.2124 25.8526 32.5647 26.61 31.1111 25.7901 25.6522
threshold=0.90000000596046459 0.90000000596046459 0.90000000596046459 0.70000001788139354 0.5000000149011613 0.70000001788139354 0.5000000149011613 0.60444998741149913 0.30000000447034841 0.70000001788139354 0.70000001788139354 0.70000001788139354 1.0000000180025095e-35 0.30000000447034841 0.25000000745058065 0.37364999949932104 1.0000000180025095e-35 0.25000000745058065 0.83333334326744091 0.30000000447034841 0.41666667163372045 0.36578947305679327 1.0000000180025095e-35 0.25000000745058065 0.69166666269302379 0.25000000745058065 1.0000000180025095e-35 0.5000000149011613 0.70000001788139354 0.37500000000000006 0.48695652186870581 0.41666667163372045 0.91666665673255932 0.097222223877906813 1.0000000180025095e-35 0.41666667163372045 1.0000000180025095e-35 1.0000000180025095e-35 0.36578947305679327 0.31052631139755255 1.0000000180025095e-35 0.25000000745058065 1.0000000180025095e-35 0.52285000681877147 0.5000000149011613 0.32216493785381323 1.0000000180025095e-35 1.0000000180025095e-35 0.25652173161506658 1.0000000180025095e-35 0.38627451658248907 1.0000000180025095e-35 0.41842105984687811 1.0000000180025095e-35 0.5000000149011613 1.0000000180025095e-35 0.38333334028720861 1.0000000180025095e-35 1.0000000180025095e-35 0.75000000000000011 1.0000000180025095e-35 1.0000000180025095e-35 0.25000000745058065 0.39210526645183569 0.25257731229066854 0.91666665673255932 1.0000000180025095e-35 1.0000000180025095e-35 1.0000000180025095e-35 0.45217391848564154 1.0000000180025095e-35 0.39019608497619634 0.41666667163372045 0.35490196943283087 0.54999998211860668 1.0000000180025095e-35 0.49473683536052709 0.83333334326744091 0.4097938090562821 1.0000000180025095e-35 0.49782608449459081 1.0000000180025095e-35 0.4638888835906983 0.37058824300765997 0.42325000464916235 0.53865978121757518 1.0000000180025095e-35 0.30000000447034841 1.0000000180025095e-35 0.48627451062202459 0.47499999403953558 0.58055555820465099 0.41666667163372045 0.57647061347961437 0.25000000745058065 1.0000000180025095e-35 0.46649484336376196 0.4086956530809403 0.48195876181125646 0.32745099067687994 0.61315789818763744 0.58394998311996471 0.25000000745058065 0.91666665673255932 0.62628865242004406 0.41666667163372045 0.51739129424095165 0.31176471710205084 0.30000000447034841 0.41842105984687811 0.36739130318164831 1.0000000180025095e-35 0.30154637992382055 -1.0000000180025095e-35 1.0000000180025095e-35 1.0000000180025095e-35 0.83394998311996471 0.60789474844932567 0.83333334326744091 0.36578947305679327 0.30000000447034841 0.61388888955116283 0.30000000447034841 1.0000000180025095e-35 0.38333334028720861 0.38333334028720861
decision_type=2 2 2 2 2 2 2 2 2 2 2 2 2 2 2 2 2 2 2 2 2 2 2 2 2 2 2 2 2 2 2 2 2 2 2 2 2 2 2 2 2 2 2 2 2 2 2 2 2 2 2 2 2 2 2 2 2 2 2 2 2 2 2 2 2 2 2 2 2 2 2 2 2 2 2 2 2 2 2 2 2 2 2 2 2 2 2 2 2 2 2 2 2 2 2 2 2 2 2 2 2 2 2 2 2 2 2 2 2 2 2 2 2 2 2 2 2 2 2 2 2 2 2 2 2 2
left_child=1 3 11 4 6 12 14 26 27 50 44 54 18 101 16 -9 17 20 19 -5 23 -22 32 57 -19 42 49 28 75 40 56 -32 36 -13 35 43 103 38 39 41 98 -35 62 -21 87 46 110 -47 -48 99 84 105 -29 55 66 61 -31 58 59 120 -59 67 64 -64 89 76 -2 68 -12 -18 104 -20 73 -25 -75 -6 77 78 80 83 -66 113 -82 88 -10 -68 -86 -3 109 90 -17 -92 -58 94 95 96 -52 -41 -11 -4 -101 -8 -103 115 -71 106 107 -16 -109 -80 -40 -45 -113 114 -78 116 117 118 -7 -119 121 122 123 -1 -46 -96
right_child=2 10 7 5 8 22 13 15 9 29 53 33 -14 -15 51 25 69 24 71 34 21 -23 -24 72 -26 -27 -28 52 -30 30 31 -33 -34 37 -36 -37 -38 -39 45 97 -42 -43 -44 111 124 47 48 -49 -50 -51 93 -53 -54 -55 -56 -57 92 60 -60 -61 -62 -63 63 -65 65 -67 85 -69 -70 70 -72 -73 -74 74 -76 -77 81 -79 79 -81 82 -83 -84 -85 86 -87 -88 -89 -90 -91 91 -93 -94 -95 125 -97 -98 -99 -100 100 -102 102 -104 -105 -106 -107 -108 108 -110 -111 -112 112 -114 -115 -116 -117 -118 119 -120 -121 -122 -123 -124 -125 -126 -127
leaf_value=0.0022930658419419011 0.046118843228673358 -0.067544878701115293 0.013523961973135823 0.053176429491699331 -0.021035634744937828 0.011590580917703132 0.05128810492973658 -0.0203723106521254 0.0037261577202829313 -0.032980179374310935 -0.02473570297911494 -0.049512021161316352 -0.017904174426581734 0.010184971304874176 0.0325101715076321 0.041834872946539502 0.0252850366217734 -0.021064370808660273 0.0077649669751932984 0.033455263521876159 0.052995424159800221 -0.040641771410411837 -0.013589615036938505 0.024740420643803333 0.034147064787432173 0.035383762564106767 0.029191439516906816 -0.040760494226647848 -0.051362225013950186 0.050241087329209948 0.003087181656278944 0.06611170420968901 -0.060861617103534299 0.033623088204810962 -0.045170060611040071 -0.031243016754668007 0.020507088814529208 -0.03657664953841222 0.029595291506152407 0.016317278388546283 0.020447587155447061 -0.048959008949513355 0.061652435504131103 0.020527302657240162 -0.032964522517225321 0.032962619474370569 -0.06959504222170447 -0.019181455011323532 0.020473810326052149 0.035352924464284959 0.0080905660661553559 -0.049414573253821641 0.063378340091121588 0.0054750803557310898 0.00070373879218647102 -0.037577995461594932 -0.018098134873489047 -0.0055255273173194864 0.020095259375752735 0.049333670698599008 -0.034486343931303995 0.0052601260743020371 0.039152657644318085 -0.059718868010192286 -0.036483782140499549 -0.060148666802375995 0.028678702368662587 0.030998972550523002 0.010736999023476367 -0.023610904932606997 0.058794138999990399 -0.065878958401272517 0.056280428426428081 -0.02605816453950684 0.039843179512287455 -0.045867993980548312 0.0067985178854959114 -0.064844333995690062 -0.010358654788367392 -0.036912376036111548 -0.028195454462101338 -0.051228030027301558 0.031816290484249443 0.022978480757666443 -0.0075782763969070403 -0.049668769873912028 -0.041806101289620763 -0.04028082197522085 -0.035706972927773674 -0.03235568212304548 -0.033650438065691013 0.031698418517296829 0.051927705336955114 -0.035506731471790023 0.065603057724573782 0.02312435464765163 -0.011024101461851975 -0.017214748618765017 -0.015780047092282312 -0.0071558794149594153 0.016349941495755749 0.019049851916436197 0.053830127986203173 0.065433937071783091 0.034778624384054733 -0.012111887469926029 0.058046086930279975 0.016032801923039946 -0.031669652904852574 0.017531079710990532 0.00097856022071679625 -0.042323770874426347 0.012712306004907354 0.0069648318153732571 -0.086058607589000913 -0.029434976382086697 -0.003536376932938819 -0.040256704886594295 0.081704612027785894 0.0017490268998921145 -0.0040691215709500973 -0.009981646836443191 0.010056369461840867 -0.014484143872309521 0.036100961231318653 0.00059714184972573534
leaf_weight=3811.1806793212891 972.21491891145706 104.70792871713638 757.80994553864002 150.79906775057316 592.1931226849556 838.38690128922462 122.87174533307552 625.58090955018997 631.58680105209351 641.93928490579128 1791.1801640689373 18.517639338970184 114.81104709208012 1558.1878317445517 200.39655902981758 114.63291937112808 334.76166032254696 498.20797419548035 31.799755930900574 553.09228551387787 19.900935232639313 138.51373678445816 439.74168448150158 209.32771247625351 38.629040449857712 72.764422401785851 309.76315443217754 13.059853017330168 214.77053390443325 18.153643175959587 249.88646350800991 31.390344604849815 22.623455762863159 179.27654613554478 21.816403195261955 34.831907674670219 355.56914190948009 25.683146104216576 260.45565222203732 111.84041279554367 43.364612236618996 14.580376937985418 21.380229353904724 1604.3968315571547 28.930259704589844 1313.6583554297686 27.278296068310738 37.598950430750847 20.532564491033554 120.1015929877758 505.05709029734135 19.074265584349632 21.60819499194622 103.91654549539089 47.583399817347527 363.11209145188332 1427.0498808324337 1133.1705009788275 243.82489033043385 41.862999349832535 109.89978893101215 107.35599626600742 22.184693694114685 63.058473452925682 180.17154817283154 34.169296994805336 51.095280930399895 26.911602184176445 67.436353996396065 100.44044698774815 19.345923557877541 26.482834964990616 44.518777474761009 93.61201436817646 36.529608905315399 154.73388969898224 33.846215173602104 31.417617499828339 201.36015297472477 90.239815905690193 42.268035888671875 27.291054517030716 45.186538204550743 146.23307050764561 2344.0564973801374 15.370231732726095 62.784102976322174 1176.2882267087698 59.719316318631172 23.993489354848862 35.796945258975029 32.764655634760857 14.347127884626387 41.555988594889641 37.291993379592896 162.31679017841816 338.7049742937088 135.89560115337372 363.22259414196014 513.7680988162756 223.69252218306065 380.75750750303268 73.510341167449951 17.195855170488358 24.761177703738213 58.28946940600872 55.609932154417038 152.78172522783279 41.943764016032219 152.18155066668987 120.15887494385242 37.873453736305237 99.391367882490158 741.5443758815527 21.039941862225533 63.330754309892654 860.04913599789143 46.947439655661583 13.70281235873699 177.76092576980591 3031.130116969347 544.28064835071564 1032.2689224034548 297.92241977155209 25.370057538151741 25.589971274137497
leaf_count=15255 4079 444 3047 626 2397 3361 499 2523 2532 2595 7273 75 461 6255 813 476 1348 2012 128 2237 80 569 1763 844 155 299 1256 53 888 73 1005 132 100 730 88 141 1430 103 1065 454 175 59 92 6474 118 5379 113 153 84 496 2026 77 87 419 191 1487 5745 4537 978 168 441 431 92 260 735 150 208 108 271 404 78 113 186 376 147 639 136 128 809 365 173 110 187 591 9404 62 252 4863 243 97 144 132 59 167 150 652 1358 550 1465 2066 899 1539 309 79 100 235 226 619 169 613 489 153 400 2986 86 254 3449 188 55 712 12139 2179 4136 1193 103 103
internal_value=6.90654e-07 -0.00325736 0.0127613 0.000231689 -0.00234083 0.0106897 0.00259834 0.00123682 -0.0113466 -0.0086884 -0.0289184 0.0290728 0.0199942 0.0156334 0.000341312 -0.00626164 -0.000424122 -0.00115657 0.0216935 0.0227974 -0.000363606 -0.0288785 0.00191034 6.13596e-05 -0.0170915 -0.00223684 0.0122162 -0.0298569 -0.0318037 -0.0169715 -0.0122489 0.0101207 0.00475558 0.0228965 0.0208491 0.0214674 0.00538117 0.0234932 0.0241878 0.0108686 -0.0248122 0.0274119 -0.00352779 0.0222675 -0.040809 0.0274927 0.0148166 0.0315117 -0.0309146 0.00896105 -0.00311966 0.0174504 0.024148 -0.0224639 0.0419537 -0.0236962 -0.0165598 -0.000590332 0.000444671 -0.000102366 -0.00808595 -0.0211669 -0.00419168 -0.0339874 -0.00293048 -0.00539938 0.0438435 -0.0226715 -0.0234486 0.0168817 -0.0025798 -0.0256979 0.0174497 0.0123574 -0.00756024 -0.0261799 -0.00434395 -0.0104195 -0.00855553 -0.00234105 -0.0236428 0.00265393 0.00281176 0.00323489 -0.00593573 0.0105608 -0.00847113 -0.0425094 -0.0037514 0.0185982 0.0252718 -0.00242111 -0.0174011 0.00458524 0.00614382 0.00408094 0.000417511 -0.00207672 -0.0267648 0.00684123 -2.59036e-05 0.0303433 0.0246781 0.00271518 -0.0120632 0.019956 0.0241031 0.0193259 0.00575772 0.00164644 0.0205611 0.0187146 -0.00247299 0.00450029 -0.0287971 0.00217597 0.00320958 0.00859765 0.0127181 -0.00702707 -0.000339786 0.00164839 0.00287958 0.00107667 -0.000695921 0.0391487
internal_weight=39803.7 31708 8095.7 27912.8 22402.2 5510.6 14467.5 4743.96 7934.66 6938.3 3795.21 3351.74 2675.29 2135.33 12332.2 2818.83 11804.1 11324.8 2560.48 2502.2 10787.9 158.415 2835.31 10629.5 536.837 2193.24 1925.14 996.366 961.698 2789.35 1740.83 281.277 2395.57 2265.48 2351.4 2329.59 2372.94 2246.96 2221.28 441.593 1048.53 193.857 2120.48 2294.75 1335.3 1779.68 428.425 1351.26 47.8109 1615.37 4148.94 528.096 34.668 2459.91 1086.26 2356 1459.55 10245.5 9002.47 8758.65 1243.07 1992.88 2099.1 85.2432 2013.86 1806.67 1038.68 1885.53 1858.62 479.309 144.548 58.2826 383.988 339.469 130.142 746.927 1772.5 948.778 917.36 649.734 267.626 823.722 87.4546 559.494 3038.43 66.4655 2406.84 1281 413.261 207.188 183.195 68.5616 1441.4 1110.52 1068.96 1006.08 843.762 247.736 1005.16 1495.27 737.461 577.14 454.268 2017.37 125.202 509.021 450.732 395.122 194.725 353.542 380.615 1741.66 137.265 796.431 54.8862 2000.18 1936.85 1076.8 852.09 224.708 8716.78 5685.65 5141.37 4109.1 54.3003 62.882
internal_count=160737 127752 32985 112235 90023 22212 58066 19191 31957 27893 15517 13794 10821 8602 49464 11427 47325 45395 10360 10119 43228 649 11391 42579 2167 8904 7764 4064 3924 11249 7014 1137 9628 9254 9493 9405 9528 9179 9076 1793 4235 789 8605 9264 5528 7283 1751 5532 197 6508 16644 2139 140 9989 4540 9570 5877 41026 36048 35070 4978 8083 8513 352 8161 7312 4349 7652 7544 1930 582 241 1553 1367 523 3036 7162 3844 3716 2621 1095 3318 360 2256 12188 270 9656 5307 1665 849 752 276 5804 4456 4289 4036 3384 1004 4060 6012 2965 2347 1848 8098 504 2062 1827 1601 788 1422 1554 7027 553 3208 222 8019 7765 4316 3416 900 34902 22763 20584 16448 221 253
is_linear=0
shrinkage=0.05


Tree=12
num_leaves=127
num_cat=0
split_feature=13 148 286 205 75 63 60 205 213 205 148 75 205 286 201 77 215 213 210 203 60 172 215 70 148 286 65 213 75 148 173 201 67 67 201 57 153 215 199 15 77 198 60 63 186 215 64 77 65 13 77 199 76 77 203 200 67 77 198 201 148 62 62 213 63 198 83 77 203 62 199 213 201 37 64 48 79 38 199 217 153 202 38 213 16 13 60 70 148 200 203 199 201 60 63 200 78 148 63 64 187 38 148 154 26 286 75 67 64 67 200 198 199 203 64 67 238 70 13 148 65 63 199 205 50 199
split_gain=582.622 422.974 184.883 107.365 79.4919 93.6593 75.8868 74.0963 68.8138 62.9637 60.5903 58.568 56.0475 63.5955 53.7431 57.4244 63.8189 52.6124 50.3884 46.8861 43.1883 42.1737 41.7145 39.8804 43.8011 41.9518 39.5756 39.3393 39.178 37.7884 37.6776 37.5186 42.4823 37.2902 37.0241 35.7941 35.581 48.6108 58.0712 34.5186 60.8633 36.4904 34.4781 34.0073 33.1231 32.7227 35.7066 46.5872 32.6571 32.2689 31.1019 30.6162 30.3712 30.2067 29.8247 29.5445 29.4574 29.3556 29.326 27.8082 27.4522 27.2346 34.7599 27.0845 27.0716 26.9696 26.6857 29.4332 29.4373 43.6041 26.4277 26.2628 39.4657 26.2619 26.0546 25.986 25.6905 35.7459 25.4832 29.0902 25.2629 24.9473 26.2599 29.9933 28.03 28.7665 31.1964 24.7017 24.4327 24.4059 24.2168 31.4931 24.0565 23.2557 22.8918 31.0377 25.768 22.7664 22.688 22.669 22.5712 22.2231 23.9086 21.8438 23.0429 21.8142 21.6469 21.5033 21.315 21.0265 20.9007 20.7803 40.6195 23.781 20.7736 20.2696 20.2664 23.2444 22.7269 20.2317 29.0201 24.0292 20.1928 20.0607 20.0558 20.0167
threshold=0.90000000596046459 0.62500000000000011 0.62500000000000011 0.62944999337196361 0.25000000745058065 0.27061854302883154 0.19803921878337863 0.50405001640319835 0.25000000745058065 0.57394999265670787 0.62500000000000011 1.0000000180025095e-35 0.45665000379085546 0.37500000000000006 0.27061854302883154 1.0000000180025095e-35 0.58333334326744091 0.41666667163372045 1.0000000180025095e-35 0.51944443583488475 0.35490196943283087 1.0000000180025095e-35 0.25000000745058065 1.0000000180025095e-35 1.0000000180025095e-35 1.0000000180025095e-35 0.27222223579883581 0.25000000745058065 1.0000000180025095e-35 0.62500000000000011 1.0000000180025095e-35 0.47164948284626013 0.40674999356269842 0.60025000572204601 0.51030924916267406 1.0000000180025095e-35 0.5000000149011613 0.25000000745058065 0.54999998211860668 0.5000000149011613 0.58333334326744091 0.35098040103912359 0.47450980544090277 0.55927833914756786 1.0000000180025095e-35 -0.25000000745058054 0.6347826123237611 0.91666665673255932 0.33055555820465093 0.70000001788139354 0.25000000745058065 0.62894734740257274 1.0000000180025095e-35 0.25000000745058065 0.38333334028720861 0.33695651590824133 0.63754999637603771 0.25000000745058065 0.22156862914562228 0.62113401293754589 1.0000000180025095e-35 0.49782608449459081 0.35869564116001135 0.58333334326744091 0.48195876181125646 0.31176471710205084 1.0000000180025095e-35 1.0000000180025095e-35 0.46944443881511694 0.39347825944423681 0.29736842215061193 0.25000000745058065 0.36855669319629675 1.0000000180025095e-35 0.51304346323013317 1.0000000180025095e-35 -1.0000000180025095e-35 1.0000000180025095e-35 0.42368420958518987 -1.0000000180025095e-35 0.5000000149011613 0.23695652186870578 1.0000000180025095e-35 1.0000000180025095e-35 1.0000000180025095e-35 0.5000000149011613 0.59607845544815075 1.0000000180025095e-35 1.0000000180025095e-35 0.61956521868705761 0.18888889253139499 0.50263157486915599 0.36855669319629675 0.3980392217636109 0.43298968672752386 0.31956522166728979 0.25000000745058065 0.62500000000000011 0.28092782199382788 0.38913042843341833 1.0000000180025095e-35 1.0000000180025095e-35 0.62500000000000011 1.0000000180025095e-35 1.0000000180025095e-35 0.87500000000000011 0.41666667163372045 0.58665001392364513 0.4086956530809403 0.29764999449253088 0.45000000298023229 0.38627451658248907 0.59999999403953563 0.46944443881511694 0.47173912823200231 0.64114999771118175 1.0000000180025095e-35 1.0000000180025095e-35 0.5000000149011613 0.87500000000000011 0.61944445967674266 0.32989689707756048 0.52105262875556957 0.44015000760555273 1.0000000180025095e-35 0.65526315569877636
decision_type=2 2 2 2 2 2 2 2 2 2 2 2 2 2 2 2 2 2 2 2 2 2 2 2 2 2 2 2 2 2 2 2 2 2 2 2 2 2 2 2 2 2 2 2 2 2 2 2 2 2 2 2 2 2 2 2 2 2 2 2 2 2 2 2 2 2 2 2 2 2 2 2 2 2 2 2 2 2 2 2 2 2 2 2 2 2 2 2 2 2 2 2 2 2 2 2 2 2 2 2 2 2 2 2 2 2 2 2 2 2 2 2 2 2 2 2 2 2 2 2 2 2 2 2 2 2
left_child=1 2 7 10 5 26 94 88 11 50 17 14 -8 42 29 16 18 56 21 36 35 33 27 24 25 -9 54 52 31 64 81 32 -12 70 -29 89 37 39 -39 40 58 -41 57 97 51 -17 47 87 -22 -38 63 75 100 119 -3 -56 80 -14 105 -18 -58 62 -31 -4 90 -50 67 68 69 -26 -16 103 -73 110 -53 -21 77 -35 -70 -80 -2 -28 83 84 85 -83 -87 99 -1 106 -5 -92 -23 -10 95 115 -96 98 -13 -47 116 -78 -103 104 111 -15 -6 -30 -42 -99 -72 124 113 -113 -24 -7 117 -11 -118 120 121 -33 -68 -34 -60 -85
right_child=3 4 9 8 20 6 12 23 93 22 28 43 13 19 15 45 59 -19 -20 44 48 92 114 -25 66 -27 30 34 107 61 -32 53 123 76 -36 -37 49 38 -40 41 108 -43 -44 -45 -46 46 -48 -49 65 -51 -52 74 -54 -55 55 -57 60 -59 71 -61 -62 -63 -64 -65 -66 -67 122 -69 78 -71 73 72 -74 -75 -76 -77 101 -79 79 -81 -82 82 -84 125 -86 86 -88 -89 -90 -91 91 -93 -94 -95 96 -97 -98 109 -100 -101 -102 102 -104 -105 -106 -107 -108 -109 -110 -111 -112 112 -114 -115 -116 -117 118 -119 -120 -121 -122 -123 -124 -125 -126 -127
leaf_value=0.0021965498460231815 -0.017426230646949377 0.042143157935347259 -0.0027628577332422799 -0.048996904879633353 0.038094491229042106 -0.01646206595593884 0.022877762964981996 0.0014704940009951902 -0.032986600807996286 -0.0071501163458514471 -0.024331193230570893 0.034446758849504433 0.012324281417872408 -0.013425829135259575 -0.051573662866115727 -0.066734510771364053 -0.066328243698024286 -0.060273975311677698 0.024542384796725381 0.028748235413682818 0.033983006505428882 -0.025699296676011174 -0.037934947948699886 -0.016155240337052412 0.0028458357728698199 -0.008653659911553863 0.037752240251314864 -0.040893549791996636 0.018389488573521125 -3.4125019269709877e-06 -0.062151969314557978 0.01794328487045951 0.01204458734214213 -0.009646806812750347 0.030365373594341962 -0.024052856856126952 -0.0028275077859209793 -0.032334219708549584 0.063902845640758016 0.012983756829141692 0.004244458078515769 -0.069775638307719212 0.040413062961702592 -0.035230464218234787 -0.04286873211343805 -0.015333632536482955 -0.058186558594807959 0.057595716861574935 0.026273175078694883 0.069904047635441516 0.040237051487037157 0.0092934707176590119 0.023114236308326055 0.051954792099002001 0.034107839023795064 -0.02124426357759563 -0.014057256851985271 0.029723828377241808 0.010203941807036557 -0.00027325014794639342 0.00021133779259977634 -0.029037918750655353 0.049120409798001238 -0.037157523584925245 -0.026374602789956177 -0.017235971534574162 -0.046560861921987912 0.012513544243955149 -8.7718113331489094e-05 -0.0057711927533467397 -0.023983735892398224 -0.048130384280913173 0.028751242074822977 0.0062461948702361202 -0.05094896675911114 -0.044245853700050936 -0.016941258906203897 0.078197656048626232 0.039230656346676114 0.0068094001016354129 0.023137333544561028 0.012649381271946539 0.057149305165051338 -0.06329095326318486 -0.058365956872829888 -0.024027185851887345 0.020515662163466942 -0.047557793845494523 0.011009262289884157 -0.013304140489583009 0.031871025813346852 -0.01205443868903934 0.036098193936351539 -0.068424065715430471 0.010648372177044693 0.070040322447807182 0.079583836084247239 -0.0041044320017396725 -0.015170402968553874 0.015879049637337654 -0.042224731468688964 -0.022082060758457752 -0.074400226819443138 0.048397711074071169 0.023405446377472237 -0.073790856260854909 0.063634086335666765 0.070488538691753866 0.064676686597204144 0.040541694552377029 -0.041719407464155644 -0.023250841644638306 0.027703736468815483 0.037959271508887844 -0.0096465325036159035 0.053090671685786663 0.010994665689759339 -0.03020704249353387 -0.061583235151537241 0.022440113395362744 0.040662784549723309 -0.016858216615043605 0.019499625938194411 -0.010364842758327344 -0.023696247689488383 0.0035815074269649229
leaf_weight=1122.291499838233 881.0468594878912 68.236545279622078 1779.4858123213053 20.789084568619728 252.99183894693851 20.650688424706459 1186.502704679966 2075.2248742282391 144.51812264323235 1358.2967149615288 218.2136754989624 31.115105494856834 1549.3437436968088 63.499616548418999 111.94058234989643 17.395848140120506 103.83822263777256 50.222502186894417 63.795345172286034 378.8548698425293 122.85992257297039 22.775971129536629 268.35117329657078 348.15745244920254 4127.0903748720884 2018.4819725602865 28.570353239774704 176.05196924507618 58.169229239225388 67.570669144392014 33.791242375969887 70.563777819275856 245.6007084697485 39.122807040810585 20.333594918251038 20.470327511429787 27.745570063591003 187.09957593679428 17.108696818351746 22.250437080860138 20.142850697040558 33.18335185945034 144.49528017640114 41.942500784993172 21.867778196930885 88.990272045135498 21.926991581916809 40.928453370928764 57.407530009746552 33.863002419471741 40.857513219118118 80.003609418869019 67.058959722518921 43.242679089307785 38.568833693861961 64.29383759200573 496.28981429338455 287.37567295134068 466.90885797142982 18.821118906140327 1050.9141711294651 26.41051210463047 77.100866168737411 59.139367580413818 157.29356832802296 93.831209883093834 46.764892041683197 709.11562678217888 1669.7790758013725 2278.6502134352922 736.10016818344593 54.533019289374352 24.055497735738754 59.535500437021255 23.139182865619659 12.59826923906803 1889.9475419074297 16.450228959321976 70.734997108578682 3162.51123277843 40.132577136158943 152.80612801015377 14.020565763115881 43.0794857442379 25.574079990386963 194.44236859679222 49.268915101885796 24.415358379483223 2628.5476227551699 17.88828818500042 75.991136595606804 88.130440592765808 51.037388816475868 68.117211207747459 75.718676134943962 100.48750054836273 16.512348562479019 36.771334260702133 88.769954815506935 167.97289565205574 56.67110949754715 57.261188119649887 35.297851130366325 28.734688594937325 133.33643572032452 19.581089854240417 123.45350374281406 30.030074819922447 52.939726337790489 93.247200503945351 214.52513237297535 219.53265179693699 58.498196259140968 17.104393541812897 85.600418895483017 21.258386716246605 15.168105974793432 118.87522166967392 37.337820410728455 157.14556765556335 37.773124039173126 166.95517808198929 15.369800746440886 168.30452343821526 48.125994145870209 15.11688110232353
leaf_count=4509 3574 277 7185 85 1046 84 4831 8315 599 5498 882 128 6274 257 459 80 455 210 259 1542 511 92 1107 1399 16576 8110 116 726 236 273 137 285 1000 159 82 84 113 777 70 90 83 139 594 170 88 362 90 179 236 143 167 326 271 179 156 260 2024 1196 1895 77 4265 107 328 244 641 382 188 2862 6708 9150 2990 222 97 241 96 51 7686 70 285 12707 162 617 57 174 103 787 199 100 10597 74 308 357 207 287 308 411 72 148 360 685 232 233 145 116 542 80 521 124 229 380 875 892 237 69 351 87 61 481 152 637 153 676 62 686 195 61
internal_value=7.56397e-07 0.00316264 7.31263e-05 -0.0115928 0.0141258 0.0123285 0.0145794 0.00202819 -0.0165321 -0.00963353 -0.00521049 -0.0152432 0.0133273 0.0105126 -0.0167158 -0.0187762 -0.0207795 -0.00961097 -0.0194623 0.00432671 0.0302354 -0.0203304 -0.0153675 0.000587913 0.000948328 -0.00352142 -0.00451829 -0.0123583 0.00405632 -0.00153426 -0.0109825 0.00150287 -0.0064793 -0.021203 -0.0335155 0.0404121 -7.47857e-05 -0.00163845 -0.0242714 0.00202263 0.00379449 -0.036557 0.0168967 0.00643133 0.017351 0.000171748 0.00355285 0.00775307 0.0148346 0.0371492 -0.00291035 0.0200135 -0.00984534 0.0121102 0.0165128 -0.000489737 -0.00858017 0.0150466 0.00094404 -0.0561926 -0.00436554 0.0176529 0.0261765 -0.00386916 -0.0111267 -0.000720675 0.00246305 0.00263202 0.0020124 -0.000219414 -0.0285229 0.00320499 -0.0245974 -0.0259686 -0.00422139 0.026399 -0.0171729 0.0163561 0.00492825 0.00751869 -0.015659 -0.00767561 -0.0103013 -0.0122703 -0.00763074 -0.00435849 -0.0150224 0.000503113 0.0083724 0.0437585 0.00184387 0.00828381 0.0170299 -0.0443389 0.0423959 0.0549651 0.0229901 0.0134236 -0.00229271 0.00506962 -0.0112386 -0.0181128 -0.0420339 0.00545232 0.00414441 -0.0276531 0.0464701 0.0361282 0.0480205 0.0279151 -0.0279861 0.000974456 -0.00960383 -0.0188265 -0.0310936 0.0188186 -0.0100907 -0.00900562 -0.0406167 0.00812581 -4.52617e-05 -0.00651915 -0.03022 0.00293234 0.00703623 -0.0459204
internal_weight=39734.1 31219.7 24355.9 8514.45 6863.72 6174.82 5447.05 20272.7 4799.85 4083.23 3714.6 4587.21 5212.42 4025.92 4295.37 3782.08 3420.45 2518.61 3297.79 2044.71 688.903 3233.99 2203.75 16521.9 16173.7 4093.71 727.769 1849.79 1196 513.286 556.67 1107.8 632.119 3160.18 196.386 414.804 1528.24 1466.64 204.208 1262.43 1206.99 55.4338 1981.21 291.846 516.464 361.63 344.234 322.307 274.099 61.6086 1879.48 494.596 1653.41 475.68 171.099 102.863 2468.38 1836.72 1133.91 122.659 1547.2 171.082 144.672 1838.63 342.204 151.239 12080 12017.9 11308.8 6405.74 1122.1 1050.83 78.5885 1010.16 103.143 391.453 2038.08 55.573 4903.03 3233.25 921.179 522.879 494.308 480.288 422.091 396.517 243.711 281.379 3750.84 394.334 184.911 164.122 73.8134 212.635 234.628 142.397 92.231 249.904 119.885 256.963 1586.35 1982.51 92.559 972.241 943.507 83.0807 376.445 88.1993 73.0826 130.019 950.625 810.17 295.135 236.637 353.952 41.9091 1529.68 1477.17 52.5059 432.438 275.292 237.519 62.1347 413.905 515.035 58.1964
internal_count=160737 126029 98025 34708 28004 25150 22206 81468 19615 16557 15093 18729 21244 16413 17543 15444 13948 10235 13416 8349 2854 13157 8961 66362 64963 16425 2944 7503 4858 2099 2251 4498 2568 12858 808 1725 6246 5990 847 5143 4914 229 8064 1186 2103 1496 1416 1326 1129 256 7596 2015 6695 1930 693 416 10025 7470 4602 532 6289 708 601 7429 1391 618 48538 48288 45426 25726 4565 4265 319 4106 422 1593 8293 229 19700 12992 3736 2114 1998 1941 1706 1603 986 1147 15106 1641 750 665 299 886 962 582 380 1016 488 1047 6424 8064 378 3946 3830 337 1567 360 312 528 3865 3288 1198 961 1458 171 6192 5979 213 1751 1114 961 250 1686 2090 235
is_linear=0
shrinkage=0.05


Tree=13
num_leaves=127
num_cat=0
split_feature=13 148 286 205 70 85 205 214 77 15 213 61 76 76 214 148 24 215 201 215 148 81 210 205 65 201 60 60 215 172 199 64 77 65 65 78 60 69 63 61 203 60 28 77 16 216 78 39 76 37 70 148 286 202 154 202 213 209 202 16 216 199 61 170 199 201 60 60 64 61 64 79 200 201 286 202 63 14 153 198 65 199 61 47 148 215 78 39 203 286 217 152 61 187 61 148 14 152 201 200 203 202 60 65 202 214 244 202 83 77 203 76 198 64 203 202 63 172 61 198 215 201 61 203 148 76
split_gain=526.825 383.047 167.048 97.5006 73.1591 75.1809 66.9028 66.3464 64.4481 69.5151 63.067 56.2387 94.3374 73.4966 64.4072 55.1751 54.4323 53.0763 52.078 52.1666 50.7243 48.849 48.829 47.6588 47.3806 43.8596 43.3345 44.5486 43.1766 43.1296 45.4476 74.1187 47.3779 48.8209 42.0687 39.3655 39.1722 52.1774 51.7216 41.4854 38.0429 37.2467 37.1665 37.0457 36.7729 37.8229 38.0337 40.8064 36.2744 37.0971 35.9965 39.535 37.8697 35.7863 35.4307 35.1975 35.0924 34.1672 34.0312 33.8309 34.0242 42.4345 33.7576 32.413 32.2122 31.5449 31.2798 31.2655 36.9386 44.4709 37.4535 34.326 33.7856 31.4886 31.0182 30.9666 30.6719 30.145 41.6223 31.3039 32.3695 29.657 29.3375 32.6994 29.3028 28.4483 28.188 27.7338 27.4108 27.0937 26.7406 26.2666 26.1034 26.0503 25.8642 25.811 25.6252 25.4955 25.2489 25.1885 25.161 24.7145 24.5188 24.5047 24.4718 24.1397 24.3086 24.1115 24.0788 26.6362 25.9119 23.8256 23.6079 28.4043 23.269 23.2478 22.9519 47.4878 35.9341 22.4498 22.1467 25.3092 23.0587 23.145 22.075 22.0355
threshold=0.90000000596046459 0.62500000000000011 0.62500000000000011 0.62944999337196361 1.0000000180025095e-35 1.0000000180025095e-35 0.50405001640319835 0.41666667163372045 0.25000000745058065 0.5000000149011613 0.25000000745058065 0.29736842215061193 0.41666667163372045 0.75000000000000011 0.25000000745058065 0.87500000000000011 1.0000000180025095e-35 1.0000000180025095e-35 0.27061854302883154 0.58333334326744091 0.62500000000000011 1.0000000180025095e-35 1.0000000180025095e-35 0.57394999265670787 0.21944444626569751 0.38402061164379125 0.40588235855102545 0.35098040103912359 0.25000000745058065 1.0000000180025095e-35 0.31052631139755255 0.21304347366094592 0.25000000745058065 0.27222223579883581 0.35833333432674414 0.58333334326744091 0.48627451062202459 1.0000000180025095e-35 0.42525772750377661 0.38157895207405096 0.31666667759418493 0.20784313976764682 1.0000000180025095e-35 0.91666665673255932 0.75000000000000011 0.25000000745058065 0.58333334326744091 1.0000000180025095e-35 1.0000000180025095e-35 1.0000000180025095e-35 1.0000000180025095e-35 1.0000000180025095e-35 1.0000000180025095e-35 0.31956522166728979 1.0000000180025095e-35 0.19782608747482303 0.41666667163372045 1.0000000180025095e-35 0.58043476939201366 0.75000000000000011 1.0000000180025095e-35 0.38157895207405096 0.73421052098274242 1.0000000180025095e-35 0.39210526645183569 0.47164948284626013 0.99019607901573192 0.44901961088180548 0.37173913419246679 0.49473683536052709 0.29782609641551977 0.25000000745058065 0.51739129424095165 0.71391752362251293 0.87500000000000011 0.36304347217082983 0.43298968672752386 1.0000000180025095e-35 0.5000000149011613 0.57647061347961437 0.54722222685813915 0.28157894313335424 0.33947369456291204 1.0000000180025095e-35 0.87500000000000011 1.0000000180025095e-35 0.25000000745058065 1.0000000180025095e-35 0.4916666597127915 0.62500000000000011 1.0000000180025095e-35 1.0000000180025095e-35 0.31052631139755255 1.0000000180025095e-35 0.64473685622215282 0.87500000000000011 1.0000000180025095e-35 1.0000000180025095e-35 0.76030927896499645 0.39782609045505529 0.22777777910232547 0.43260869383811956 0.33529412746429449 0.51944443583488475 0.49782608449459081 0.58333334326744091 1.0000000180025095e-35 0.4086956530809403 1.0000000180025095e-35 0.25000000745058065 0.42499999701976782 0.91666665673255932 0.33529412746429449 0.25652173161506658 0.73611110448837291 0.31086955964565283 0.36855669319629675 1.0000000180025095e-35 0.49473683536052709 0.38627451658248907 0.25000000745058065 0.39948453009128576 0.13157894462347033 0.29722222685813909 1.0000000180025095e-35 1.0000000180025095e-35
decision_type=2 2 2 2 2 2 2 2 2 2 2 2 2 2 2 2 2 2 2 2 2 2 2 2 2 2 2 2 2 2 2 2 2 2 2 2 2 2 2 2 2 2 2 2 2 2 2 2 2 2 2 2 2 2 2 2 2 2 2 2 2 2 2 2 2 2 2 2 2 2 2 2 2 2 2 2 2 2 2 2 2 2 2 2 2 2 2 2 2 2 2 2 2 2 2 2 2 2 2 2 2 2 2 2 2 2 2 2 2 2 2 2 2 2 2 2 2 2 2 2 2 2 2 2 2 2
left_child=1 2 6 15 5 8 124 23 11 17 18 13 14 16 36 56 55 43 20 21 100 22 29 86 -21 40 27 76 98 30 31 -20 48 -34 -27 -7 37 38 41 -38 -16 -13 67 112 45 46 47 94 49 66 51 52 -8 -33 59 -3 57 77 95 60 75 -62 -55 -63 101 74 105 68 69 70 96 72 -71 93 115 -40 -19 78 79 80 87 -9 -39 88 -57 -86 97 120 -84 -72 -14 -31 -52 -70 -6 -41 -43 114 125 -51 -5 -50 -82 -36 -59 106 -32 -78 109 110 -53 -66 113 -10 -4 -17 118 -118 -22 -89 121 -2 -123 -124 -1 -25
right_child=3 4 7 10 44 35 50 81 9 -11 -12 12 90 -15 25 65 -18 26 19 24 116 -23 -24 28 -26 34 -28 -29 -30 91 32 53 33 -35 103 -37 39 82 54 58 -42 42 -44 -45 -46 -47 -48 -49 64 99 92 108 -54 62 -56 84 -58 104 -60 -61 61 63 -64 -65 111 -67 -68 -69 73 71 89 -73 -74 -75 -76 -77 107 -79 -80 -81 102 -83 83 -85 85 -87 -88 119 -90 -91 -92 -93 -94 -95 -96 -97 -98 -99 -100 -101 -102 -103 -104 -105 -106 -107 -108 -109 -110 -111 -112 -113 -114 -115 -116 -117 117 -119 -120 -121 -122 122 123 -125 -126 -127
leaf_value=0.0020867671934345412 -0.018437232089330308 -0.069549831329913089 -0.0056125376812291511 -0.03573940048645801 0.0055130615689513648 -0.014961554887008541 0.0013969774674289304 0.027000038076590335 -0.0098316599984599531 -0.061740803407782055 -0.042487684375589786 0.045983890766339831 0.054086052171155696 -0.075319767095796283 0.0034181163811370751 0.032117603357568046 -0.044347065623782878 -0.041892017455756117 0.061902854311143202 0.047425307330712353 0.064220401282528081 0.051201137403339328 0.025841035631902817 -0.011445919897930515 -0.052789530879590055 -0.037969308743708352 0.04811833383565197 -0.058365295896786143 -0.029054355592910888 0.032323643144010615 -0.019132211578483559 0.0059150816665575192 -0.063391995438084686 0.017452858516493402 0.067433090289936645 -0.10087754575842162 0.059349965070185584 0.061898466014323597 0.017288157610858283 0.014596128938957615 -0.057836505718720579 0.050834260908331874 -0.015278837085498138 0.068277126082680883 -0.072234877517010729 -0.071293098264111829 0.051843875619232531 -0.056766835939527083 0.018005285486532029 -0.010986953593200628 0.031328275009709486 -0.00036053819459610739 -0.0082224434613119273 -0.049159087283281833 0.046399114256702345 0.0023962536688088673 -0.043813142258321031 0.011641901503830468 -0.038158455915392013 -0.066968771077275391 -0.041555414036383444 -0.0050914996991884582 0.035787137861004126 0.079335438286652085 0.013054763713127752 0.02673377027586403 0.042454134650836702 -0.0074017691690101833 0.033258637256568212 0.0086725673561850632 0.02365166204863995 0.051307985983303231 -0.025002112283410167 -0.038361660639607852 -0.029120773986785076 0.0035184371579815759 -0.013102057600015371 -0.019075645855685663 0.02594434226385163 0.021153871387573596 0.008262960006358306 -0.045889718747632473 -0.034582534854613656 0.051964352796058544 0.038732225777959733 -0.031974462801038654 0.053219626293620127 0.040983632314867451 0.0052599520268294545 -0.017083390464451814 -0.019997527031156204 -0.038829240960246737 -0.019365382996827791 -0.019646843114261611 -0.039260882017574085 0.045216789118430994 -0.008953933182947401 0.01250501898776858 0.054658620648258605 0.028272993831668147 -0.0041537509640675666 -0.068325227704179217 -0.010737539193210861 0.0017380350691251082 0.079682851429702647 -0.074162060798521195 -0.069668596058673662 0.057219363610328249 -0.028702383033899433 0.015335141028547664 0.00436251021576603 0.080000600869971128 0.022047462415522648 0.047207136888525431 0.052100853090386562 -0.0030437874225017845 0.021610544718917685 -0.061013354826137595 -0.0053667411439121716 -0.035604538578789924 -0.03175730686546923 0.041745021673808155 0.013407587920436493 -0.010092794406283604 0.01046416422236297 0.018221958999803115
leaf_weight=1122.2678800076246 635.88320599496365 13.995303496718405 1538.6615530103445 81.252843424677849 315.74535515904427 74.83469645678997 2075.2127491235733 15.308322444558142 23.782697409391403 20.751662790775299 210.85929803550243 132.28395050764084 183.43269775807858 31.95124426484108 40.030834525823593 74.839949920773506 54.537815511226654 20.42459063231945 18.904826268553734 12.836488112807272 54.292666330933571 27.375367686152458 69.039786487817764 1656.4227550774813 145.28492221236229 27.728948026895523 40.40997739136219 35.600782856345177 348.1001210808754 68.188273355364799 2774.5563696175814 37.889592051506042 20.976311728358269 170.15247482061386 30.735600426793098 16.222575515508652 91.788910388946533 13.282366335391997 792.16568444669247 189.857690513134 69.104743003845215 167.05331738293171 77.876353174448013 83.234529554843903 19.95626474916935 19.285230740904808 32.997949421405792 33.55894835293293 14.312977463006971 103.92113330960274 27.578743040561676 5645.505398362875 2018.1308558285236 285.40256297588348 60.626205280423164 305.20784497261047 64.321086063981056 67.182828918099403 22.438230648636818 15.108840003609656 73.797704830765724 51.125913709402084 12.195400238037108 14.619021669030188 73.710157603025436 191.78021913766861 20.217756375670433 98.713772356510162 704.73674346506596 466.07805493474007 178.54370914399624 39.89655613899231 88.651953116059303 16.488586694002151 67.5728510171175 842.60591845214367 19.671073004603386 466.55182078480721 102.52885545790195 98.01475216448307 455.39263950288296 157.87481713294983 123.72369489073753 16.865267410874367 119.57881464064121 16.146673738956451 22.89478674530983 42.242216140031815 66.302355691790581 52.918343931436539 13.046905279159544 16.017350420355797 320.53828637301922 24.06202720105648 35.924122378230095 107.95033785700798 20.075280740857124 241.45028014481068 15.078654110431669 67.320954859256744 281.4475574195385 19.701308146119118 270.72630499303341 26.375732004642487 16.450867787003517 20.393712028861046 24.001132696866989 32.050035983324051 62.146936193108559 391.10137823224068 5980.0462936908007 16.213789433240891 274.73943546414375 265.35851459205151 17.665329158306122 126.41877420246601 90.092831835150719 21.550271809101105 28.18158957362175 12.370121538639067 137.97483485937119 25.247131496667862 122.21839362382889 733.98996064066887 2627.2338042408228 65.045476168394089
leaf_count=4509 2582 60 6213 333 1283 306 8315 62 99 90 886 543 773 142 165 306 221 84 77 53 238 118 280 6713 634 113 167 147 1440 276 11297 154 96 701 126 66 377 56 3216 773 284 686 317 367 81 80 138 136 58 422 111 22674 8110 1175 247 1240 270 272 92 61 302 207 50 60 301 782 83 400 2868 1893 725 164 359 67 276 3417 81 1896 415 399 1847 663 501 69 489 66 95 171 269 214 54 65 1288 98 146 441 82 976 61 273 1143 81 1100 107 67 87 99 133 250 1585 24029 68 1146 1110 71 515 365 88 114 50 566 102 497 2980 10597 263
internal_value=7.5569e-07 0.00300732 6.93702e-05 -0.0110357 0.0134562 0.0148394 0.0019271 -0.00916336 0.0154916 0.0286012 -0.015752 0.01354 0.0152166 -0.00175815 0.0138104 -0.00495395 0.00285527 0.0309585 -0.0145199 -0.0165055 -0.000189356 -0.0153526 -0.0158279 -0.00782044 -0.044654 -0.0144057 0.00396293 -0.0125974 -0.0129824 -0.0165922 -0.0174018 -0.0344232 -0.0155879 0.00858017 0.0125599 -0.0302682 0.0150134 0.0135493 0.0148805 0.0297155 -0.0353684 0.0203153 0.0185606 0.0371392 -0.00585926 -0.00283167 0.000325224 -0.00408777 -0.0170616 -0.018153 0.000558595 0.000901023 -0.00334566 -0.0398512 0.00880719 0.00851399 -0.00724856 -0.00651055 0.0212216 0.00753356 0.00816797 -0.0155307 -0.045678 0.0136816 0.00944821 0.0112418 -0.0195161 0.0199795 0.0215166 0.0153015 0.0277864 0.00651269 0.00329098 0.029966 0.000190135 0.0101909 0.00998707 -0.00736049 -0.00528746 -0.00655111 -0.00766582 -0.0394467 -0.0101346 -0.0147591 0.0109917 0.0303206 -0.00191008 -0.0114217 -0.020681 0.0143386 0.0491667 0.0187891 -0.0153493 0.0315119 0.000939265 0.0256956 0.0444201 -0.00261216 -0.00976066 0.00444744 -0.0112296 -0.0319979 0.00117881 0.0370931 0.0250257 -0.0199606 -0.0195656 0.030474 0.00234017 0.00250071 0.00206894 0.0251255 0.0325429 0.0425155 -0.00495745 0.0100313 0.0204389 0.0056618 0.0404424 0.0236358 -0.0125783 -0.0108343 -0.00534958 -0.00673826 0.00795672 -0.0103249
internal_weight=39692.3 31194.3 24348.3 8498 6846.06 6388.59 20269.8 4078.5 6297.53 816.023 4786.29 5481.51 4940.09 541.418 4743.61 3711.71 509.466 795.272 4575.43 4018.61 556.818 3860.49 3833.12 3905.32 158.121 193.976 148.156 107.746 2084.65 3764.08 3679.87 354.392 3325.48 191.129 84.8403 91.0573 4549.64 4137.6 3917.43 412.035 109.136 2067.38 1935.09 647.115 457.468 437.512 418.226 385.228 3134.35 3010.41 16520.3 16172.1 4093.34 335.488 1850.05 454.929 3251.1 3186.77 320.246 1789.42 1774.31 139.543 297.598 65.7449 123.938 460.612 2839.17 1857.22 1758.5 1013.22 418.591 594.627 554.73 745.287 268.832 1634.77 72.1457 3103.14 2636.59 2534.06 2436.04 173.183 220.174 206.891 440.933 135.725 1820.67 1709.93 190.026 231.462 196.48 84.2056 348.117 728.799 351.669 297.808 187.129 1797.78 1736.55 171.242 362.7 34.0143 726.119 57.1113 83.6337 2818.95 2798.56 51.7211 12078.8 12016.7 11625.6 89.9239 563.881 289.141 1556.33 201.259 194.117 111.643 82.4743 54.6123 1655.31 1517.34 881.455 856.208 3749.5 1721.47
internal_count=160737 126029 98025 34708 28004 26140 81468 16557 25768 3424 19615 22344 20126 2218 19299 15093 2076 3334 18729 16448 2281 15761 15643 15832 687 795 612 445 8477 15363 15022 1456 13566 797 346 372 18504 16821 15926 1683 449 8416 7873 2722 1864 1783 1703 1565 12769 12261 66362 64963 16425 1379 7510 1855 13214 12944 1306 7263 7202 569 1225 267 508 1879 11566 7556 7156 4123 1707 2416 2252 3033 1097 6633 298 12605 10709 10294 9895 725 895 839 1795 555 7355 6948 770 939 827 341 1399 2966 1429 1214 768 7260 7037 695 1476 139 2947 233 339 11483 11396 214 48538 48288 46703 369 2355 1209 6284 821 805 453 352 221 6727 6161 3579 3477 15106 6976
is_linear=0
shrinkage=0.05


Tree=14
num_leaves=127
num_cat=0
split_feature=151 13 13 151 13 13 151 151 205 13 151 13 16 13 208 67 13 77 151 15 13 14 213 152 112 286 75 203 202 205 205 85 208 216 152 48 219 77 63 60 148 286 198 201 177 15 63 214 14 65 192 13 201 286 16 13 63 203 69 202 199 17 64 14 79 152 16 62 202 175 61 148 205 155 250 16 61 205 286 201 64 201 201 216 61 60 65 65 69 14 31 37 62 77 23 192 70 64 62 62 203 174 201 43 199 205 172 198 70 199 65 64 62 65 75 202 198 63 203 203 63 203 60 201 63 216
split_gain=634.049 925.879 488.1 261.605 348.895 159.51 145.207 133.318 124.436 114.815 106.043 96.1094 60.8853 59.0312 56.1118 55.4284 50.6186 51.5571 47.5911 45.5297 51.3672 44.4692 39.1854 37.8995 37.5194 37.2717 36.2641 35.7566 58.8642 35.3741 35.0212 33.8227 37.8633 57.3619 33.6854 32.8416 32.8357 38.5634 32.121 31.8956 58.7036 39.0676 31.4968 31.0145 31.5731 30.8863 30.7596 30.6118 31.0676 34.1707 31.9673 35.404 30.3473 30.1035 29.8267 29.6792 29.5858 29.5784 29.3589 29.2529 37.1947 30.4103 29.2789 29.2394 28.7711 28.5753 28.5262 28.4475 27.9033 30.3962 28.4625 27.8868 31.1038 27.6867 35.3643 29.6179 27.5366 27.4472 36.5496 27.4434 27.4312 39.0472 33.1336 33.318 29.1461 27.3918 27.3749 27.3081 35.6245 27.3031 27.1273 28.3184 29.2822 44.1884 26.6555 26.5802 30.6742 68.5948 26.4503 38.4693 26.4124 26.4023 26.3894 26.3373 26.3627 26.1741 25.6071 25.4821 38.3736 38.025 38.01 25.387 29.4635 25.3385 29.367 24.9992 31.1256 24.9172 26.1835 30.7347 24.8155 27.662 35.4241 24.7729 24.7127 24.66
threshold=0.90000000596046459 0.90000000596046459 0.90000000596046459 0.70000001788139354 0.5000000149011613 0.70000001788139354 0.5000000149011613 0.30000000447034841 0.60444998741149913 0.70000001788139354 0.70000001788139354 0.70000001788139354 1.0000000180025095e-35 0.30000000447034841 1.0000000180025095e-35 0.6318500041961671 0.30000000447034841 1.0000000180025095e-35 0.30000000447034841 0.83333334326744091 0.30000000447034841 1.0000000180025095e-35 0.75000000000000011 1.0000000180025095e-35 1.0000000180025095e-35 0.87500000000000011 0.25000000745058065 0.37500000000000006 0.48695652186870581 0.64605000615119945 0.15444999933242801 1.0000000180025095e-35 1.0000000180025095e-35 0.41666667163372045 1.0000000180025095e-35 1.0000000180025095e-35 1.0000000180025095e-35 1.0000000180025095e-35 0.67783504724502575 0.38627451658248907 0.62500000000000011 0.87500000000000011 0.23725490272045138 0.32216493785381323 1.0000000180025095e-35 0.5000000149011613 0.59020617604255687 1.0000000180025095e-35 1.0000000180025095e-35 0.35833333432674414 1.0000000180025095e-35 0.5000000149011613 0.30154637992382055 0.62500000000000011 0.75000000000000011 0.5000000149011613 0.23711340129375461 0.38333334028720861 1.0000000180025095e-35 0.43695650994777685 0.59210523962974559 1.0000000180025095e-35 0.30652172863483435 1.0000000180025095e-35 1.0000000180025095e-35 1.0000000180025095e-35 1.0000000180025095e-35 0.7130434811115266 0.38913042843341833 1.0000000180025095e-35 0.37368421256542211 0.87500000000000011 0.58394998311996471 1.0000000180025095e-35 1.0000000180025095e-35 1.0000000180025095e-35 0.54999998211860668 0.47765000164508825 0.37500000000000006 0.4097938090562821 0.38043478131294256 0.65721648931503307 0.35824741423130041 0.25000000745058065 0.39736843109130865 0.39019608497619634 0.097222223877906813 0.38333334028720861 1.0000000180025095e-35 1.0000000180025095e-35 1.0000000180025095e-35 1.0000000180025095e-35 0.36739130318164831 0.75000000000000011 1.0000000180025095e-35 1.0000000180025095e-35 1.0000000180025095e-35 0.27173914015293127 0.39347825944423681 0.45000000298023229 0.52500000596046459 1.0000000180025095e-35 0.53865978121757518 1.0000000180025095e-35 0.22368421405553821 0.020899999886751178 1.0000000180025095e-35 0.32352942228317266 1.0000000180025095e-35 0.83421051502227794 0.25833334028720861 0.48695652186870581 0.42391304671764379 0.28055556118488317 -1.0000000180025095e-35 0.45217391848564154 0.4607843160629273 0.25257731229066854 0.47499999403953558 0.58055555820465099 0.64175257086753856 0.44722221791744238 0.40588235855102545 0.48195876181125646 0.43298968672752386 0.25000000745058065
decision_type=2 2 2 2 2 2 2 2 2 2 2 2 2 2 2 2 2 2 2 2 2 2 2 2 2 2 2 2 2 2 2 2 2 2 2 2 2 2 2 2 2 2 2 2 2 2 2 2 2 2 2 2 2 2 2 2 2 2 2 2 2 2 2 2 2 2 2 2 2 2 2 2 2 2 2 2 2 2 2 2 2 2 2 2 2 2 2 2 2 2 2 2 2 2 2 2 2 2 2 2 2 2 2 2 2 2 2 2 2 2 2 2 2 2 2 2 2 2 2 2 2 2 2 2 2 2
left_child=1 3 11 4 6 12 14 25 23 39 101 45 19 71 16 89 17 22 -18 20 -5 34 26 36 117 -6 54 35 57 -13 -22 32 33 47 59 123 37 113 -15 41 -41 56 -16 53 107 66 -43 48 49 -32 51 -50 -49 -31 77 -51 76 -29 -28 64 61 62 -61 67 73 -30 -2 86 69 -36 -70 72 -8 75 -75 105 -9 -1 -79 -67 -19 82 84 -84 -82 -21 -12 88 94 -10 91 92 93 95 -20 96 -88 -98 -89 -100 111 -3 -68 104 -59 -7 -65 108 110 -109 -45 112 -64 114 -4 -44 -117 118 -17 -120 121 -23 -123 -11 -66 -119
right_child=2 10 8 5 7 21 13 9 15 27 63 29 -14 38 42 24 18 80 87 85 30 120 -24 -25 -26 -27 58 28 65 43 31 -33 -34 -35 68 -37 -38 -39 -40 40 -42 46 115 44 -46 -47 -48 52 50 55 -52 -53 -54 -55 -56 -57 -58 103 -60 60 -62 -63 100 106 124 79 102 -69 70 -71 -72 -73 -74 74 -76 -77 -78 78 -80 -81 81 -83 83 -85 -86 -87 90 98 -90 -91 -92 -93 -94 -95 -96 -97 97 -99 99 -101 -102 -103 -104 -105 -106 -107 -108 109 -110 -111 -112 -113 -114 -115 -116 116 -118 125 119 -121 -122 122 -124 -125 -126 -127
leaf_value=0.0081544317466897154 0.043580297669197465 -0.039197141956184851 -0.073670009934787103 0.04972078647548616 -0.023168984401866235 0.054590258968349119 0.047591319324849557 -0.03568249636959886 -0.0094367603016862166 -0.03136499765360698 0.043549938257230886 0.029097996474915191 -0.017144136199973608 0.010832092942562412 -0.017552367224662937 -0.033748216827581778 -0.010798929356418813 0.02805986978126845 0.0071890692516284466 0.0071254476690723947 0.043975100846932035 -0.020692891844348801 -0.052314967186564212 0.028055862181753335 0.023674000362714678 -0.04733069038933567 0.022086789956583069 0.047470048705800787 0.00048135993890320171 0.010321380561866064 0.033362890315805582 -0.044597684855033987 0.047464718097953919 -0.053705043924445708 0.012945741015382551 0.019033376656544098 -0.048591571625158279 0.037660812177357866 -0.022239315278162135 -0.0019663513856374771 0.025917984591593723 -0.03862069903649451 0.029259229535067557 -0.022633877123196356 -0.015978679499134601 0.00014872313002047406 0.028098046171521559 -0.043994641234051668 -0.027506921166255267 0.030931726576048108 0.079537780127289126 0.011752436371268948 0.013094360886578227 -0.028110318023171783 0.045830418057826693 0.012758339172600927 -0.0029996098340596879 0.056459575990372969 -0.037546649380535445 -0.030904790049393633 0.020278549042759889 -0.056296830044157767 0.013155520001605595 -0.035598907642156952 -0.0005522307875285296 0.070807072204604013 0.0270161464438851 0.047692350991886207 0.067340808328719623 -0.049938552256916992 0.020122977061900818 0.049396094265346316 0.015484589044215478 0.043310220310049795 -0.036179963465436005 -0.043763445191578043 -0.00016533614785750798 0.0004589752841848468 -0.0099019315991501836 0.0048666208482732887 -0.0067669297694895551 0.055426237559158834 -0.0020145289292104254 -0.0562028426895744 0.04430384836232517 -0.062413232189882956 -0.020534364811130117 0.00038401471874158043 -0.053089420040952677 -0.030394974218178512 0.030850781812686797 0.0052812289521750686 -0.027900291636645747 0.072150865733410674 0.05243424196327149 0.022322345670834645 0.086316235925952431 -0.026628712930132956 -0.031773367001967152 -0.0017869284834763127 -0.025871383146501836 0.0016323133543398507 -0.047740622459574507 -0.076245241726659432 -0.016602955771833839 0.0020695421007261038 0.036604169932357537 0.032079419814156421 -0.044520215811732718 -0.047394948106463192 0.02304256860409629 0.041530337825798153 -0.03354985318309716 0.01064479941804603 -0.0023826604260668485 0.011106433359476555 -0.071084199219812225 0.0032996797612029555 0.042697784142505302 -0.029124797465347563 -0.043667917863257293 -0.0046493445170565579 0.053223753097033193 -0.014999753851955986 0.06032834358102232 -0.023483490692858697
leaf_weight=867.67104396224022 956.99543271958828 1274.7757646143436 15.370498448610304 147.88213007152081 788.67731337249279 24.174345254898071 95.70267042517662 138.99536640942097 1015.9612349867821 639.08634324371815 17.615211129188538 891.04719476401806 114.50194695591927 1478.1709799617529 58.98399256169796 108.72731457650661 1926.120943441987 259.43056939542294 742.60342249274254 31.69961741566658 135.84970065951347 209.95370681583881 34.815619602799416 308.72853966057301 171.44992204010487 200.10943615436554 282.53239034116268 18.166779115796089 216.88474777340889 252.46176671981812 471.51707577705383 21.493396937847137 106.81153975427151 28.342586755752563 189.22303196787834 43.299099698662758 24.430540844798088 115.34032355248928 77.259163960814476 867.8969419747591 241.2056780308485 136.36239510774612 301.6838666498661 52.018280029296875 56.298683539032936 47.517061576247215 19.781315088272095 38.451468959450722 78.890220865607262 302.42253211140633 13.588175401091574 211.06006608903408 58.992665186524391 63.838222563266754 35.466182708740234 873.67219811677933 2650.330034211278 12.455676555633543 22.266116216778755 120.87359817326069 93.591014876961708 39.476145341992378 109.30227094888687 362.8175492733717 27.355465918779373 32.403627440333366 50.745099097490311 16.355169698596001 46.380143687129021 21.388680472970009 102.33450330793858 120.04935082793236 356.15460860729218 80.328400149941444 16.943191587924957 34.69110880792141 89.849218845367432 4805.6646213084459 1034.408959671855 30.754707545042038 48.666192665696144 36.784978955984116 169.07585391402245 34.085314854979515 65.586441189050674 25.596268996596336 918.5075269639492 965.37495820224285 23.674753591418266 183.45850396156311 26.874819234013557 107.21769966185093 867.5285075455904 14.202170848846434 34.044683203101158 41.928794145584106 22.03808805346489 34.468519330024719 184.84743413329124 253.82033078372478 79.736334711313248 40.863676980137825 15.383880183100699 18.352538049221039 1407.4103204905987 1267.6639600992203 12.709887534379957 525.83352899551392 26.650872901082039 15.494112670421599 366.07678230106831 44.355939239263535 48.86184898018837 1217.4960877150297 240.43072758615017 114.65969620645046 12.805393829941748 1169.6513449400663 30.382449328899384 29.221079364418983 57.849823072552681 138.7979860752821 32.664082646369934 362.35958905518055 42.668034434318542 92.758275300264359
leaf_count=3480 4079 5357 62 626 3215 97 391 558 4126 2595 71 3680 461 5945 237 457 7738 1055 2982 128 553 843 144 1256 706 849 1154 73 873 1033 1913 87 436 116 763 175 99 481 310 3479 977 555 1220 212 229 191 80 156 320 1230 55 854 238 263 143 3535 10635 51 90 487 376 171 439 1503 110 140 208 66 188 86 413 508 1448 337 68 139 360 19238 4165 124 197 149 685 139 266 113 3751 3872 95 745 108 431 3547 58 137 171 90 141 744 1019 320 171 62 74 5679 5087 52 2165 108 63 1501 179 196 4898 968 463 52 4741 123 120 232 557 131 1465 172 409
internal_value=8.24255e-07 -0.0031891 0.0125341 -4.52186e-05 -0.00244664 0.00973511 0.00217719 -0.0108843 0.00220741 -0.00843229 -0.0264853 0.0272243 0.018523 0.0142399 9.34539e-05 -0.00451407 -0.00059221 0.00180411 -0.00505734 0.0201269 0.0211413 0.00146867 0.000599572 0.012006 0.00157094 -0.0280588 0.000860959 -0.0162911 -0.0118936 0.021356 0.019336 0.0178182 0.0184325 0.0169394 0.00415671 -0.0236001 0.00893421 0.00981885 0.00918942 -0.0031585 0.00409788 -0.00580997 0.0167064 0.0162786 0.0204399 0.0395555 -0.0301683 0.0179168 0.0192827 0.0219908 0.00458333 0.00107068 -0.00943297 0.00256478 9.8444e-05 0.0174315 -0.00448896 -0.0159304 0.0177305 0.00165898 -0.00835927 -0.0144149 -0.0103136 -0.0203207 0.00525496 0.0091003 0.0413856 -0.0179886 0.0182677 0.00655952 0.034849 0.0279757 0.0222847 0.00371611 0.0294643 0.00182805 -0.0217377 -0.000143357 -0.00137618 0.0386976 0.0157074 0.00666 0.0010085 -0.011106 0.0225501 -0.0239401 -0.0185125 -4.04698e-05 0.00733061 -0.0126424 -0.0190503 -0.0197189 -0.0211307 -0.0154352 0.00917241 -0.0166584 -0.0183347 0.0174208 -0.00424208 -0.0144227 -0.00149563 -0.037929 0.00962514 -0.0167313 -0.015962 0.00305237 -0.0331552 0.0225192 0.0136516 0.0298047 0.0173596 0.0081016 -0.00127323 0.00763919 -0.00666615 0.021415 0.0028494 -0.00107774 -0.0191477 0.00748622 -0.0131527 -0.00852446 0.00637567 -0.0254435 0.0365447 0.00133173
internal_weight=39647.8 31604.1 8043.77 27846.2 22356.8 5489.39 14442.4 7914.38 4723.41 6925.59 3757.9 3320.36 2660.77 2127.34 12315.1 2801.61 11826.9 7696.45 4130.49 2546.27 2488.97 2828.61 7082.82 1921.8 1602.19 988.787 7048.01 2781.17 1736.43 2249.72 2341.09 2205.24 2183.75 2076.94 2389.35 1044.75 1613.07 1588.64 1555.43 4144.42 1109.1 3035.32 488.133 1358.67 1042.37 1070.64 156.144 2048.59 1951.15 1647.61 303.538 289.95 97.4441 316.3 6743.21 1176.09 2879.17 1456.39 304.799 2030.02 536.197 442.606 403.13 2442.26 1493.82 280.043 1023.12 2066.74 359.326 210.612 148.715 571.907 451.857 1423.8 97.2716 1326.53 228.845 6707.74 5840.07 63.1583 613.629 354.199 317.414 203.161 114.253 57.2959 2050.38 2204.37 800.323 1199.42 2032.77 2005.89 1898.67 1031.15 776.648 1016.94 975.014 56.5066 1404.04 438.668 282.256 1315.64 66.129 1438.22 1419.87 1291.84 375.527 986.074 444.746 541.328 418.095 202.52 158.164 1473.3 255.801 429.149 127.465 1430.74 168.331 59.6035 439.266 381.416 171.462 1001.45 70.0235 1262.41
internal_count=160737 127752 32985 112235 90023 22212 58066 31957 19191 27893 15517 13794 10821 8602 49464 11427 47492 30905 16587 10360 10119 11391 28414 7764 6556 4064 28270 11249 7014 9254 9493 8940 8853 8417 9628 4235 6508 6409 6255 16644 4456 12188 1972 5574 4278 4540 635 8301 7907 6678 1229 1174 394 1296 27026 4765 11553 5877 1244 8178 2168 1792 1621 9989 6010 1137 4349 8434 1450 849 601 2347 1839 5728 405 5323 918 26883 23403 264 2491 1436 1287 824 463 241 8368 8849 3214 4871 8297 8189 7758 4211 3119 4153 3982 231 5635 1763 1134 5528 270 5804 5730 5184 1555 4049 1821 2228 1713 814 635 5928 1030 1735 515 5850 700 243 1763 1531 688 4060 282 5150
is_linear=0
shrinkage=0.05


Tree=15
num_leaves=127
num_cat=0
split_feature=151 286 148 205 208 286 208 77 214 200 155 176 286 210 200 64 215 153 76 77 152 250 200 173 77 202 154 15 64 37 15 238 81 201 76 203 16 163 203 61 214 76 198 214 151 16 16 77 15 50 77 198 77 201 208 165 202 64 61 188 202 60 151 60 203 201 64 71 201 215 64 215 22 155 49 173 183 213 286 201 203 198 60 201 198 77 67 61 205 239 67 205 200 198 79 62 201 208 15 25 198 198 200 200 61 205 286 201 148 100 213 69 62 61 198 61 198 201 186 166 64 49 202 60 169 79
split_gain=573.939 307.98 168.743 117.895 86.9745 75.0915 68.0569 65.5898 69.9943 62.7025 60.705 60.0746 58.6485 56.5059 50.889 47.8724 47.5113 127.595 47.051 48.4748 44.1686 49.3045 64.1917 53.4261 42.619 41.1816 39.5502 39.3683 39.229 38.6504 44.4843 40.2138 41.1225 38.3583 38.1098 39.5692 38.0161 37.8257 41.6781 37.2523 35.5141 35.3279 34.1401 33.6967 33.5038 33.2068 32.9863 34.7713 32.6893 32.5342 32.459 33.7388 63.2674 49.6359 77.7939 71.9885 44.5898 41.8709 34.4391 31.8262 53.2201 35.1459 32.7184 31.3595 31.2312 55.1748 33.0844 30.6791 30.3941 29.5554 29.0779 28.7586 28.5958 35.2902 28.6773 32.0308 27.1567 32.9256 27.341 46.3641 39.7759 35.499 30.2874 26.8995 26.3395 25.9658 25.9542 25.898 25.8566 25.7187 25.5874 26.3921 25.5315 25.374 25.3588 26.3287 43.6598 35.0834 26.8388 25.2703 24.9081 29.4399 28.1445 33.108 28.9917 24.8122 24.7811 24.6813 24.6253 25.8752 23.7323 23.6006 23.3103 23.1438 44.3619 23.5652 32.0244 23.1111 22.9629 22.9248 24.8545 25.4566 22.8997 22.5042 22.486 22.1926
threshold=0.90000000596046459 0.62500000000000011 0.62500000000000011 0.41484999656677252 1.0000000180025095e-35 0.62500000000000011 1.0000000180025095e-35 1.0000000180025095e-35 0.41666667163372045 0.37173913419246679 1.0000000180025095e-35 1.0000000180025095e-35 0.37500000000000006 1.0000000180025095e-35 0.36739130318164831 0.6608695685863496 0.25000000745058065 0.5000000149011613 0.41666667163372045 0.25000000745058065 1.0000000180025095e-35 1.0000000180025095e-35 0.38913042843341833 1.0000000180025095e-35 0.25000000745058065 0.31086955964565283 0.75000000000000011 0.5000000149011613 0.31086955964565283 1.0000000180025095e-35 0.5000000149011613 1.0000000180025095e-35 1.0000000180025095e-35 0.40463916957378393 0.25000000745058065 0.43055555224418646 1.0000000180025095e-35 1.0000000180025095e-35 0.17500000447034839 0.43947368860244757 0.25000000745058065 1.0000000180025095e-35 0.24901961535215381 1.0000000180025095e-35 0.5000000149011613 1.0000000180025095e-35 1.0000000180025095e-35 0.41666667163372045 1.0000000180025095e-35 1.0000000180025095e-35 -0.41666667163372034 0.29607844352722174 1.0000000180025095e-35 0.41494844853878027 1.0000000180025095e-35 1.0000000180025095e-35 0.46739129722118383 0.22826086729764941 0.37368421256542211 1.0000000180025095e-35 0.56304347515106212 0.27647060155868536 0.5000000149011613 0.2431372553110123 0.18888889253139499 0.28092782199382788 0.37608696520328527 1.0000000180025095e-35 0.38402061164379125 1.0000000180025095e-35 0.60434782505035411 0.41666667163372045 1.0000000180025095e-35 1.0000000180025095e-35 1.0000000180025095e-35 1.0000000180025095e-35 1.0000000180025095e-35 -1.0000000180025095e-35 0.87500000000000011 0.66752576828002941 0.66388890147209179 0.63725492358207714 0.40588235855102545 0.30670101940631872 0.34313726425170904 0.41666667163372045 0.53130000829696666 0.28157894313335424 0.65864998102188121 1.0000000180025095e-35 0.50405001640319835 0.67135000228881847 0.61956521868705761 0.25294119119644171 1.0000000180025095e-35 0.39347825944423681 0.7345360815525056 1.0000000180025095e-35 0.5000000149011613 1.0000000180025095e-35 0.48627451062202459 0.55686277151107799 0.27608695626258856 0.32826086878776556 0.58421051502227794 0.35985000431537634 1.0000000180025095e-35 0.61597937345504772 1.0000000180025095e-35 1.0000000180025095e-35 0.25000000745058065 1.0000000180025095e-35 0.4760869592428208 0.40263158082962042 0.41960784792900091 0.53421053290367138 0.34313726425170904 0.49484536051750189 1.0000000180025095e-35 1.0000000180025095e-35 0.38478259742259985 1.0000000180025095e-35 0.35000000894069677 0.34313726425170904 1.0000000180025095e-35 0.58333334326744091
decision_type=2 2 2 2 2 2 2 2 2 2 2 2 2 2 2 2 2 2 2 2 2 2 2 2 2 2 2 2 2 2 2 2 2 2 2 2 2 2 2 2 2 2 2 2 2 2 2 2 2 2 2 2 2 2 2 2 2 2 2 2 2 2 2 2 2 2 2 2 2 2 2 2 2 2 2 2 2 2 2 2 2 2 2 2 2 2 2 2 2 2 2 2 2 2 2 2 2 2 2 2 2 2 2 2 2 2 2 2 2 2 2 2 2 2 2 2 2 2 2 2 2 2 2 2 2 2
left_child=1 2 6 67 7 24 12 8 13 14 11 20 90 16 25 27 34 105 19 45 21 23 -23 29 40 110 59 39 33 30 31 32 50 -22 37 -36 -12 38 -3 46 41 94 -41 -30 -15 72 47 -9 49 -26 -7 57 53 54 56 58 113 -52 -55 60 61 -11 -62 -10 -59 66 -66 85 -39 -63 -43 89 74 -74 75 106 78 -78 100 80 81 82 118 -13 -32 124 -54 -20 -64 108 92 -92 -1 -49 95 -5 97 98 -97 125 102 -102 104 -104 -40 -18 -4 -77 -14 -110 -6 -84 -27 -53 115 -115 -117 -60 -80 120 121 -105 -106 -44 -2 -21
right_child=3 4 18 5 9 10 -8 15 63 26 36 83 71 44 -16 -17 17 -19 87 99 28 22 -24 -25 48 112 -28 -29 43 -31 84 -33 -34 -35 35 -37 -38 68 76 42 -42 70 123 -45 -46 -47 -48 93 -50 -51 51 52 86 55 -56 -57 -58 64 117 -61 62 69 88 -65 65 -67 -68 -69 -70 -71 -72 -73 73 -75 -76 107 77 -79 79 -81 -82 -83 111 -85 -86 -87 -88 -89 -90 -91 91 -93 -94 -95 -96 96 -98 -99 -100 -101 101 -103 103 119 122 -107 -108 -109 109 -111 -112 -113 -114 114 -116 116 -118 -119 -120 -121 -122 -123 -124 -125 -126 -127
leaf_value=-0.0073117985019350079 0.023378819908681205 0.0088474930051339242 0.013605969056815579 0.013081509276557591 0.029759425779997368 0.066380306943993606 0.013196748936530498 0.0066849939606602364 -0.001848212481739011 0.05765217020705337 -0.045134592953224258 -0.016824101944507727 -0.0132666022230685 -0.0129405368069242 -0.084538969258757327 -0.073497040269140543 -0.015014953556824768 0.081885067537957157 -0.03291629331019897 0.0211765374720395 0.03590573934502897 0.011674581757189885 -0.050313433375618832 0.06119454450805803 0.043111744177162029 -0.029271258980167386 0.092491696003602908 -0.053303594176283955 0.037120096063415903 0.03407395997837781 -0.0073636836127836478 -0.056876854515978473 0.071553558090631811 -0.039852194892747668 0.037892522510151114 -0.013952808568778056 0.047652326554015211 0.043463254163743359 0.01403407646216407 0.051487842209823255 -0.021111887137637678 0.045545795923737233 0.0065858884120553064 -0.04039612314940523 0.026478964600886997 -0.018839143073554675 -0.047540478426085116 -0.0058904979856574755 -0.039236446341338105 -0.019344064193006487 -0.064876555503297156 0.036831598221949133 0.010583834405104704 0.04765988341050445 -0.067139223353993513 -0.09453970250255575 -0.032204761235813804 -0.051141937978745333 0.035321082927150742 0.074987297132543235 -0.084530041281523013 0.025509356550726999 0.038111200419132851 -0.04801148010304989 0.0016590217933757298 -0.013777085068034026 0.070834748903509007 -0.025590770441193733 -0.0035438718095920545 -0.025989241676037941 -0.022221042675007879 -0.030387779921457938 0.022343311827570409 -0.040383132932218513 0.029803934837879804 -0.030977205938568772 0.075077938917120016 -0.0042631586871730376 -0.036592040602350127 0.028703972857709988 0.027364605368911405 0.017018613925509622 -0.006674235801433212 0.061058834456491275 -0.078967293115831047 0.058897621537646674 0.065006284718988755 0.043588227351371162 -0.044258282067337222 0.035728257379119478 0.0043364552210281571 -0.0014978332390759715 0.029707125265068992 0.048431936524887337 0.02950441145385288 0.0054137422129083585 -0.042134450732281108 0.040963115986106885 -0.033593834528449516 -0.020788350480397424 -0.04866829641598109 -0.01344190259495124 -0.025522705926027751 -0.019913055806370202 -0.05022248160530092 -0.036900475615908555 0.0024521081983050579 0.014312412999168609 -0.0047336325317858877 -0.042460263956041411 -0.039192122340699222 -0.078052129247592653 0.014398120764890733 -0.051356632095261014 0.032711750718892749 0.055736714260179669 -0.037296166007656124 -0.0034889558339209052 0.0087898054592905044 0.016870608463970389 -0.005175762971424116 0.018916156712486278 0.013999197929902153 -0.035795274291862161 -0.028180299003143623 0.062501736175344727
leaf_weight=1966.1145482510328 1769.6422886550426 163.62911449372768 645.115244820714 2324.0307863205671 90.194252118468285 17.78982475399971 679.74065135419369 220.27250443398952 43.797320231795311 57.344746947288513 100.81523701548576 13.567308142781256 1212.6333862394094 92.548224523663521 21.428113147616386 20.497104570269585 171.13185922801495 25.682811200618744 12.10719160735607 492.71029229462147 26.413478210568428 66.770109668374062 111.51707735657692 35.745027646422386 212.09289847314358 135.55697272717953 18.73689940571785 28.208781197667122 181.66983734071255 75.052115440368652 22.633143573999405 31.218482300639153 20.084662839770317 45.476030498743057 71.502036988735199 75.835567459464073 12.396519795060156 41.330755084753036 167.78483790159225 18.103164836764336 83.601190954446793 120.2439616471529 47.30033041536808 15.192205905914305 129.08668880164623 135.65812310576439 19.548435911536217 26.378252759575844 14.967033579945562 23.124802216887474 35.756562128663063 58.306109517812729 36.104609459638596 82.151662334799767 56.679846242070198 14.252904310822485 89.32798370718956 37.988670855760574 55.636360660195351 22.069356754422188 18.643429905176163 99.505251124501228 18.768715515732765 229.90194515883923 34.368384301662445 261.44161866605282 34.771863102912903 32.031734347343445 204.69938251376152 38.694288730621338 18.229347109794617 131.54614117741585 389.21951687335968 23.793718129396439 109.90272372961044 110.09900966286659 16.323517799377441 65.727750182151794 717.55059844255447 39.460971564054489 33.066613674163818 41.169858053326607 163.02447624504566 60.63468025624752 29.692680060863495 51.134324729442596 55.712491452693939 128.1335941106081 19.350188419222832 35.441005051136017 2410.4772288501263 9897.124055698514 47.706918060779572 116.15899327397346 174.52845965325832 1034.1970923691988 49.270698100328445 67.282485157251358 46.060574516654015 33.650484278798103 113.83541655540466 123.83202257752419 564.25239154696465 866.18763639032841 37.659489616751671 532.43288530409336 2183.3587540537119 41.391711741685867 4056.1459643095732 45.964341685175896 14.483261257410048 12.466293007135389 39.45246285200119 41.083507686853409 57.110364720225334 16.452173456549644 21.130842536687851 123.5285379588604 29.00077098608017 68.391077697277069 642.19317238032818 44.373197197914124 21.98301400244236 92.726926326751709 21.40238656103611 34.781063213944435
leaf_count=7915 7257 666 2621 9495 367 87 2745 895 185 234 417 55 4902 375 88 87 702 110 49 2053 108 272 468 146 907 559 78 126 751 309 93 130 91 185 295 313 51 167 680 74 346 505 197 63 524 549 79 111 62 96 159 241 148 336 237 58 370 157 227 92 76 406 77 987 139 1072 143 129 833 160 75 536 1588 96 450 446 66 268 2949 160 134 170 671 254 121 225 239 545 80 143 9698 39738 192 493 722 4227 201 275 186 138 465 504 2296 3525 153 2246 8849 168 16343 186 61 51 161 168 240 67 86 503 120 278 2609 180 89 379 86 151
internal_value=9.79548e-07 -0.00303458 -0.000461946 0.0119444 -0.0125188 0.00859687 -0.00235954 -0.0142868 -0.0159707 0.00574649 0.000575565 0.00273327 -0.00289351 -0.0146918 -0.0102781 0.00157489 -0.0157753 -0.0275812 0.00849402 0.00754266 0.000906864 -0.00239224 -0.0270984 0.000885083 0.0124048 -0.00458864 0.0222086 0.00428065 0.0195942 -0.000762708 -0.00288281 -0.000883854 0.000636585 -0.0120174 -0.0137849 0.0112074 -0.0349746 -0.0146662 -0.0158563 0.00728604 0.011127 0.01183 -0.0131257 0.031138 0.0100185 0.0054331 0.0157277 0.0191366 0.0324125 0.0369716 -0.000624349 -0.00169648 0.00488814 -0.000886099 -0.0136656 0.0148856 -0.00297137 -0.013218 0.020854 0.017409 0.0123726 0.0247449 -0.0302496 -0.0406244 -0.00820642 -0.0032725 0.0364487 0.0229222 0.00435288 0.0110903 0.0366246 -0.00729161 0.00637311 0.0187296 0.00472144 0.00379639 -0.016929 0.0115212 -0.0175623 -0.0244508 -0.0265561 -0.0284072 -0.0304355 0.0468185 -0.0479957 0.0237657 0.0436061 0.0369835 -0.00370178 -0.00672374 -0.00121007 -0.000355172 -0.00643483 0.0383789 0.0109009 0.00997871 0.00395353 0.00593236 0.00375052 0.0212214 -0.0148704 -0.0303143 -0.0133492 -0.0150912 0.00339052 -0.0315771 0.00499607 -0.0186028 -0.00700683 -0.00515636 0.0202192 -0.0117447 -0.0194268 0.0104835 -0.000831069 -0.0251825 0.00342949 0.00856279 -0.0348291 -0.0114605 -0.0127083 -0.0180208 -0.0265517 -0.0214792 0.0227627 0.0239014
internal_weight=39576.4 31556.1 24822.8 8020.31 6733.28 6146.1 20482.9 6139.06 5549.86 594.228 1978.47 1865.26 19803.2 5276.16 301.115 589.194 5054.53 729.248 4339.92 4199.68 1791.06 1522.31 178.287 1344.02 4167.63 279.687 293.113 568.697 268.752 1308.28 1233.22 1180.9 1149.68 71.8895 4325.28 147.338 113.212 4177.94 3931.91 540.489 3917.44 3833.84 158.13 196.862 221.635 3638.54 382.358 362.81 250.185 235.218 1129.59 1111.8 707.477 615.66 340.091 275.569 283.411 404.327 261.317 274.376 252.307 195.544 56.7623 273.699 368.571 330.582 69.1402 1874.21 246.03 138.2 138.473 5481.73 3502.88 413.013 3089.87 2979.96 3768.28 82.0513 3686.23 1035.74 996.279 963.212 922.042 74.202 52.3258 1842.18 91.8171 140.241 38.1189 5350.18 14321.4 12307.6 2013.82 142.537 3695.37 3520.84 1196.81 1147.54 1080.26 561.142 2650.49 237.667 2412.82 2185.4 227.427 703.565 2828.47 151.491 5314.74 4102.11 104.678 175.491 175.009 194.083 135.777 78.6665 37.583 179.165 746.551 1621.15 1552.75 910.561 59.6425 140.027 1791.04 527.491
internal_count=160737 127752 100101 32985 27651 25288 82398 25212 22771 2439 8191 7723 79653 21599 1236 2441 20700 3058 17703 17109 7414 6307 740 5567 17097 1148 1203 2354 1107 5421 5112 4898 4768 293 17642 608 468 17034 16034 2228 16032 15686 650 814 899 14767 1578 1499 1065 1003 4677 4590 2920 2533 1409 1124 1172 1670 1066 1125 1033 800 233 1172 1511 1354 282 7697 1000 566 580 22110 14218 1684 12534 12084 15368 334 15034 4255 4095 3961 3791 309 214 7568 387 594 157 21574 57543 49436 8107 604 15106 14384 4889 4688 4413 2342 10779 969 9810 8888 922 2948 11470 614 21431 16529 428 722 720 802 561 321 153 730 3069 6592 6314 3705 242 576 7343 2204
is_linear=0
shrinkage=0.05


Tree=16
num_leaves=127
num_cat=0
split_feature=151 13 13 151 13 13 151 151 205 13 151 13 148 67 208 151 13 13 216 152 205 63 217 152 78 63 199 169 75 13 61 219 13 78 152 202 151 60 286 184 152 106 64 151 198 286 286 162 205 202 205 39 46 199 79 200 38 148 216 36 175 85 60 205 47 61 67 60 208 198 75 61 63 61 63 152 148 202 199 200 32 214 202 67 199 60 175 200 198 63 198 208 216 63 205 200 60 209 67 75 79 171 60 205 250 60 35 199 67 70 60 35 198 76 55 200 198 174 148 198 63 61 50 148 63 76
split_gain=519.298 829.415 441.604 234.262 308.241 142.982 128.599 117.55 105.748 102.615 96.3031 88.2445 53.5764 50.7339 47.0924 44.7218 55.4413 44.1652 42.735 38.468 36.808 35.4505 34.1132 33.7069 33.0763 34.975 32.6412 35.5543 31.9646 31.9646 31.8016 32.0893 31.6207 31.2779 31.037 69.8723 33.0159 32.6227 31.6142 31.0092 30.9384 30.7013 30.3043 30.0271 32.6261 46.0712 29.8765 36.2976 29.6082 29.5523 30.2962 29.1593 29.4917 29.0899 28.9065 37.2219 31.3611 32.4167 29.1919 45.5521 28.889 28.726 28.7055 28.4814 28.3709 27.5794 27.0095 26.8358 42.0843 35.1588 29.7346 26.6173 26.5815 30.6452 33.2295 46.7357 29.3663 37.0866 28.7533 27.1475 26.5167 26.3184 26.3138 26.2603 25.8445 25.7843 27.7311 25.6483 25.6216 25.2152 25.1049 24.9775 24.9599 25.149 24.8403 24.5397 29.4304 24.4715 23.9315 23.7809 30.1692 23.5556 23.276 23.6954 23.3875 23.2179 33.8142 40.0177 34.1462 33.5239 31.786 31.115 24.2481 23.0907 23.0752 23.0731 23.0141 22.9736 22.9549 22.8624 32.5302 22.8237 33.523 34.3006 22.7395 22.606
threshold=0.90000000596046459 0.90000000596046459 0.90000000596046459 0.70000001788139354 0.5000000149011613 0.70000001788139354 0.5000000149011613 0.30000000447034841 0.60444998741149913 0.70000001788139354 0.70000001788139354 0.70000001788139354 0.87500000000000011 0.37364999949932104 1.0000000180025095e-35 0.30000000447034841 0.30000000447034841 0.30000000447034841 0.41666667163372045 1.0000000180025095e-35 0.52285000681877147 0.25257731229066854 1.0000000180025095e-35 1.0000000180025095e-35 0.25000000745058065 0.502577304840088 0.36578947305679327 1.0000000180025095e-35 1.0000000180025095e-35 0.30000000447034841 0.49473683536052709 1.0000000180025095e-35 1.0000000180025095e-35 0.25000000745058065 1.0000000180025095e-35 0.43260869383811956 0.5000000149011613 0.65686276555061351 0.87500000000000011 1.0000000180025095e-35 1.0000000180025095e-35 1.0000000180025095e-35 0.48695652186870581 0.5000000149011613 0.38627451658248907 0.62500000000000011 0.62500000000000011 1.0000000180025095e-35 0.044350000098347671 0.39347825944423681 0.30605000257492071 1.0000000180025095e-35 1.0000000180025095e-35 0.55526316165924083 -1.0000000180025095e-35 0.43260869383811956 1.0000000180025095e-35 0.87500000000000011 0.25000000745058065 1.0000000180025095e-35 1.0000000180025095e-35 1.0000000180025095e-35 0.32745099067687994 0.50744998455047619 1.0000000180025095e-35 0.47105263173580175 0.3460999876260758 0.31764706969261175 1.0000000180025095e-35 0.4294117689132691 1.0000000180025095e-35 0.61315789818763744 0.32216493785381323 0.83421051502227794 0.53865978121757518 1.0000000180025095e-35 0.62500000000000011 0.34565217792987829 0.31052631139755255 0.39347825944423681 1.0000000180025095e-35 1.0000000180025095e-35 0.43260869383811956 0.39395000040531164 0.76842105388641369 0.99019607901573192 1.0000000180025095e-35 0.29782609641551977 0.23725490272045138 0.47164948284626013 0.57647061347961437 1.0000000180025095e-35 1.0000000180025095e-35 0.64175257086753856 0.75384998321533214 0.30652172863483435 0.37058824300765997 1.0000000180025095e-35 0.11724999919533731 -1.0000000180025095e-35 1.0000000180025095e-35 1.0000000180025095e-35 0.4607843160629273 0.78055000305175792 1.0000000180025095e-35 0.40588235855102545 1.0000000180025095e-35 0.49473683536052709 0.83625000715255748 1.0000000180025095e-35 0.28039216995239263 1.0000000180025095e-35 0.48039215803146368 0.25000000745058065 1.0000000180025095e-35 0.34130434691905981 0.4294117689132691 1.0000000180025095e-35 0.37500000000000006 0.40588235855102545 0.48195876181125646 0.36578947305679327 1.0000000180025095e-35 0.62500000000000011 0.53865978121757518 1.0000000180025095e-35
decision_type=2 2 2 2 2 2 2 2 2 2 2 2 2 2 2 2 2 2 2 2 2 2 2 2 2 2 2 2 2 2 2 2 2 2 2 2 2 2 2 2 2 2 2 2 2 2 2 2 2 2 2 2 2 2 2 2 2 2 2 2 2 2 2 2 2 2 2 2 2 2 2 2 2 2 2 2 2 2 2 2 2 2 2 2 2 2 2 2 2 2 2 2 2 2 2 2 2 2 2 2 2 2 2 2 2 2 2 2 2 2 2 2 2 2 2 2 2 2 2 2 2 2 2 2 2 2
left_child=1 3 11 4 6 17 14 22 23 43 97 -2 32 -10 15 16 28 -5 20 48 -19 90 80 41 54 -26 42 39 30 63 31 -1 -8 34 36 -36 -11 38 -38 40 85 62 46 -9 94 -46 47 -13 -7 50 -34 52 67 119 55 -23 58 -58 60 116 -56 91 98 -17 88 -44 -48 68 70 -70 121 83 76 74 78 -76 -69 -78 -74 -77 -6 -52 89 -64 -55 86 102 -18 -16 -62 -15 -22 93 -37 -45 -53 -97 117 -4 115 105 118 103 -28 -104 106 107 108 -101 111 -108 -107 -109 -110 -80 -50 -60 -3 -65 -21 -121 122 123 -12 -68 -90
right_child=2 10 8 5 7 19 12 9 13 33 51 26 -14 21 64 29 87 18 -20 53 61 24 -24 -25 25 -27 27 -29 -30 -31 -32 -33 49 -35 35 92 37 -39 -40 -41 -42 -43 65 44 45 -47 66 -49 99 -51 81 95 -54 84 56 -57 57 -59 59 -61 82 -63 71 101 -66 -67 124 72 69 -71 -72 -73 73 -75 75 79 77 -79 114 -81 -82 -83 -84 -85 -86 -87 -88 -89 125 -91 -92 -93 -94 -95 -96 96 -98 -99 -100 100 -102 -103 104 -105 -106 109 110 112 113 -111 -112 -113 -114 -115 -116 -117 -118 -119 -120 120 -122 -123 -124 -125 -126 -127
leaf_value=0.0028351325732492998 0.03735248954697299 -0.038112925781880511 -0.01689949235110124 0.04334924823094069 -0.019485927456747217 0.033856744101717427 0.054105752418805546 -0.00784370852624801 -0.017252425078321629 -0.028041927685131869 -0.013861344179557681 0.0050934724872977715 0.036825363336693596 -0.024000178741161282 -0.014897315500644057 0.025043101885867058 0.0011512281752634392 0.027906966594693824 -0.035358073167394082 0.031033957844912183 0.012983742782231633 -0.0044309409938212965 -0.048262367607505595 0.025796265086113497 0.051209972180634472 -0.010304837345379646 0.028597740911336114 -0.035650591605831491 0.01280659298414835 0.00010353865955498082 -0.0053135192169297407 -0.040772734706366213 0.029053264380859829 0.023738327593674349 -0.017946757285137262 0.0011295267930713357 -0.011784270146359336 -0.087846829450532696 -0.036806002222523497 -0.017091099396445333 0.040823876923566919 0.079208283867561013 0.05389517203507959 0.011078989101340832 -0.00076158193297703742 -0.030339582044657299 -0.060260296699256213 0.065201494646046645 0.0078837935945380352 0.018701516968517743 0.004302982714368052 -0.030663972307654542 0.016811636576662792 -0.010103868709441355 0.0032010123869819079 0.061707681556737927 -0.010186730147402108 -0.075806002778172121 -0.05295089938426828 0.039632838021204771 -0.034788304220489862 -0.043947292348426398 -0.022890182049323103 -0.0026927653606666079 -0.054262436160139975 -0.022871298789579012 -0.022284613406044169 -0.021941049032885296 0.0022977063659035818 0.083403480535686469 0.018328837115292693 0.014589311815491501 -0.073398743498069713 0.026101892682366304 -0.026944949990828405 -0.016089711803391814 -0.043785907061929114 0.044558083960429748 -0.03834382006409346 0.062469634956236711 -0.050086928188041363 -0.035932759067994688 -0.065242719895459156 0.0011933814324434481 0.065479126679719377 -0.05010622163168376 -0.0067901101864873935 -0.012952407820665325 0.018787529118526644 0.030126836413072795 0.041927459156429384 0.042773068829676054 0.062790668648200806 0.056274764681072058 -0.0010101358711682373 -0.0022859281502241643 0.063189832725106101 0.015221915554288801 0.015997347779426841 -0.022335896600904862 0.025672934839528944 0.034484767353411112 0.049930242346552571 0.014633194810329981 -0.0081261172205895262 0.014840019499180526 0.043441974643657733 0.0052648519890049744 -0.00079856925410486286 -0.049466503747560384 -0.028952362389921101 -0.051622346332431096 -0.022709100751604545 -0.067999317010701041 0.011783353519458438 -0.058921631060255719 0.016945950611763707 0.00047760213655080879 0.010743436050671684 0.033456083925720324 -0.04708824838393761 -0.025046557555362687 -0.063300989118403109 0.027795452757586988 0.031813697026513967 0.067867063227918342
leaf_weight=3016.3034651130438 1055.1747949570417 1238.7738917917013 59.64166821539402 157.78949064016342 753.59286464750767 59.651479497551918 41.269590243697166 1741.4408668130636 620.63733869791031 638.26692010462284 184.39492407441139 230.54448039829731 221.02687641978264 215.17457096278667 53.949826076626778 245.54929423332214 409.50997880101204 580.38394038379192 39.747284263372421 235.80840548872948 1777.5694082528353 43.261683776974678 150.04971346259117 306.78545019030571 64.311262920498848 36.064502865076065 631.24788492918015 25.613703861832619 437.55886866152287 2203.2208440452814 2577.6690178215504 42.784650430083275 121.67762254178524 50.441692367196083 307.16601969301701 95.608975440263748 1469.9942134022713 15.068123891949652 138.09618654847145 45.422042071819305 255.2813378572464 14.876201599836348 55.812417432665825 776.68378019332886 506.71053238213062 177.86645533144474 29.362149298191071 28.186884358525276 20.528245359659195 626.36807955801487 1069.8623037934303 30.697692289948463 52.342207089066505 126.74395863711834 1471.7037730813026 41.853544771671295 59.203477263450623 27.593149080872536 72.385013520717621 21.576032161712646 35.452293068170547 21.514353260397911 159.15585426986217 554.1253427863121 14.172864168882368 14.803011581301687 60.724427372217178 164.82262885570526 70.228052690625191 16.501670837402344 52.110384255647659 226.76896631717682 56.909424111247063 23.361967191100121 307.72051347792149 19.675796672701836 16.621167853474617 41.643459320068359 449.79221422970295 24.931498527526855 78.132360994815826 42.246879041194916 28.935147985816002 391.88831794261932 12.41805440187454 12.308104142546652 76.193994477391243 1514.6530887335539 393.57268668711185 25.879033610224724 15.478620782494543 73.267263755202293 31.801420405507088 26.379433959722519 938.21153542399406 45.082970261573792 27.711631551384926 22.913042992353439 756.68080414831638 492.7358361184597 101.09104250371456 71.540513753890991 134.87480583786964 585.56219343841076 19.907386735081673 378.15044778585434 63.79325370490551 680.3412157446146 405.55314126610756 23.704951897263527 19.889741227030754 18.470108896493912 87.419730961322784 13.198926687240599 24.193136990070343 34.894896969199181 14.064824610948561 39.805509731173515 745.60393320024014 25.499893173575401 24.657934010028839 729.32874993979931 25.091610684990883 67.507798507809639 28.560662358999252 24.949220716953278
leaf_count=12110 4540 5267 240 675 3101 240 173 6996 2523 2595 754 939 926 897 217 991 1646 2371 163 954 7223 176 635 1256 285 148 2620 103 1775 8849 10333 173 492 207 1244 387 5935 61 571 186 1085 64 236 3124 2031 725 120 116 83 2528 4312 124 213 511 5953 180 239 116 318 105 143 88 640 2219 57 61 248 679 287 67 210 914 239 96 1269 80 68 170 1863 101 328 171 119 1588 50 55 310 6092 1593 104 63 301 142 107 3768 182 113 94 3062 1985 408 288 565 2412 82 1538 259 2730 1628 96 80 74 351 62 99 140 58 167 3016 103 99 2997 103 275 116 105
internal_value=9.6781e-07 -0.00288555 0.011379 8.58921e-05 -0.00218723 0.00935434 0.00215918 -0.0101295 0.00156017 -0.00783049 -0.0250175 0.0254356 0.0135254 -0.0046445 0.00019868 -0.000428982 -0.00255457 0.017696 0.016072 0.00152733 0.0169055 -0.00104341 -0.0263193 0.0106077 0.0011574 0.029108 0.019808 0.0228343 -0.000211659 0.00402161 -0.00122221 0.00222523 0.010817 -0.0152745 -0.0159973 -0.00417244 -0.0184076 -0.0146192 -0.013933 0.0236851 0.0247648 0.00771173 0.00774024 -0.00284587 0.000781361 -0.00844652 0.00211492 0.0116418 -0.000928799 0.00985655 0.00536615 -0.0191403 -0.0202952 0.0153897 -0.000365789 0.0280913 -0.00174451 -0.0310475 -0.000221514 -0.0253587 0.00151697 0.0134953 0.00704453 0.00936072 0.0154419 0.0378027 -0.0186601 -0.021149 -0.0157552 0.0177293 -0.018499 0.000170952 -0.0266168 -0.0304214 -0.0319165 -0.0200116 -0.0111553 0.0193562 -0.0398172 0.027818 -0.0223606 0.0027745 -0.0259396 -0.00576258 -0.00335926 0.0219571 0.0225697 -0.0099508 0.0175329 -0.00739706 -0.0195759 0.014163 0.0233391 0.0130544 0.00446508 0.00682876 0.0226395 -0.0359937 0.0135939 -0.00181564 -0.00103047 0.00655252 0.0242007 0.0218776 0.0424633 -0.00226692 -0.00478462 -0.00633045 -0.0134144 0.00829283 0.0262353 0.011745 0.00207965 -0.00291671 -0.0357852 -0.0341775 -0.0415791 -0.0369115 0.00501506 0.0245137 -0.00614007 -0.020406 -0.00818744 -0.00269768 -0.00497956 0.0217133
internal_weight=39529.1 31530.1 7998.95 27797.9 22323.1 5474.82 14427.6 7895.51 4709.37 6913.74 3732.16 3289.58 2122.45 2793.57 12305.2 11818.5 7998.48 2650.27 2492.48 2824.55 2452.73 2172.94 981.775 1915.8 1942.28 100.376 2234.41 1786.41 6074.32 3820.04 5636.76 3059.09 1901.42 2772.82 2722.38 460.956 2261.43 1623.16 1608.09 1760.8 1715.38 1609.01 447.994 4140.91 2399.47 684.577 377.379 258.731 2399.42 1860.15 1233.79 2430.67 2327.18 425.128 1841.91 85.1152 1756.79 86.7966 1670 108.026 1561.97 1872.35 1594.14 1616.82 486.645 70.6154 118.647 2274.83 1145.16 86.7297 1058.43 777.813 1129.67 906.585 883.223 352.328 223.087 58.2646 530.895 44.6073 831.725 1112.11 90.2665 551.044 139.162 1460.09 1447.79 1924.16 472.472 61.3313 230.653 1850.84 153.79 121.988 1714.9 103.492 72.7946 1301.49 816.322 2339.77 2284.35 1371.27 1371.59 1216.81 154.782 2183.26 1762.93 1679.25 911.488 420.326 83.683 396.621 767.761 418.752 473.985 55.4231 86.4498 1278.58 1299.73 285.966 50.1578 1006.32 276.994 251.903 89.2851 418.522
internal_count=160737 127752 32985 112235 90023 22212 58066 31957 19191 27893 15517 13794 8602 11427 49464 47492 32129 10821 10146 11391 9983 8904 4064 7764 7944 433 9254 7418 24391 15363 22616 12283 7676 11249 11042 1880 9162 6567 6506 7315 7129 6508 1836 16644 9648 2756 1539 1055 9674 7503 4975 9989 9570 1717 7511 356 7155 355 6800 481 6319 7612 6444 6514 1972 297 484 9357 4693 354 4339 3142 4664 3747 3651 1450 917 238 2201 181 3429 4483 366 2228 561 6044 5989 7738 1915 247 960 7524 636 494 6892 419 295 5528 3302 9434 9211 5523 5679 5032 647 8803 7095 6756 3675 1708 339 1612 3081 1690 1962 223 376 5434 5235 1156 202 4129 1132 1029 364 1698
is_linear=0
shrinkage=0.05


Tree=17
num_leaves=127
num_cat=0
split_feature=151 13 13 151 13 13 205 151 13 13 151 13 154 67 75 16 63 286 77 151 153 215 77 215 76 61 77 214 198 14 205 208 13 215 63 215 175 215 37 198 203 154 153 205 208 203 151 207 154 172 64 14 85 16 200 205 34 223 203 17 198 205 78 61 62 77 61 76 198 198 198 244 62 69 154 214 61 205 208 63 49 203 78 203 151 216 14 13 214 63 64 62 77 64 63 62 61 148 26 75 63 64 160 151 203 63 63 203 62 173 61 42 13 193 62 77 192 61 203 62 61 78 160 64 148 205
split_gain=470.291 753.412 402.142 211.76 280.554 129.554 96.9542 93.7768 115.218 95.8083 88.8552 81.5575 78.5512 63.344 55.833 53.9874 49.3436 48.7273 48.5589 48.0064 72.115 46.8534 60.5898 43.3373 50.3427 48.3901 46.0985 41.2605 47.2698 39.5391 37.6975 37.5349 37.1643 41.7249 37.0908 35.7461 38.7293 35.4724 35.4048 34.1929 33.3196 32.2158 35.6001 32.16 32.1246 31.7861 30.6642 30.6497 29.7388 30.8931 34.7942 31.1873 29.7218 29.6574 35.6733 31.1659 33.7887 28.964 30.0606 28.954 37.2491 28.9899 30.331 30.1242 28.9499 46.9233 33.2681 28.9072 29.1903 28.9067 28.7938 28.5676 28.4707 28.3846 30.0748 28.3071 68.3834 29.1639 28.0521 27.7832 27.4221 27.3902 27.2648 33.7397 26.7721 26.7708 27.3673 42.0049 36.6694 27.9034 27.7205 26.5959 26.5777 26.4771 25.9853 25.6049 27.2961 25.1318 24.9632 24.7889 29.6945 27.0158 25.103 35.3668 24.4722 24.3892 28.8454 24.2904 24.0356 23.8455 23.8226 24.5316 24.4106 23.7676 23.4359 41.6959 31.0274 27.1953 23.4568 23.2766 34.8752 25.4952 25.7339 23.239 23.1534 28.0183
threshold=0.90000000596046459 0.90000000596046459 0.90000000596046459 0.70000001788139354 0.70000001788139354 0.70000001788139354 0.42325000464916235 0.5000000149011613 0.5000000149011613 0.30000000447034841 0.70000001788139354 0.70000001788139354 1.0000000180025095e-35 0.22735000401735309 0.25000000745058065 1.0000000180025095e-35 0.25257731229066854 0.87500000000000011 0.41666667163372045 0.30000000447034841 0.5000000149011613 0.25000000745058065 -0.25000000745058054 0.25000000745058065 0.41666667163372045 0.36578947305679327 0.25000000745058065 0.41666667163372045 0.31176471710205084 1.0000000180025095e-35 0.69085001945495617 1.0000000180025095e-35 0.30000000447034841 0.58333334326744091 0.57474225759506237 -1.0000000180025095e-35 1.0000000180025095e-35 0.41666667163372045 1.0000000180025095e-35 0.48627451062202459 0.69166666269302379 1.0000000180025095e-35 0.5000000149011613 0.15444999933242801 1.0000000180025095e-35 0.097222223877906813 0.5000000149011613 1.0000000180025095e-35 1.0000000180025095e-35 1.0000000180025095e-35 0.38913042843341833 1.0000000180025095e-35 1.0000000180025095e-35 1.0000000180025095e-35 0.28913043439388281 0.64605000615119945 1.0000000180025095e-35 1.0000000180025095e-35 0.37500000000000006 1.0000000180025095e-35 0.4294117689132691 0.83394998311996471 0.25000000745058065 0.62894734740257274 0.38478259742259985 0.58333334326744091 0.29736842215061193 1.0000000180025095e-35 0.99019607901573192 0.40588235855102545 0.28039216995239263 1.0000000180025095e-35 0.28913043439388281 1.0000000180025095e-35 0.75000000000000011 1.0000000180025095e-35 0.39210526645183569 0.88530001044273388 1.0000000180025095e-35 0.53865978121757518 1.0000000180025095e-35 0.31666667759418493 1.0000000180025095e-35 0.49722221493721014 1.0000000180025095e-35 0.41666667163372045 1.0000000180025095e-35 0.5000000149011613 1.0000000180025095e-35 0.48195876181125646 0.51304346323013317 0.51739129424095165 -1.0000000180025095e-35 0.26304347813129431 0.17783504724502566 0.7130434811115266 0.50263157486915599 0.87500000000000011 1.0000000180025095e-35 0.25000000745058065 0.28092782199382788 0.37173913419246679 1.0000000180025095e-35 1.0000000180025095e-35 0.38333334028720861 0.51030924916267406 0.35824741423130041 0.49722221493721014 0.61956521868705761 1.0000000180025095e-35 0.4342105239629746 1.0000000180025095e-35 0.5000000149011613 1.0000000180025095e-35 0.36304347217082983 0.58333334326744091 1.0000000180025095e-35 0.25000000000000006 0.21944444626569751 0.38913042843341833 0.45526316761970526 0.41666667163372045 1.0000000180025095e-35 0.33913043141365057 0.87500000000000011 0.58394998311996471
decision_type=2 2 2 2 2 2 2 2 2 2 2 2 2 2 2 2 2 2 2 2 2 2 2 2 2 2 2 2 2 2 2 2 2 2 2 2 2 2 2 2 2 2 2 2 2 2 2 2 2 2 2 2 2 2 2 2 2 2 2 2 2 2 2 2 2 2 2 2 2 2 2 2 2 2 2 2 2 2 2 2 2 2 2 2 2 2 2 2 2 2 2 2 2 2 2 2 2 2 2 2 2 2 2 2 2 2 2 2 2 2 2 2 2 2 2 2 2 2 2 2 2 2 2 2 2 2
left_child=1 3 11 4 7 15 -4 8 23 124 41 119 19 -8 16 32 39 84 21 20 -6 35 -23 24 26 -26 27 44 70 59 -11 37 -5 43 -20 -18 71 -24 91 95 64 42 46 -34 47 -13 113 73 49 51 -51 67 78 55 -55 -47 -57 58 -21 61 -61 63 -63 -7 65 66 -25 68 94 79 81 75 -50 74 99 77 -77 92 85 123 82 -29 -60 -84 -10 86 88 90 89 97 -88 -28 -37 -49 -12 96 -15 -45 -75 100 101 -1 -103 -104 -44 106 -56 -69 -94 -66 112 -112 -91 -3 115 116 117 -96 -116 -2 121 122 -121 -43 125 -9
right_child=2 10 6 5 12 29 13 9 17 30 48 45 -14 14 -16 -17 18 -19 34 57 -22 22 31 40 25 -27 38 28 -30 -31 -32 -33 33 -35 -36 36 -38 -39 -40 -41 -42 69 104 52 -46 53 -48 93 72 50 -52 -53 -54 54 105 56 -58 -59 80 60 -62 62 -64 -65 109 -67 -68 107 -70 -71 -72 -73 -74 98 -76 76 -78 -79 -80 -81 -82 -83 83 -85 -86 -87 87 -89 -90 110 -92 -93 108 -95 114 -97 -98 -99 -100 -101 -102 102 103 -105 -106 -107 -108 -109 -110 -111 111 -113 -114 -115 118 -117 -118 -119 -120 120 -122 -123 -124 -125 -126 -127
leaf_value=-0.012173869541865749 0.042602963759190086 -0.054482861399045734 0.01361835429004012 0.042728607747231903 -0.04855411031894763 0.01424572075292232 -0.020548172083021572 0.04467061349328523 -0.038069023073883601 0.010097555800833935 0.024044149635347005 -0.046521250267973206 0.022568979833769626 -0.041604958707648985 0.036280659463647738 -0.016739708955322161 0.040831022738855388 -0.034009614927304664 0.056616634032398472 -0.023566585836062307 0.072789344902479014 0.068620992666191274 -0.018084753186903103 -0.045171741501039003 -0.054884090540321243 0.042559208757818594 0.015007016326404804 0.025658464322559284 -0.048522706690048933 -0.012342508915892223 -3.876240344482098e-05 0.033975224265093112 0.041157219404660252 -0.045430777274707707 -0.02145256185330377 -0.041177626612586365 -0.025282876342278771 -0.066971295679075213 -0.050099901140898961 0.026115675500297295 0.03041108751955909 0.0064634673193711403 -0.027085398144391905 0.022690210839993986 0.014070467646044804 0.028318061556688662 -0.033256570292107365 -0.023857097124041975 0.055993554187546403 -0.016036822849234897 0.045077839006951274 -0.034664256936735728 -0.0415143612037406 -0.067527426908865776 -0.018855221941503138 0.017460771601031322 -0.025241432369338842 0.042496723053226042 -0.015047851421787354 -0.0052347205333891913 -0.06863076157749827 -0.0028021265695904666 0.04201388461188877 -0.0054970187204377132 -0.021984893806993901 0.083258600447461792 -0.0023467934131388242 -0.0084317511430404175 0.05668779868231081 0.059727381365422896 0.072931377788927304 -0.073179130689108612 -0.0062291949069840499 -0.012725579007653975 -0.044626074287395845 0.045256431766782304 -0.037619828426859118 -0.0030059056432185012 0.041832597613007609 0.040262408083006906 0.023056328709943268 -0.057177709968974769 -0.021882625751567054 0.050625665487069087 -0.0083887463527257313 -0.051912851422532651 -0.0080290166403814995 0.014304253419036723 -0.0137453861753474 0.044822259547059137 -0.066955810091025872 0.054280314374990805 0.011274318045910028 0.022241120320074644 -0.062250220501560753 0.043075680463354721 -0.0072878463903085881 0.048353236996134329 -0.072712277675482329 0.013990433362323421 0.00060378262894784397 0.006616427781643174 -0.075249042783102349 0.0055609524353923299 0.042151224649890844 -0.03050135197162589 0.054036037693246955 0.055687532948054702 -0.042670079111914137 -0.068930290500150482 0.0064563333114026726 -0.057217364097582907 0.013857376318628822 0.0082613545034035153 -0.059198216130954009 0.061426013272793678 0.025373934007174262 -0.0169257008377692 -0.024601720963786291 0.011823399757621171 0.039500046997721305 0.067804778879199917 -0.058141504564228799 -0.065841402703587543 0.04546855949694506 0.014052349999456827
leaf_weight=936.35962100327015 573.62771558761597 306.67020450532436 1219.3817049264908 147.51749427616596 197.23244698345661 1012.0008171647787 437.7569424957037 94.662090256810188 78.69883331656456 1447.5845779776573 33.120399728417397 18.410821810364723 124.34489917755127 169.91596941649914 101.3529801517725 114.41059359908104 56.079075664281845 220.93331606686115 64.193756148219109 987.05857715010643 13.054707422852514 15.816396087408064 75.572995528578758 54.100344225764275 14.316474020481108 115.75175940990448 363.34890988469124 22.670576393604279 91.163373365998268 438.71928787231445 2503.7711313664913 18.207927048206329 136.15357658267021 26.577911660075188 19.939961522817612 25.656420230865479 137.72389575839043 72.901706621050835 19.02399380505085 34.857096374034882 42.997187614440918 18.351152330636978 28.265106871724129 861.06527653336525 406.52865977585316 825.46471507847309 839.44261042773724 35.820407599210739 23.630813032388687 58.947054669260979 38.500288635492325 336.9331272393465 22.144239127635956 19.479567900300026 21.982074126601219 1227.264667481184 48.141713455319405 20.849914252758026 1528.8135938644409 123.72050477564335 28.509576439857483 941.59225054085255 39.330733776092529 238.80945925414562 248.58406548202038 14.285869315266607 280.37246531248093 40.512194588780403 12.548791736364363 14.791160613298414 13.752841994166372 12.544339358806608 82.798692092299461 239.10238888859749 38.074779152870178 32.097894951701164 110.84566180408001 854.50298248231411 105.71317201852798 15.345188319683073 52.408956110477448 17.825779601931572 29.128514304757118 35.715564250946045 2197.5129299610853 14.652975872159002 71.450655743479729 235.61037094891071 84.292978927493095 87.828007489442825 27.693303674459457 48.911024048924446 1120.9695744365454 238.84023497998714 34.440107271075249 12.607061266899107 87.932427659630775 107.28642617166042 18.699612140655518 302.50674837827682 8232.4584141224623 420.71376156806946 23.780643329024315 31.440223559737206 23.269678026437759 28.380997851490974 35.479022398591042 23.245911940932274 21.036687046289444 30.352285698056221 354.20162260532379 15.801590651273726 231.17539791762829 15.874371424317358 52.289099484682083 17.399853333830833 41.834791868925095 847.62937793135643 777.53604891896248 171.41630227863789 267.11531376838684 18.637002617120743 14.23406960070133 28.173754721879959 117.07276456058025 354.62404075264931
leaf_count=3752 2498 1344 4950 640 842 4078 1777 391 329 5831 135 75 506 713 422 461 226 933 292 4028 53 82 308 221 59 489 1491 92 384 1763 10072 76 560 110 82 104 560 328 77 142 173 77 118 3501 1647 3460 3586 144 96 241 156 1415 91 79 90 5086 197 84 6188 499 130 3787 175 959 1009 59 1138 164 53 60 56 51 340 961 153 134 461 3454 438 62 224 76 118 147 8857 60 290 956 342 360 124 203 4534 960 145 52 358 445 75 1226 32986 1686 96 126 95 116 151 94 85 125 1439 64 940 68 216 72 171 3486 3205 736 1159 87 60 118 508 1448
internal_value=9.55115e-07 -0.00274591 0.0108495 8.17428e-05 -0.00207965 0.00890138 0.00148465 0.000126036 -0.00179881 0.00643136 -0.0239037 0.0243167 -0.0163359 -0.0027639 -0.000206979 0.0168554 -0.00146339 -0.0115909 0.000738966 -0.0180249 -0.0410211 -0.000492261 -0.0249047 0.000188897 0.000901534 0.0318337 0.000551713 -7.31114e-05 -0.0265316 0.00145207 0.00367469 -0.0337793 0.0183751 0.0168667 0.038114 0.00138644 0.000431077 -0.0420883 0.016589 -0.0204931 -0.0121696 -0.034502 -0.0364879 0.0175697 0.000279075 0.0189043 -0.0382914 -0.000253984 -0.0182565 -0.0194447 0.00810885 -0.0206555 0.0161224 0.0194502 -0.00644117 0.0207482 0.0158489 -0.0162028 -0.0166676 0.00399068 -0.0171075 0.00542982 -0.0010052 0.0104764 -0.0150864 -0.00548334 -0.00927365 -0.0181456 -0.0193069 -0.00306695 0.0104235 0.00205733 0.00758628 -0.000695964 -0.000273045 0.00249324 -0.01901 0.00401327 0.0167034 -0.0180791 -0.0125307 -0.0108046 -0.013701 0.0180543 -0.00941493 0.015433 0.0159082 0.00281497 0.0184248 0.020061 -0.0244887 0.0196664 0.00914995 0.0162291 -0.0198354 -0.0265002 -0.029902 0.0255335 -0.0170767 -0.000103276 -0.000545324 -0.00724363 0.0024562 -0.0292395 0.00417725 0.00742072 0.0261511 0.0149458 0.0102806 -0.0270932 0.0123698 0.00373704 0.0223826 -0.0513948 -0.020656 -0.0152558 -0.0166999 -0.0186954 -0.0267817 0.0358383 0.0276067 0.0120556 0.00645909 -0.0373217 0.025664 0.0205034
internal_weight=39454.6 31483.1 7971.53 27771.5 22305.2 5466.26 4701.89 19316.6 14798.9 4517.71 3711.55 3269.63 2988.61 3482.51 3044.75 2643.58 2943.4 2497.15 2638.09 2864.26 210.287 2553.96 182.499 12301.8 11631.1 130.068 11501 11069.7 145.413 2822.68 3951.36 166.683 2529.17 2381.65 84.1337 2371.46 2315.38 148.475 431.284 305.313 670.692 1290.18 1213.52 2355.07 10924.3 2224.6 1161.99 10517.8 2421.37 2314.94 97.4473 2217.49 2218.92 2206.19 105.322 2100.87 1275.41 2653.98 2633.13 2383.96 152.23 2231.73 980.923 1250.81 627.695 348.759 334.473 1880.56 1816.8 76.6613 54.2492 2177.65 106.43 10243.1 9985.33 2165.11 142.944 2022.17 2196.77 61.8701 1646.07 40.4964 1593.66 64.8441 2276.21 2091.06 2076.41 334.754 1741.65 1657.36 99.144 412.26 1167.66 274.661 1804.25 270.455 257.848 968.352 257.802 9947.26 9644.75 1412.29 475.935 55.2209 51.5348 85.8421 57.4611 63.7581 1142.01 278.936 689.007 370.003 319.003 322.545 1771.13 941.304 923.904 882.069 829.825 1045.03 471.403 204.287 185.65 46.5249 566.359 449.286
internal_count=160737 127752 32985 112235 90023 22212 19191 77833 59583 18250 15517 13794 12190 14241 12464 10821 12042 10119 10777 11684 895 10403 794 49464 46739 548 46191 44420 608 11391 15903 712 10360 9720 374 9609 9383 636 1771 1265 2725 5528 5211 9610 43812 9254 4998 42165 9989 9553 397 9156 9050 9179 436 8743 5283 10789 10705 9628 629 8999 3962 5037 2552 1418 1359 7741 7483 317 224 8823 436 41061 40025 8772 595 8177 8959 257 6677 168 6453 265 9186 8521 8461 1370 7091 6749 414 1694 4723 1104 7430 1123 1071 3946 1036 39872 38646 5660 1908 222 213 357 241 258 4619 1134 2803 1503 1300 1412 7295 3874 3802 3631 3421 4540 2042 883 796 195 2347 1839
is_linear=0
shrinkage=0.05


Tree=18
num_leaves=127
num_cat=0
split_feature=151 13 13 151 13 13 151 151 205 13 151 13 16 219 13 77 215 64 75 215 201 202 77 215 203 203 200 60 38 15 13 208 60 214 199 14 64 215 75 202 62 203 201 199 62 215 64 205 199 169 63 213 203 202 215 48 64 62 216 15 60 286 63 199 64 69 63 63 69 63 64 62 214 286 162 215 16 63 14 199 160 61 203 63 202 203 39 46 14 201 203 62 199 155 208 244 61 13 61 207 215 85 64 200 61 207 70 61 199 201 62 200 201 211 155 202 200 63 202 61 43 61 63 60 200 63
split_gain=425.923 684.487 365.961 191.494 255.272 117.586 108.324 99.6125 88.01 83.4511 82.3015 75.6853 48.9049 46.1997 44.8172 42.2183 44.5536 44.4186 42.3325 42.0669 41.7878 66.8695 40.1576 43.4744 39.5657 58.9091 40.3785 39.7704 44.996 38.8434 60.5243 38.4842 38.2167 37.8355 44.9771 35.6982 33.9005 33.8313 32.1745 31.3051 34.2657 31.7724 31.1629 39.471 30.861 30.1058 29.8109 29.6975 29.5262 31.8595 29.0078 28.8873 28.7305 48.9461 29.6686 28.7313 28.575 28.9804 28.4332 28.2354 28.1913 30.3031 28.0095 29.3182 33.4545 28.3908 27.9619 27.8827 27.878 35.5613 27.8644 27.5749 27.553 27.1099 33.0369 26.8172 26.7075 26.6146 26.5312 43.8455 32.2959 30.1873 29.8626 29.4231 31.7409 26.4561 26.2107 26.8339 29.2615 26.157 42.5099 36.3426 36.0934 26.3584 58.613 26.148 25.9012 25.2719 25.1463 25.0738 25.0261 24.8392 24.7984 24.7656 24.7022 24.4791 24.4086 24.3997 23.967 39.3565 26.7239 24.8231 52.335 32.9498 29.9419 29.0215 25.9232 23.9252 34.081 29.3534 23.9219 23.7599 23.5523 28.6424 25.6072 24.815
threshold=0.90000000596046459 0.90000000596046459 0.90000000596046459 0.70000001788139354 0.5000000149011613 0.70000001788139354 0.5000000149011613 0.30000000447034841 0.46484999358654028 0.70000001788139354 0.70000001788139354 0.70000001788139354 1.0000000180025095e-35 1.0000000180025095e-35 0.30000000447034841 1.0000000180025095e-35 -0.25000000745058054 0.51304346323013317 0.25000000745058065 -1.0000000180025095e-35 0.25257731229066854 0.49782608449459081 1.0000000180025095e-35 0.25000000745058065 0.22777777910232547 0.40277777612209326 0.31521739065647131 0.40588235855102545 1.0000000180025095e-35 0.5000000149011613 0.30000000447034841 1.0000000180025095e-35 0.4450980424880982 0.41666667163372045 0.36578947305679327 1.0000000180025095e-35 0.49782608449459081 0.41666667163372045 0.25000000745058065 0.31956522166728979 0.36304347217082983 0.4083333313465119 0.64690721035003673 0.38684210181236273 0.34565217792987829 0.91666665673255932 0.28478260338306433 0.15444999933242801 0.36578947305679327 1.0000000180025095e-35 0.67783504724502575 1.0000000180025095e-35 0.37500000000000006 0.48695652186870581 0.41666667163372045 1.0000000180025095e-35 0.29347826540470129 0.34565217792987829 0.25000000745058065 0.5000000149011613 0.38627451658248907 0.87500000000000011 0.28092782199382788 0.80789473652839672 0.38913042843341833 1.0000000180025095e-35 0.44072164595127111 0.59020617604255687 1.0000000180025095e-35 0.5695876181125642 0.48695652186870581 0.32826086878776556 1.0000000180025095e-35 0.62500000000000011 1.0000000180025095e-35 0.91666665673255932 1.0000000180025095e-35 0.23711340129375461 1.0000000180025095e-35 0.48157894611358648 1.0000000180025095e-35 0.33947369456291204 0.49722221493721014 0.38402061164379125 0.34565217792987829 0.38333334028720861 1.0000000180025095e-35 1.0000000180025095e-35 1.0000000180025095e-35 0.51030924916267406 0.44722221791744238 0.11956521496176721 0.41842105984687811 1.0000000180025095e-35 1.0000000180025095e-35 1.0000000180025095e-35 0.61315789818763744 0.5000000149011613 0.47105263173580175 1.0000000180025095e-35 0.41666667163372045 1.0000000180025095e-35 0.38913042843341833 0.31086955964565283 0.54999998211860668 1.0000000180025095e-35 1.0000000180025095e-35 0.68157896399497997 0.41315789520740515 0.64175257086753856 0.38913042843341833 0.39347825944423681 0.7345360815525056 1.0000000180025095e-35 1.0000000180025095e-35 0.4760869592428208 0.37173913419246679 0.49484536051750189 0.52391305565834057 0.51052629947662365 1.0000000180025095e-35 0.68684211373329174 0.64690721035003673 0.43921568989753729 0.36739130318164831 0.43298968672752386
decision_type=2 2 2 2 2 2 2 2 2 2 2 2 2 2 2 2 2 2 2 2 2 2 2 2 2 2 2 2 2 2 2 2 2 2 2 2 2 2 2 2 2 2 2 2 2 2 2 2 2 2 2 2 2 2 2 2 2 2 2 2 2 2 2 2 2 2 2 2 2 2 2 2 2 2 2 2 2 2 2 2 2 2 2 2 2 2 2 2 2 2 2 2 2 2 2 2 2 2 2 2 2 2 2 2 2 2 2 2 2 2 2 2 2 2 2 2 2 2 2 2 2 2 2 2 2 2
left_child=1 3 11 4 6 12 22 37 -4 60 -3 59 29 15 -8 18 -17 44 19 -10 21 39 23 31 27 26 107 28 -22 30 -5 33 -31 38 -35 75 58 -6 62 40 46 -42 -25 -44 -18 72 -21 -32 70 51 -16 78 55 85 -55 -11 57 -36 99 76 61 77 63 64 -1 105 -40 -63 100 -70 73 -53 89 74 -13 -7 97 104 80 81 -50 -80 -81 -84 -85 -54 87 88 95 90 -27 -91 -92 94 -93 -12 -73 -2 -72 -28 101 117 -29 -78 -9 108 -95 -26 109 110 -64 113 -113 114 115 116 -110 118 -49 -119 -87 -20 125 124 -124 -24
right_child=2 10 8 5 7 35 14 9 13 52 86 48 -14 -15 50 16 17 -19 121 20 24 -23 122 42 25 45 36 102 -30 32 47 -33 -34 34 56 -37 -38 -39 66 -41 41 -43 43 -45 -46 -47 -48 68 49 -51 -52 71 53 54 -56 -57 -58 -59 -60 -61 -62 67 65 -65 -66 -67 -68 -69 69 -71 98 96 -74 -75 -76 -77 103 -79 79 82 -82 -83 83 84 -86 120 -88 -89 -90 91 92 93 -94 106 -96 -97 -98 -99 -100 -101 -102 -103 -104 -105 -106 -107 -108 -109 111 -111 -112 112 -114 -115 -116 -117 -118 119 -120 -121 -122 -123 123 -125 -126 -127
leaf_value=-0.011149198291850357 0.052291979722729309 -0.033102339366001772 0.012115802991972969 0.051251164201924909 -0.021484419981935468 0.0042845540213714093 0.024503804441737186 -0.033553488376674205 0.035012916471798897 -0.022156469871037043 -0.01635771996547198 0.0040268106195637593 -0.015912264670402295 -0.055591517263234802 0.0096066886760790351 -0.061486602226541634 0.0051880750933505498 -0.024818110025920617 0.016218851735237797 0.02525550489515288 0.032295917246083293 -0.071335920988743626 -0.005244667654530172 -0.020343398345594028 -0.044773849941912275 0.023404557791350852 -0.017558989620915781 0.01482052995708032 -0.067359697669488891 0.0043369492173781559 0.039920651249987164 0.014986464725998672 -0.067919966986085475 0.046322161814499642 -0.045793675420303159 -0.011728886651543195 0.016169360325210803 -0.056260060686253881 0.022040085479063207 0.035836267377072593 0.042986744879556033 -0.032462804010556061 -0.021922578257665651 0.036167038790137093 0.042790224487673383 -0.070944136607002412 -0.041778852118789858 0.019217856648782283 0.029441972169397559 -0.034486008959178728 -0.021826913284415651 0.029026560560773292 0.046400779129780544 0.0038017375961193613 0.05752858033093651 0.019522240619354911 -0.050288371884517874 0.04205828971535161 -0.060379248712964087 -0.0033596711369111819 0.0042134485454529301 -0.034805190540499263 -0.0016667165442471078 -0.054615360807663098 0.0050239400948345701 -0.019270365716402074 -0.0096019425367464602 0.02883262063351737 -0.032206302406864909 0.058119709504994926 0.051185357763233297 -0.024245240136667106 -0.038930069272063154 -0.018654494069963109 0.061790218576645087 -0.053495257796217013 -0.040164454776325381 -0.0025369051326574392 -0.068756637084306169 0.041799546067396255 0.0019688149276788662 -0.0020970431033867218 0.044089593194166658 0.033375666271432645 -0.062357188794059375 -0.013599406646143364 0.0072671769400501551 0.016890651552978388 -0.032796005059080896 0.066337225480733106 -0.028312524975448446 0.0017527554411936345 -0.0038944158513224505 -0.0033031120603382045 0.061553797350586407 -0.077272638312668118 0.027340741261321012 0.033467724385816071 -0.02222959062860241 0.046208040955094815 -0.022499524051313002 -0.037072295702147311 -0.054250607134929664 0.026172387369141892 0.00010668063775859663 0.0171174872955056 -0.072302298803514881 0.018468005950002597 -0.0013036064394560329 0.011146877985738941 -0.013167456339762865 0.0074534373808073486 -0.034682371411330112 0.058150387282625254 0.031047197165146836 0.015266801165409015 -0.01517149679321562 0.017982890079176927 0.04674363614656285 -0.0033542230153559001 -0.071340980636291337 0.078730441021158087 -0.035828109778582411 0.033578391395838431 0.006726035169344155 0.019518904325445549
leaf_weight=994.57098741829395 241.61808979511261 1277.9081079810858 1362.9348510652781 135.53013759851456 897.02065393328667 2362.2739582061768 563.62197233736515 138.67041589319706 63.618210390210152 992.54057697951794 1897.3114644140005 229.87271274626255 114.3436841070652 41.191305816173553 1475.0710129439831 17.638745918869972 85.634685501456261 45.475517511367798 79.214006379246712 24.055238902568817 148.75621090829372 22.73014934360981 124.05969378352165 439.28478144109249 190.75697033107281 93.902871266007423 520.48606094717979 22.469528406858444 12.260449469089506 76.714676320552826 131.57833454012871 417.33982269465923 24.031743600964546 19.157798573374748 17.563341617584229 438.59147037565708 79.670181825757027 75.851003155112267 282.95148175954819 130.55799634754658 61.231301933526993 18.071383759379387 55.535483419895172 61.767490789294243 150.40296071767807 16.584160596132278 53.408061549067497 1192.38287730515 1173.904776930809 25.568867936730385 77.238061010837555 68.251504451036453 18.158839032053947 248.91790181398392 28.653130888938904 43.146665096282959 94.787918850779533 20.165315091609955 38.086423829197884 47.231628268957138 1107.4125765264034 134.78866347670555 1233.0895772725344 31.615458816289902 471.25020362436771 178.78057283163071 92.691824555397034 19.73234911262989 58.056992009282112 13.414326742291449 54.844028651714325 91.41352953016758 51.950188502669334 118.44459301233292 27.740495085716248 20.253939896821976 20.52988563477993 2648.1600492298603 21.808120772242546 102.55647556483746 117.69727575778961 76.777614206075668 21.500739812850952 13.279076710343359 24.88268917798996 1412.589698523283 103.01935984194279 52.319744199514389 342.25072436034679 23.829446464776993 234.37151718139648 495.78802748024464 427.15835353732109 33.238220408558846 44.666211321949959 17.78206692636013 33.159685119986534 680.33182193338871 14.814638599753378 15.886377334594725 40.325997158885002 20.808620139956474 30.817551702260971 44.710140720009804 89.804423153400421 225.47517058253288 20.862034559249878 16.576976120471954 2485.3435785621405 378.4175007045269 855.59184156358242 2298.4630725085735 76.134538397192955 23.652953252196312 70.891818419098854 230.18682619929314 389.84009936451912 452.99450339376926 124.16345496475697 250.21993459761143 18.168050870299339 18.810319364070892 74.752723753452301 37.221251726150513 67.072623789310455 548.16788321733475
leaf_count=3986 1091 5528 5538 598 3722 9528 2347 558 257 4060 7834 939 461 180 5945 89 349 187 331 98 602 96 507 1789 786 378 2110 91 50 312 545 1697 111 78 75 1763 323 342 1164 536 268 73 228 249 647 79 217 4873 4931 103 310 283 73 1005 132 175 403 83 163 191 4456 555 4941 128 1889 719 374 80 237 55 236 374 217 484 116 100 83 10635 95 429 493 322 92 56 103 5730 419 213 1448 99 958 1999 1723 134 187 75 137 2988 61 64 167 86 127 187 360 907 90 67 9961 1516 3429 9210 305 95 284 922 1562 1849 509 1018 74 78 303 151 273 2236
internal_value=8.54064e-07 -0.00261346 0.0103448 7.77961e-05 -0.00197762 0.00847377 0.00197777 -0.00921753 0.00141291 -0.00710589 -0.0228428 0.0232389 0.0160697 -0.00296747 0.0124274 -0.0023084 0.0156004 0.0204304 -0.00410031 -0.0051957 -0.00610017 0.0112204 0.000179542 -0.000599769 -0.00823283 -0.0101444 -0.0204899 0.0123166 0.0247077 0.0175207 0.0187874 9.69874e-05 -0.012899 -0.00049648 -0.0252875 0.00138017 -0.0143955 -0.0241957 -0.000132085 0.0177514 0.00268991 0.0257934 -0.0142297 0.00866531 0.0291481 -0.00396534 -0.0209622 0.016861 0.0180271 0.0209223 0.00804265 0.0217341 -0.0138362 -0.00988668 0.00934786 -0.0204201 -0.0356401 0.00116168 -0.0186345 0.0344064 -0.0026139 -0.00510823 -0.000674749 -0.00697714 -0.00594966 0.000442653 0.0142323 -0.0266786 0.0154513 -0.0152532 0.00652457 0.00348178 -0.00318626 0.00114403 0.0102469 0.00379337 0.0362133 -0.00394955 0.0240012 0.00945496 0.0269385 -0.0168428 0.025437 -0.00268942 -0.0290452 -0.0135715 -0.0174088 -0.0185094 -0.0193299 -0.00183463 -0.00807673 0.00579088 -0.0125454 0.00336421 0.00669505 -0.0169233 -0.0105138 0.0384011 0.0355719 -0.0156703 0.0165059 0.0172767 -0.0251254 0.00529735 -0.020323 0.000868959 -0.0299104 -0.0397175 0.000413373 -0.00368976 -0.00637779 0.00222929 0.00610248 -0.000644933 -0.00108277 -0.00181626 -0.00318392 0.0178366 0.0218138 0.0103907 -0.0143326 0.0282145 0.0106566 -0.00545828 -0.0157032 0.0149488
internal_weight=39375.7 31431.6 7944.03 27741.1 22285.4 5455.68 14411.8 7873.61 4693.09 6900.74 3690.59 3250.94 2634.57 3330.16 2115.93 3288.97 299.152 281.513 2989.81 2891.79 2828.17 310.054 12295.8 11444.5 2518.12 2303.81 861.463 214.304 161.017 2520.22 2419.48 10888 100.746 10470.6 151.674 2821.12 654.129 972.872 10318.9 287.324 156.766 79.3027 556.588 117.303 236.038 1442.35 77.4633 2283.95 2216.52 1770.8 1552.31 1745.23 2762.17 1726.49 277.571 1035.69 132.517 37.7287 574.459 1034.42 4138.57 3031.16 9943.3 1497.44 1465.82 8445.87 375.643 154.521 2152.37 71.4713 445.716 192.825 1425.77 376.058 257.613 2382.53 987.19 2876.63 1552.41 260.805 1291.6 98.5857 162.219 59.6625 38.1618 1448.92 2412.68 2309.66 2257.34 1373.82 755.433 618.384 661.53 594.554 540.454 1915.09 124.573 921.95 69.6587 536.372 2080.9 2040.57 53.2871 65.24 228.475 8267.09 54.1003 207.334 8041.61 2467.1 2088.68 5574.51 2374.6 3199.92 3176.26 3105.37 2875.18 2019.76 1316.55 703.214 1430.76 98.0243 851.274 179.047 141.825 672.228
internal_count=160737 127752 32985 112235 90023 22212 58066 31957 19191 27893 15517 13794 10821 13653 8602 13473 1272 1183 12201 11792 11535 1288 49464 45994 10247 9377 3513 870 652 10360 9937 43728 423 42031 639 11391 2660 4064 41392 1192 656 341 2266 477 996 5864 315 9339 9254 7418 6255 7315 11249 7014 1137 4235 561 158 2337 4540 16644 12188 39854 6003 5875 33851 1538 635 8794 292 1836 794 5785 1539 1055 9628 4349 11553 6521 1097 5424 417 680 251 159 5877 9989 9570 9357 5568 3059 2509 2681 2410 2186 7909 511 4079 297 2174 8502 8335 218 270 918 33132 224 853 32225 9886 8370 22339 9515 12824 12729 12445 11523 8249 5382 2867 5804 409 3470 727 576 2743
is_linear=0
shrinkage=0.05


Tree=19
num_leaves=127
num_cat=0
split_feature=151 13 13 151 13 13 205 151 13 13 151 13 154 151 153 151 215 201 152 151 69 13 15 198 215 244 152 205 152 202 154 153 250 198 14 64 217 151 65 205 77 154 60 203 198 77 202 63 64 60 216 198 198 65 61 203 192 14 203 250 154 15 172 60 61 26 200 15 72 153 169 184 31 60 61 198 60 15 205 60 198 202 198 205 14 63 201 208 200 63 201 216 208 201 60 160 47 203 203 63 201 250 202 173 213 13 203 63 208 65 200 61 61 61 79 217 155 205 60 201 155 201 37 203 216 202
split_gain=385.901 621.422 333.437 173.141 231.274 106.718 81.2175 78.4498 102.153 78.4074 76.1152 70.2653 70.0083 42.7807 65.6681 42.2334 50.8132 39.9912 58.8442 39.3223 36.6572 38.5262 39.4809 36.5155 35.4438 35.0241 34.4757 32.4239 32.1297 30.2493 29.979 33.1051 29.8776 40.4642 29.6516 31.5391 29.531 29.3821 29.3114 29.026 28.8968 28.741 28.417 33.697 28.2964 47.5193 35.4812 32.6864 32.3399 43.769 44.8908 32.976 30.9736 28.2154 29.0799 28.0577 27.9276 27.4057 30.9339 33.2391 27.3267 28.9449 27.7563 35.4356 27.2997 26.6798 31.9087 28.5298 26.612 30.0313 26.3938 26.6433 26.1382 26.7992 31.945 26.1287 26.0576 26.0351 25.9829 25.7469 28.4688 25.6584 36.993 35.672 28.9976 26.9157 25.6051 36.316 49.5268 37.7798 34.1264 26.165 25.535 25.2065 25.0496 24.967 26.8431 24.9595 24.8151 25.4744 24.7808 26.5519 24.5019 32.8035 24.0742 24.0741 33.4359 24.3703 24.0464 41.6638 24.8912 23.8206 39.5371 23.7901 23.7822 24.8183 27.3087 25.0592 24.7721 23.71 35.0546 23.5142 23.4251 24.5734 23.3312 23.2913
threshold=0.90000000596046459 0.90000000596046459 0.90000000596046459 0.70000001788139354 0.70000001788139354 0.70000001788139354 0.63234999775886547 0.5000000149011613 0.30000000447034841 0.30000000447034841 0.70000001788139354 0.70000001788139354 1.0000000180025095e-35 0.30000000447034841 0.5000000149011613 0.30000000447034841 1.0000000180025095e-35 0.38917525112628942 1.0000000180025095e-35 0.30000000447034841 1.0000000180025095e-35 0.30000000447034841 1.0000000180025095e-35 0.38627451658248907 0.58333334326744091 1.0000000180025095e-35 1.0000000180025095e-35 0.51094999909400951 1.0000000180025095e-35 0.53913041949272167 1.0000000180025095e-35 0.5000000149011613 1.0000000180025095e-35 0.38235294818878179 1.0000000180025095e-35 0.38913042843341833 -1.0000000180025095e-35 0.5000000149011613 0.27222223579883581 0.52285000681877147 1.0000000180025095e-35 1.0000000180025095e-35 0.48627451062202459 0.61388888955116283 0.30392158031463629 0.58333334326744091 0.56304347515106212 0.44072164595127111 0.38913042843341833 0.33921569585800176 1.0000000180025095e-35 0.27647060155868536 0.23725490272045138 0.61388888955116283 0.57631579041481029 0.097222223877906813 1.0000000180025095e-35 1.0000000180025095e-35 0.24166666716337207 1.0000000180025095e-35 1.0000000180025095e-35 0.5000000149011613 1.0000000180025095e-35 0.31764706969261175 0.70789471268653881 1.0000000180025095e-35 0.35869564116001135 1.0000000180025095e-35 1.0000000180025095e-35 0.83333334326744091 1.0000000180025095e-35 1.0000000180025095e-35 1.0000000180025095e-35 0.32745099067687994 0.61315789818763744 0.40588235855102545 0.28039216995239263 0.5000000149011613 0.69085001945495617 0.30392158031463629 0.42549020051956182 0.46739129722118383 0.37058824300765997 0.012550000101327898 1.0000000180025095e-35 0.22938144207000735 0.32216493785381323 1.0000000180025095e-35 0.38913042843341833 0.26288658380508428 0.53350514173507702 0.91666665673255932 1.0000000180025095e-35 0.27061854302883154 0.35882353782653814 1.0000000180025095e-35 1.0000000180025095e-35 0.52500000596046459 0.18888889253139499 0.30670101940631872 0.67783504724502575 1.0000000180025095e-35 0.43695650994777685 1.0000000180025095e-35 1.0000000180025095e-35 0.5000000149011613 0.38333334028720861 0.14175257086753848 1.0000000180025095e-35 0.38333334028720861 0.29782609641551977 0.36578947305679327 0.33947369456291204 0.3605263233184815 1.0000000180025095e-35 0.25000000745058065 1.0000000180025095e-35 0.020899999886751178 0.41960784792900091 0.5695876181125642 1.0000000180025095e-35 0.28092782199382788 1.0000000180025095e-35 0.28055556118488317 0.25000000745058065 0.53913041949272167
decision_type=2 2 2 2 2 2 2 2 2 2 2 2 2 2 2 2 2 2 2 2 2 2 2 2 2 2 2 2 2 2 2 2 2 2 2 2 2 2 2 2 2 2 2 2 2 2 2 2 2 2 2 2 2 2 2 2 2 2 2 2 2 2 2 2 2 2 2 2 2 2 2 2 2 2 2 2 2 2 2 2 2 2 2 2 2 2 2 2 2 2 2 2 2 2 2 2 2 2 2 2 2 2 2 2 2 2 2 2 2 2 2 2 2 2 2 2 2 2 2 2 2 2 2 2 2 2
left_child=1 3 11 4 7 20 28 8 19 -9 30 77 13 14 -6 16 17 64 56 41 21 22 -5 78 39 32 34 -21 38 -20 31 37 44 -34 102 79 57 -3 -4 -23 72 53 43 -22 48 46 65 -48 52 51 -51 -50 98 -1 -55 -13 92 58 -17 -60 61 62 81 -64 -10 67 -67 122 69 -15 71 86 73 -40 94 76 -32 -2 -11 -36 -81 83 -83 -12 108 -84 87 89 -89 -57 91 -88 -19 -76 -75 96 121 -37 -8 -100 105 -102 114 -104 -28 106 107 -38 -85 -110 -111 112 -86 -94 115 116 117 -7 -118 120 124 -54 123 -46 -92 -125
right_child=2 10 6 5 12 26 25 9 15 23 60 55 -14 68 -16 36 -18 18 29 27 42 24 -24 -25 -26 -27 104 -29 -30 -31 75 -33 33 -35 35 97 100 -39 40 -41 -42 -43 -44 -45 45 -47 47 -49 49 50 -52 -53 95 54 -56 70 -58 -59 59 -61 -62 -63 63 -65 -66 66 -68 -69 -70 -71 -72 -73 -74 74 93 -77 -78 -79 -80 80 -82 82 85 84 111 -87 90 88 -90 -91 119 -93 113 -95 -96 -97 -98 -99 99 -101 101 -103 103 -105 -106 -107 -108 -109 109 110 -112 -113 -114 -115 -116 -117 118 -119 -120 -121 -122 -123 -124 125 -126 -127
leaf_value=-0.00040277005436537033 0.034813703129856953 -0.048455476221492155 -0.011617244073142317 0.049905723147284545 -0.04570963429702754 0.052781204860117809 -0.040357899349201302 0.023378881964490054 -0.013261698419881283 0.012722834913035653 0.037002505967168649 -0.044287665112801952 0.021901864827544568 -0.014798092662683893 0.069927565961807228 -0.019066647130543547 -0.027197742764363965 -0.00886088898704958 0.038072433470055539 0.025000554209006161 -0.045996764118388295 0.025480592379573008 -0.035924399587399444 -0.0043062201426951807 -0.043525269252297528 -0.06808887037654171 0.018133784700086565 0.0059910064275240701 0.023170753032349556 -0.04407455393295566 0.034564867146428174 0.0056494223087043731 -0.0031729330154026316 -0.039756589368671352 -0.023322819632685919 -0.045035966062126551 -0.081207061891397939 -0.030491298957851062 0.012411008053394897 0.012441657640459484 0.032570280448358552 -0.030974236237380701 0.041469799686805121 0.045629072531675474 0.016156207648732053 0.058899345622137979 0.0046741540339227715 -0.043381251441632462 0.032903817192202291 -0.0034309260628196865 -0.065045432033441528 -0.01099873290167859 0.0019142439768627603 0.017528526746180894 -0.0050973999313314138 -0.027949363416400433 0.037044202240120415 -0.035471475821798978 0.057322055242870609 -0.024039227790804901 0.0082160362774910435 -0.049224518570682829 0.034612111613859617 -0.027470128894312523 -0.047637502177365183 0.053547562186126045 0.0025109209784805538 -0.026488292574297863 -0.050104863880678724 0.023929329863149898 -0.032835522816045785 -0.019019923695832882 0.062647822083529828 -0.026968579803286041 0.064903582547769872 0.058268518544422603 -0.036897657406852705 -0.0031907019599140296 0.0027896286282873767 0.022155387490338241 -0.03716804156845914 -0.040022198816390374 0.049038771070130556 -0.015046031962527377 -0.047018796384066988 -0.017202352449452202 0.028720442000076531 -0.069468974335285913 0.039512044482661664 0.018698493635583523 0.011806638456577326 -0.03916909294661014 -0.030774399537891239 0.0084671029285141586 -0.0012665977788244148 0.032983645493852722 0.038712826161566904 0.0002436428997450317 -0.030326082069904149 0.021681240847583147 0.023340770171181944 -0.017201440505959672 -0.0034018959796791822 -0.04257334131011991 -0.024111007592975936 -0.0092656045022201129 0.004048303810442376 -0.0077923076146440718 -0.041203844908985571 -0.033549290705997895 0.043414352265884415 -0.03882564566299776 0.04393000903380756 0.041530593488268978 0.033197215177104909 -0.037426281822235591 0.015110889284293286 0.0014864338081696891 0.073735092950398567 0.019030708041965681 -0.071192458377379073 -0.038292928332373077 0.03198390575994807 -0.0043898333704102859 -0.046695591378136829 0.044755282594729613
leaf_weight=5546.692656353116 975.86184877157211 314.34852680563927 205.3044812977314 132.50081327557564 193.48198033869267 24.265957728028297 30.467158600687981 561.26578930020332 1012.5395689606667 1034.8707161396742 32.311200991272926 18.394684433937073 124.11404477059841 2540.4329229295254 13.109019845724104 25.456091642379761 406.52014845609665 1081.679188400507 115.05852021276951 267.02745373547077 58.798062533140182 558.90975198149681 14.90546031296253 1105.0771135091782 25.689429730176926 21.427476525306702 387.07581669092178 1402.4335826188326 328.85785396397114 12.415857583284376 18.127879470586777 51.204134121537209 180.83767691254616 129.86516666412354 87.546649277210236 105.01456925272942 11.458728596568106 824.99988655745983 709.4873463511467 1805.973338842392 115.35653984546661 72.164604514837265 17.087933659553528 12.099362924695013 221.6388017386198 36.244331791996956 62.384969756007195 81.760412707924843 130.85663345456123 156.74056681990623 36.433243423700333 63.540982812643051 42.342250794172287 457.61723798513412 205.90951415896416 48.807477042078972 37.038797870278358 18.902246236801147 73.654037103056908 15.132233440876005 106.10759787261486 70.739526614546776 57.104788944125175 38.469136327505112 61.24910444021225 56.067369610071182 67.491194471716881 85.96526238322258 52.165576785802841 51.064533323049545 25.512796327471733 46.741589158773422 20.438270673155785 137.6188970208168 22.093344107270241 14.823178485035895 43.047333925962448 47.245844289660454 1809.3811354786158 111.74565610289574 24.692304968833923 275.10908548533916 16.824396744370461 1277.4844971299171 22.971838057041168 173.25400617718697 1003.4386134892702 31.007208824157715 15.705471023917196 392.10275885462761 137.70622491836548 14.395971581339834 14.991864025592802 189.34929338097572 304.68494194746017 16.858468323945999 13.797025933861731 42.854866251349449 30.608498066663742 102.04419891536236 157.87105639278889 54.267117068171501 473.2958378046751 60.250547885894775 36.943239584565163 1582.6385416835546 1263.0683748722076 837.42546392977238 28.41868844628334 12.703541666269301 60.715324342250824 208.03878992795944 24.904240489006042 47.171387434005737 69.601640865206718 36.51324237883091 68.725203692913055 1267.2926423698664 24.423608660697937 436.47971016168594 16.912451088428497 257.51968635618687 67.41633266210556 732.48409251868725 19.44947637617588 24.929145559668541
leaf_count=22305 4349 1412 832 591 842 98 128 2347 4113 4171 132 75 506 10354 53 103 1694 4362 464 1082 240 2310 62 4454 107 93 1568 5659 1354 50 74 213 735 550 352 423 46 3586 2869 7390 493 293 71 50 909 171 256 340 552 638 162 263 172 1839 826 202 149 76 296 61 436 297 231 159 249 228 273 352 213 222 103 192 83 554 90 60 183 191 7278 449 100 1155 72 5270 97 730 4227 134 66 1637 576 61 61 765 1233 68 56 172 126 413 634 218 1924 244 149 6365 5079 3368 117 52 249 890 102 191 282 147 277 5090 116 1830 71 1067 275 2989 80 102
internal_value=9.18119e-07 -0.00248706 0.00986874 7.39882e-05 -0.00188067 0.00806509 0.00134475 0.000120291 -0.00164113 0.00589214 -0.0218161 0.0222279 -0.0148584 -0.0164591 -0.038372 -0.00612676 -0.0108596 -0.00807142 -0.00220241 0.00221084 0.0153185 0.0164184 0.0412267 0.00340698 0.0148887 -0.00442326 0.00131136 0.00903155 0.00886181 0.0300714 -0.0317366 -0.0336801 -0.00390421 -0.0184639 -0.00101412 -0.0139916 -0.00285976 -0.0354477 0.00610084 0.0155232 0.00852748 0.000398331 -0.0164096 -0.0303599 -0.0019523 0.00237504 0.000911838 -0.0225833 -0.00900593 0.00180413 -0.0150516 0.0185538 -0.0174933 0.000762889 0.0105071 0.0172062 -0.00568633 0.0202966 0.0295238 0.0434553 -0.016592 -0.017737 -0.0167374 0.0096236 -0.0152225 0.00360828 0.0256699 0.00120116 -0.0147467 -0.014035 0.0177231 0.0183195 0.00652304 0.00568159 -0.00162161 -0.00128994 -0.0157214 0.0330587 0.00640379 -0.00216011 0.0114191 -0.0179187 -0.0283021 -0.0150221 -0.01605 -0.0113392 0.0191444 0.00909332 -0.032828 0.0135347 0.0221542 0.0277602 -0.00706999 0.0143641 -0.00926354 -0.026292 -0.0294779 -0.0319132 0.000334837 0.00968099 -0.00364895 0.0129697 0.00136969 -0.00782532 0.0144531 -0.00460317 -0.00110927 -0.0087833 -0.0131821 0.0102002 0.0300975 -0.0315078 0.000291071 0.0240929 0.00466047 0.00326294 0.00433587 0.00245017 0.0304821 0.0128084 -0.00279429 -0.0326154 0.00347579 0.00151276 0.00456644 -0.00277229
internal_weight=39295.9 31383.3 7912.67 27711.6 22265.3 5446.21 4682.91 19291 14780.4 4510.59 3671.71 3229.76 2974.37 2850.25 206.591 6828.54 2788.66 2382.14 1308.36 7951.85 2625.96 2537.98 147.406 3949.33 2390.57 2649.72 2820.24 1669.46 2033.19 127.474 1266.55 1190.55 2628.29 310.703 2396.22 371.854 4039.87 1139.35 1704.33 2364.88 1499.03 6282.38 87.9854 70.8974 2317.59 1436.38 1400.14 144.145 881.209 387.571 193.174 194.398 493.637 6210.22 663.527 2206.65 1180.88 133.145 114.242 88.7863 2405.16 2299.05 2228.31 95.5739 1073.79 1255.99 123.559 1132.43 2643.66 2591.5 2188.26 2162.75 1383.67 1363.23 653.746 75.9984 61.1752 1023.11 2844.25 223.985 136.438 2132.74 465.187 1667.55 1635.24 190.078 2116.01 487.623 46.7127 440.91 1628.38 1017.83 1143.84 211.443 442.304 330.517 313.659 147.869 163.12 132.653 3906.73 212.138 2024.37 533.546 424.019 3694.59 2111.95 848.884 1379.32 101.838 73.4189 255.915 47.8761 62.1633 1490.82 1421.22 1384.71 1291.56 93.1488 610.548 174.068 299.862 1046.47 979.052 157.156 757.413
internal_count=160737 127752 32985 112235 90023 22212 19191 77833 59583 18250 15517 13794 12190 11684 895 27579 11333 9639 5277 32004 10821 10460 653 15903 9807 10918 11391 6741 8273 514 5528 5211 10825 1285 9674 1496 16246 4998 6919 9700 6087 25263 361 290 9540 5895 5724 596 3645 1615 800 815 2030 24970 2665 9254 4763 536 460 357 9989 9553 9256 390 4362 5128 501 4627 10789 10576 9179 9076 5594 5511 2642 317 257 4540 11449 901 549 8866 1957 6909 6777 802 8884 2039 200 1839 6845 4288 4614 855 1787 1363 1295 595 667 539 15710 852 8178 2168 1717 14858 8493 3414 5688 418 301 1089 199 252 6010 5728 5581 5188 393 2557 727 1239 4275 4000 656 3091
is_linear=0
shrinkage=0.05


Tree=20
num_leaves=127
num_cat=0
split_feature=151 286 148 205 148 169 244 216 202 63 61 202 77 215 195 199 198 79 154 213 67 67 85 76 77 201 213 200 14 60 201 175 198 223 153 177 76 15 77 205 215 223 200 215 64 60 209 148 286 60 198 199 213 286 201 198 201 61 63 201 177 63 201 151 153 210 34 202 70 202 14 173 62 200 199 61 61 63 15 205 200 199 201 201 60 63 63 61 62 69 198 60 61 63 148 47 198 64 64 61 65 79 77 62 153 216 201 61 63 64 198 202 62 65 14 201 63 63 65 62 60 61 64 198 65 60
split_gain=349.522 213.945 120.537 85.0472 60.0173 54.6926 55.3821 44.5929 55.1838 66.8682 55.8836 67.6388 53.4596 52.357 43.8747 44.5417 62.5657 54.552 46.6126 48.1003 42.19 40.9402 40.2415 39.8345 39.5792 36.128 35.6256 50.4117 42.8498 45.5105 49.6631 42.6509 38.061 37.3759 37.3893 35.9134 35.864 35.572 35.5665 35.0792 34.7909 34.6687 48.055 45.2824 51.6872 40.3009 33.8638 35.3303 44.1109 33.5113 38.0925 34.307 33.3014 33.0888 33.0331 32.2715 31.2543 30.2634 29.2425 29.2299 46.2034 41.9083 32.5019 39.1208 34.3486 30.1502 29.0141 28.7634 28.1878 26.4364 26.1635 51.3044 34.1967 26.1059 26.0841 25.6915 25.5455 25.1913 24.9306 24.6347 24.5061 24.2934 53.1573 34.5607 30.1194 23.9958 38.2258 50.1947 41.5656 40.4733 32.6752 29.7788 38.6223 24.903 24.3028 24.1 23.9468 23.6202 23.5365 23.4987 26.8897 25.3656 23.4444 23.2375 22.8087 28.1751 22.7673 22.7656 22.7291 22.2724 22.1625 22.1486 30.0317 24.7329 22.0439 22.0342 21.7299 21.7097 21.6156 21.3511 21.2114 21.1073 26.1767 21.0906 21.081 21.0583
threshold=0.90000000596046459 0.62500000000000011 0.62500000000000011 0.41484999656677252 0.37500000000000006 1.0000000180025095e-35 1.0000000180025095e-35 0.25000000745058065 0.6347826123237611 0.42010308802127844 0.39210526645183569 0.4760869592428208 0.25000000745058065 -0.41666667163372034 1.0000000180025095e-35 0.28157894313335424 0.22156862914562228 0.41666667163372045 1.0000000180025095e-35 0.25000000745058065 0.50405001640319835 0.54884999990463268 1.0000000180025095e-35 0.25000000745058065 0.25000000745058065 0.76030927896499645 1.0000000180025095e-35 0.7130434811115266 1.0000000180025095e-35 0.57647061347961437 0.37371133267879492 1.0000000180025095e-35 0.61764708161354076 1.0000000180025095e-35 0.5000000149011613 1.0000000180025095e-35 1.0000000180025095e-35 1.0000000180025095e-35 0.58333334326744091 0.072850000113248839 0.41666667163372045 1.0000000180025095e-35 0.43695650994777685 0.58333334326744091 0.37173913419246679 0.37058824300765997 1.0000000180025095e-35 1.0000000180025095e-35 1.0000000180025095e-35 0.21764706075191501 0.48627451062202459 0.36578947305679327 0.25000000745058065 0.37500000000000006 0.28092782199382788 0.38627451658248907 0.65721648931503307 0.26842105388641363 0.61597937345504772 0.42525772750377661 1.0000000180025095e-35 0.71391752362251293 0.55154636502265941 1.0000000180025095e-35 0.5000000149011613 1.0000000180025095e-35 1.0000000180025095e-35 0.56304347515106212 1.0000000180025095e-35 0.51304346323013317 1.0000000180025095e-35 1.0000000180025095e-35 0.50217390060424816 0.61956521868705761 0.69999998807907116 0.62894734740257274 0.52105262875556957 0.32989689707756048 0.5000000149011613 0.49034999310970312 0.67826086282730114 0.49473683536052709 0.35824741423130041 0.37886597216129309 0.4607843160629273 0.27061854302883154 0.43298968672752386 0.36578947305679327 0.25652173161506658 1.0000000180025095e-35 0.57647061347961437 0.26470589637756353 0.22368421405553821 0.82989692687988292 0.62500000000000011 1.0000000180025095e-35 0.39019608497619634 0.51304346323013317 0.31956522166728979 0.49473683536052709 0.42499999701976782 -1.0000000180025095e-35 0.58333334326744091 0.34565217792987829 0.83333334326744091 0.25000000745058065 0.24484536051750186 0.62894734740257274 0.56443297863006603 0.43260869383811956 0.23137255012989047 0.31086955964565283 0.29347826540470129 0.44166666269302374 1.0000000180025095e-35 0.4097938090562821 0.53865978121757518 0.62113401293754589 0.36944444477558142 0.38913042843341833 0.4607843160629273 0.60789474844932567 0.42391304671764379 0.42549020051956182 0.64166668057441723 0.34313726425170904
decision_type=2 2 2 2 2 2 2 2 2 2 2 2 2 2 2 2 2 2 2 2 2 2 2 2 2 2 2 2 2 2 2 2 2 2 2 2 2 2 2 2 2 2 2 2 2 2 2 2 2 2 2 2 2 2 2 2 2 2 2 2 2 2 2 2 2 2 2 2 2 2 2 2 2 2 2 2 2 2 2 2 2 2 2 2 2 2 2 2 2 2 2 2 2 2 2 2 2 2 2 2 2 2 2 2 2 2 2 2 2 2 2 2 2 2 2 2 2 2 2 2 2 2 2 2 2 2
left_child=1 2 20 102 52 6 7 12 9 10 11 -9 22 -14 15 21 58 18 25 40 73 -6 26 24 70 41 27 28 31 30 -30 33 78 34 35 36 80 38 -15 -22 54 43 -43 49 45 -45 47 48 -41 77 59 -52 55 -28 -20 79 -56 -25 -17 60 61 65 64 118 111 81 -37 103 99 121 104 72 106 -1 -54 -46 125 115 110 -3 85 82 -51 -83 -84 90 87 94 -89 -90 91 92 -5 95 -87 -88 -31 116 -19 -49 -101 -102 -2 107 105 -4 -72 -33 -85 -108 -32 -61 113 -113 117 -18 -53 -23 -64 -93 -78 -55 -123 -79 -114 -11
right_child=3 4 23 5 14 -7 -8 8 -10 76 -12 -13 13 37 -16 16 17 98 19 -21 39 114 -24 57 -26 -27 53 -29 29 96 32 67 -34 -35 -36 66 -38 -39 -40 46 -42 42 -44 44 75 -47 -48 68 -50 50 51 97 74 69 56 -57 -58 -59 -60 62 -62 -63 63 -65 -66 -67 -68 -69 -70 -71 71 -73 -74 -75 -76 -77 120 123 -80 -81 -82 83 84 108 -86 86 93 88 89 -91 -92 119 -94 -95 -96 -97 -98 -99 -100 100 101 -103 -104 -105 -106 -107 109 -109 -110 -111 -112 112 124 -115 -116 -117 -118 -119 -120 -121 -122 122 -124 -125 -126 -127
leaf_value=-0.0075262490256807453 0.018004492778148778 -0.0024772955543192598 0.0062832245742453878 0.028014320684501211 -0.0093475080646991376 -0.036680700116630563 -0.05087757399212537 0.061882153660906616 0.051197225810821714 -0.033479380261062425 -0.031893285841905608 -0.045624666976808455 -0.066662590380573594 0.024188348367887875 0.019393126125666946 -0.043324999844831256 -0.041531359104477646 -0.0087997849670205831 0.084859475256159375 -0.064368318581611295 0.01393012213054182 0.042080383117945722 -0.043900104419191406 -0.03317591175265755 0.018689909589990238 0.042912797395356923 0.017200894313098292 -0.038319104334314576 0.019691981047834907 -0.0073200772234804749 -0.057715582232320206 0.0044769856606179962 -0.072535825974771637 0.071595244857515575 0.039984358664177405 -0.0038938640281214031 0.03770004100797722 -0.028870816489142137 0.060595898037078599 0.00068602927071274378 0.086623759693926008 -0.012486150178609597 0.087183054313655917 -0.038208668377669147 -0.066251894513684642 0.04937387303488594 0.022714043905627767 0.0028694034945451375 -0.0086877042415482216 -0.044267694758079852 -0.068993210706888672 -0.035666995679978428 -0.033125698408781504 -0.024932727763251256 -0.0060805356884053446 -0.022355936306452329 0.077271845873740488 0.032782645767362013 0.017552711491343149 0.022304498605755365 0.025813972806555716 0.0562252783340767 0.08895950818017985 -0.01627370588528116 0.057708020095377267 0.013836998665613959 -0.070658328101682127 -0.044166629487696667 -0.015132404302204583 0.044791715059958354 0.040244026392000629 -0.069242436219432393 -0.039140226547549395 0.019904750087620993 0.0057170056634077201 0.01386693310690215 -0.030666178517245679 0.012711084565228193 -0.05069581570813645 -0.014741571170901578 0.058979336658342318 -0.0027341348325235475 -0.018630036427195372 -0.039527867364116155 0.032199916961885032 0.021735087670664975 0.0060790562614421815 -0.071586427005936107 0.017813012859511198 -0.039690616917635008 0.057247421523991551 -0.0076514892248648091 -0.034861330549148313 0.073877648059807413 0.053443872585722321 0.032776130730640167 -0.074773086879110925 0.022634431506016836 0.066152298150136318 0.0026748968981111605 -0.043072570909590387 -0.0041271033198076118 0.05809772738640534 -0.0146378516469762 0.045032711444772798 -0.026877861229128826 0.0068472936765215792 0.06176085194424133 0.024359643222264766 -0.019676160910320963 0.00082877946001524419 -0.057919571550032904 0.0062583250249589328 -0.0066222077239006727 -0.017487139710180524 0.012514230377376034 0.0043504984326859361 -0.012143796023532761 0.0029322261990752142 0.022597897816113495 0.04883670645281641 0.026867448811181402 -0.046194070283728725 0.062913147656504451 -0.047762898539283435 -0.075677984207889792
leaf_weight=3408.3247936218977 1805.3622485250235 688.34464298188686 2909.919844686985 31.027138248085976 140.49033084511757 72.309534832835197 40.954339370131493 59.639444351196289 32.501292139291763 76.782071575522423 50.343028634786606 19.386548429727554 14.043492764234541 198.34436252713203 160.27304385602474 174.03394773602486 31.242123126983643 14.814555108547209 15.623748332262037 15.209774136543272 395.00119949877262 126.89708666503429 38.136750683188438 18.921306133270264 550.80271822214127 32.467508509755135 111.61103187501431 55.918741494417191 255.55662269890308 23.099564075469971 16.847280710935593 72.370249703526497 21.612145572900772 26.938135623931885 119.59004974365234 142.75639736652374 137.16746701300144 22.362070664763451 101.36190803349018 2150.8861400932074 22.177534505724907 27.368312433362007 21.668686583638191 27.722599178552628 92.205125793814659 24.960911810398102 147.36305233836174 5637.2112097740173 3013.3530846983194 253.3183523863554 43.965504467487335 152.62374651432037 378.26410908997059 234.28848691284657 76.928837105631828 727.79150077700615 13.172052070498465 214.97311356663704 22.247571736574173 109.87858745455742 67.3862164914608 19.246217012405396 13.763919979333879 453.82306641340256 29.028560265898705 68.459245830774307 18.366222023963928 45.241787910461426 291.37365393340588 17.754033446311951 36.759781628847122 30.395270198583603 55.402723282575607 89.000226214528084 48.796752944588661 11.223995387554167 23.403576120734215 62.961048617959023 27.49866908788681 1010.5825959444046 27.067809224128723 311.85533407330513 232.02316692471504 126.37832599878311 33.330369040369987 105.70855242013931 1589.1249436289072 13.839483499526976 849.91631062328815 31.74263072013855 23.303517818450928 117.83002491295338 114.76055999100208 14.249792113900183 141.06976002454758 89.283090487122536 30.572190344333649 27.591981410980225 35.748839646577835 2064.664597928524 42.369391873478889 3162.1523353606462 37.213318780064583 124.04092574119568 37.040106430649757 65.495996177196503 268.90197378396988 22.811051487922668 15.645047217607496 112.16393238306046 399.44785177707672 39.440084159374237 372.99943487346172 58.131305947899818 23.963956952095032 47.580159053206444 43.618077889084816 21.601210758090019 15.552790239453314 115.53110945224762 13.077685400843619 46.555648878216743 16.641989916563034 31.332499787211418 18.978218674659729 48.075268000364304
leaf_count=13796 7523 2828 11881 128 588 297 175 275 141 329 212 91 77 857 662 731 129 62 64 65 1603 548 159 77 2339 133 464 235 1063 96 69 298 93 114 497 586 586 93 479 8642 94 114 88 119 421 113 594 22746 12216 1076 184 633 1627 977 315 3031 53 917 92 449 275 80 56 1876 118 279 78 190 1178 73 152 124 225 360 204 51 100 259 112 4232 112 1284 959 528 136 437 6582 57 3528 131 97 488 476 58 600 372 133 113 150 8328 172 12763 174 510 157 271 1101 93 64 459 1654 162 1531 240 99 194 179 91 64 475 57 197 70 130 78 217
internal_value=7.93602e-07 -0.00236676 -0.000225679 0.00941078 -0.0103384 0.00654302 0.00706659 0.00746687 -0.0105919 -0.0175 0.00927972 0.0355087 0.00850814 0.0278418 -0.00620695 -0.00734016 -0.00904598 -0.00731882 -0.00816974 0.0196906 -0.0018293 0.0106894 0.00727491 0.00738145 0.00622745 -0.00953625 0.00764799 0.00887791 0.00943372 -0.00132407 0.00198262 0.0115308 -0.00774167 0.012914 0.0124847 0.0115616 0.0126542 0.0319626 0.0365015 -0.000795084 0.0296866 -0.0101264 0.0315561 -0.0108471 -0.0370242 0.00328705 -0.0011474 -0.0013623 -0.00478358 -0.00932235 -0.0107915 -0.0286135 -0.0158122 -0.00619499 0.0177431 -0.0135464 0.00610494 0.0274468 -0.0364248 -0.00866013 -0.0143319 -0.0168835 -0.00290645 -0.0126575 0.0045899 -0.0182351 -0.0115043 -0.00786889 0.000215536 -0.0144783 0.00427517 -0.00627346 -0.00222898 -0.00682818 -0.0286875 -0.0575575 -0.0389732 0.011954 -0.00458628 -0.00977252 0.0116018 -0.0204927 -0.027885 -0.0120451 -0.0122454 0.0112057 0.0128276 0.0198952 0.0143931 0.0157427 -0.000219281 -0.00375134 -0.0214799 0.00805802 0.0398613 0.00749921 -0.0457423 -0.020682 0.0441921 0.00062557 -0.00177498 -0.00464203 0.0188142 -0.000377982 0.0060387 0.00555327 0.00266536 0.0182056 -0.0324901 -0.000959689 -0.00154049 0.00201755 -0.00253583 -0.0273575 0.0270117 -0.00890736 -0.0267724 0.0341927 0.0433212 0.00732421 -0.00216624 -0.0180156 0.00762798 0.0293926 0.0036428 -0.0497276
internal_weight=39221.6 31337.2 24702.5 7884.44 6634.73 6041.86 5969.55 5928.6 323.209 290.708 129.369 79.026 5605.39 336.112 3780.95 3620.68 3307.73 3111.45 3060.88 143.112 20401.7 312.953 5269.28 4300.78 4066.88 2917.77 5231.14 4804.29 4748.37 774.634 720.963 3973.74 465.406 3709.27 3682.33 3562.74 3401.62 322.068 299.706 16904.4 127.902 2885.3 49.037 2836.27 156.113 52.6835 16509.4 16362 5164.24 2680.15 2507.04 267.799 2853.78 426.851 105.725 2426.72 90.1009 233.894 196.282 2239.24 1127.64 1060.26 1111.6 483.14 628.456 1041.01 161.123 264.464 11197.8 315.24 3516.08 503.624 473.228 3497.33 427.061 103.429 161.339 173.116 443.794 1698.93 3264.45 972.551 518.672 453.879 265.354 3237.39 2834.93 1142.28 895.498 881.659 402.452 379.149 145.788 1692.66 246.778 1678.41 53.6718 223.834 50.5634 10906.4 5269.19 3204.52 1842.58 219.222 3012.46 2975.42 417.826 95.1813 142.023 381.066 416.295 599.428 489.549 97.5714 172.462 78.8223 196.242 148.498 29.3167 233.361 36.4813 297.486 63.1976 94.2935 391.978 124.857
internal_count=160737 127752 100101 32985 27651 25288 24991 24816 1422 1281 578 366 23394 1506 15729 15067 13741 12918 12706 591 82398 1326 21888 17703 16709 12115 21729 19948 19713 3220 2991 16493 1928 15402 15288 14791 14127 1429 1336 68242 526 11982 202 11780 704 232 66639 66045 20858 11076 10364 1109 11922 1781 432 10091 368 994 823 9255 4681 4406 4574 1996 2578 4326 664 1091 45187 1317 14370 2061 1937 14156 1831 472 703 712 1835 7060 13541 4047 2171 1876 1095 13429 11765 4753 3716 3659 1664 1567 604 7012 1037 6954 229 925 212 44009 21263 12935 7697 901 12309 12152 1712 391 592 1560 1723 2460 2011 402 738 323 812 639 120 963 157 1244 267 389 1609 546
is_linear=0
shrinkage=0.05


Tree=21
num_leaves=127
num_cat=0
split_feature=151 286 148 75 205 148 286 155 219 176 75 67 61 199 67 199 198 79 154 49 153 16 216 61 213 199 205 213 148 286 101 205 201 213 14 173 61 153 76 67 61 70 215 71 55 26 169 213 79 71 15 152 60 202 199 61 171 61 153 198 199 205 199 61 217 60 202 171 75 201 60 198 61 201 60 199 60 148 70 69 72 173 79 216 67 61 205 201 60 201 60 61 62 62 199 112 60 198 75 199 61 152 83 155 201 67 61 207 201 81 62 62 60 198 60 62 62 72 61 67 205 112 151 60 48 199
split_gain=316.333 193.839 108.909 89.7378 79.0502 54.3256 45.2946 54.7865 63.0782 47.1866 44.8535 38.0799 37.0394 38.3335 36.2574 56.3526 51.445 45.5425 44.6908 42.1322 34.6532 34.5317 33.6285 36.0447 32.0323 31.7396 31.6584 30.5339 30.5289 40.7374 30.3029 29.5751 29.2693 35.3579 29.8324 46.3022 30.5537 40.4756 38.0613 29.1905 29.105 28.7237 28.6621 27.3898 27.1479 36.1147 34.4249 28.6549 26.8377 26.2897 25.0185 24.819 24.6522 26.859 31.5963 26.8315 26.3466 25.382 25.2708 24.0584 41.9566 24.0542 23.9842 23.9091 29.2692 23.7899 23.6768 24.122 23.6548 23.6047 23.1683 23.0795 26.473 26.2326 25.457 24.068 22.9937 22.8485 22.6671 24.1415 24.6069 22.5075 25.6106 22.4312 22.356 21.4427 21.3276 21.2913 52.3985 28.5629 22.9589 21.1565 20.9734 20.8013 20.7444 22.141 20.5968 20.5682 20.4985 26.003 20.2633 20.0302 20.0087 19.9449 19.8736 19.8009 19.7544 19.7394 19.5372 19.5278 18.9574 20.41 18.9265 18.6246 18.6092 19.0813 18.3961 18.2152 18.2097 18.1935 18.1918 25.5934 19.3747 21.4437 22.8135 18.4146
threshold=0.90000000596046459 0.62500000000000011 0.62500000000000011 0.25000000745058065 0.41484999656677252 0.37500000000000006 0.62500000000000011 1.0000000180025095e-35 1.0000000180025095e-35 1.0000000180025095e-35 1.0000000180025095e-35 0.50405001640319835 0.48157894611358648 0.73421052098274242 0.45915000140666967 0.26842105388641363 0.19803921878337863 1.0000000180025095e-35 1.0000000180025095e-35 1.0000000180025095e-35 1.0000000180025095e-35 0.75000000000000011 0.41666667163372045 0.28157894313335424 1.0000000180025095e-35 0.36578947305679327 0.072850000113248839 0.25000000745058065 1.0000000180025095e-35 1.0000000180025095e-35 1.0000000180025095e-35 0.49414999783039099 0.27577318251132971 0.25000000745058065 1.0000000180025095e-35 1.0000000180025095e-35 0.44473683834075933 0.5000000149011613 1.0000000180025095e-35 0.66154998540878307 0.75000000000000011 1.0000000180025095e-35 -0.41666667163372034 1.0000000180025095e-35 1.0000000180025095e-35 1.0000000180025095e-35 1.0000000180025095e-35 1.0000000180025095e-35 0.41666667163372045 1.0000000180025095e-35 1.0000000180025095e-35 1.0000000180025095e-35 0.19803921878337863 0.34565217792987829 0.53421053290367138 0.78157895803451549 1.0000000180025095e-35 0.45526316761970526 0.5000000149011613 0.35490196943283087 0.62894734740257274 0.87564998865127575 0.70789471268653881 0.41842105984687811 -0.25000000745058054 0.47450980544090277 0.27608695626258856 1.0000000180025095e-35 1.0000000180025095e-35 0.62113401293754589 0.41372549533844 0.31764706969261175 0.56052634119987499 0.28092782199382788 0.48627451062202459 0.52105262875556957 0.33137255907058721 0.62500000000000011 1.0000000180025095e-35 1.0000000180025095e-35 1.0000000180025095e-35 1.0000000180025095e-35 -1.0000000180025095e-35 0.25000000745058065 0.3460999876260758 0.28157894313335424 0.87334999442100536 0.23711340129375461 0.5000000149011613 0.43298968672752386 0.42549020051956182 0.28157894313335424 0.28913043439388281 0.43260869383811956 0.56052634119987499 1.0000000180025095e-35 0.2431372553110123 0.4294117689132691 1.0000000180025095e-35 0.42368420958518987 0.39736843109130865 1.0000000180025095e-35 1.0000000180025095e-35 1.0000000180025095e-35 0.82989692687988292 0.35424999892711645 0.47105263173580175 1.0000000180025095e-35 0.64175257086753856 1.0000000180025095e-35 0.39347825944423681 0.30217391252517706 0.33137255907058721 0.42549020051956182 0.4294117689132691 0.40652173757553106 0.30652172863483435 1.0000000180025095e-35 0.3605263233184815 0.078050002455711379 0.5636500120162965 1.0000000180025095e-35 1.0000000180025095e-35 0.39019608497619634 1.0000000180025095e-35 0.38157895207405096
decision_type=2 2 2 2 2 2 2 2 2 2 2 2 2 2 2 2 2 2 2 2 2 2 2 2 2 2 2 2 2 2 2 2 2 2 2 2 2 2 2 2 2 2 2 2 2 2 2 2 2 2 2 2 2 2 2 2 2 2 2 2 2 2 2 2 2 2 2 2 2 2 2 2 2 2 2 2 2 2 2 2 2 2 2 2 2 2 2 2 2 2 2 2 2 2 2 2 2 2 2 2 2 2 2 2 2 2 2 2 2 2 2 2 2 2 2 2 2 2 2 2 2 2 2 2 2 2
left_child=1 2 11 4 43 27 49 8 9 12 32 -1 13 20 48 96 -17 18 19 22 21 42 52 -24 -20 101 -13 31 29 -28 41 113 33 70 36 65 83 38 40 -12 119 63 -8 -2 45 46 47 51 61 50 78 81 -18 54 56 57 -54 120 93 92 -61 -7 107 117 -65 69 -52 -68 -66 103 -4 72 75 -74 86 -27 -41 84 79 80 104 82 -44 -34 -5 -85 105 88 -84 90 -89 -80 -25 94 95 98 -16 -9 99 -59 -45 108 -70 -36 109 -73 -72 -29 -14 -6 111 -32 -75 -3 115 116 -98 -30 -63 -38 -55 122 -122 124 125 -124
right_child=3 5 10 77 6 14 7 97 -10 -11 39 26 25 -15 15 16 17 -19 24 -21 -22 -23 23 59 -26 71 28 62 30 -31 110 -33 34 -35 35 -37 37 -39 -40 76 -42 -43 44 100 -46 -47 -48 -49 -50 -51 66 -53 53 55 -56 -57 -58 58 -60 60 -62 118 -64 64 68 -67 67 -69 102 -71 106 74 73 112 -76 -77 -78 -79 91 -81 -82 -83 87 85 -86 -87 -88 89 -90 -91 -92 -93 -94 -95 -96 -97 114 -99 -100 -101 -102 -103 -104 -105 -106 -107 -108 -109 -110 -111 -112 -113 -114 -115 -116 -117 -118 -119 -120 -121 121 -123 123 -125 -126 -127
leaf_value=-0.0064874373298701125 0.017920157405674864 -0.0030982964513433867 0.013742592101191581 -0.019769958070527338 0.012059086641503548 -0.0095298053309284432 -0.057766733131925811 -0.045662955629449616 -0.058144709759645655 0.043228010844990235 0.011611372438656715 0.013233076201910636 -0.040571470418630504 -0.049160757377079672 0.065293633308885143 -0.036787579894373555 0.018976659166336764 0.025657817239072785 0.042310547527062758 0.033542993352419288 -0.027257418362039178 -0.072482473585776849 -0.075072213734773352 0.002066123349915482 -0.042522337574104375 -0.03039942636195175 0.00098433094229713556 -0.033730331963692038 0.0047768235046057976 -0.0079845326909970052 -0.052674095287108917 -0.017383284279939123 0.011192203703045168 -0.032993653136585817 0.0013240748410891252 -0.068859633182308783 -0.030433214944299271 0.054318905615326998 0.036037160568284016 0.049352781662349826 0.031137101852268808 -0.014901217613763857 0.067571169951748208 -0.07508464047609191 -0.030278454919128062 0.047483401701610764 -0.070629060167949384 -0.020099675968480297 0.035342881730575391 -0.021406620175205636 0.029818915247121165 0.039626967848870764 -0.028593839960212343 0.01504433088618202 0.0017846168885601987 0.047878755254498737 0.026909743142617567 -0.0263210317922495 0.040676854587994589 0.034648820147669311 -0.065961002280287437 -0.04787678601871348 0.0092791805337733516 -0.064064513066808618 -0.001269321942859049 0.032518910195537473 -0.015858366942528863 0.051771124535574357 0.011385528775919331 -0.03534451958599983 0.013978466169636742 -0.02453255336641794 0.067324859270021728 0.041454850470962867 -0.053042682256024522 0.030804192145154348 0.017426849337821928 0.044992594258395496 0.044517901601052345 -0.012286206018929784 -0.016005965402765367 0.072448534730487749 0.051590163781802423 -0.071432856845504586 0.031220519316970986 -0.0011450955192217429 -0.025754499398470267 -0.0020409731272239126 -0.052542036280515562 0.014834340144850383 -0.04644502260185536 -0.015808392882023386 -0.073267628799340553 -0.026889363969340347 -0.034599321063815691 0.043713038658905412 -0.011638254449194271 0.015497100528239974 0.039436751739009901 0.017403887639601531 0.0059620670982990813 0.012567098738940902 -0.049411463374991138 -0.042726416186416788 -0.035171024874847211 0.015331669853524377 0.059411328216733054 0.0213669672590279 0.0091501844142014878 0.058463427718916688 -0.069526193530077371 0.017306481253042471 -0.0027525964136190279 -0.022279176289875927 0.041107436696025845 -0.027224190588048869 0.040964292018909568 -0.025426404685783124 -0.018923896647418868 -0.0044945537191597613 0.039055645827908048 0.039367752809777376 -0.049832891175549995 0.010653071222369187 0.039358842604822197 -0.014851306570987134
leaf_weight=3496.9734899699688 1751.0562584996223 811.5278721600771 368.27725498378277 30.485341027379036 3182.131738036871 1085.3760244250298 14.281309276819227 89.793788611888885 44.35658210515976 67.474980890750885 496.5829035192728 395.01673744618893 132.4190611243248 29.559426516294479 26.613029360771179 115.44592866301537 95.233787909150124 134.34352725744247 76.62287725508213 64.37467360496521 62.557231336832047 12.131982192397116 35.646269679069519 14.741901740431784 13.01812322437763 55.0111263692379 2167.0842509269714 366.97017969191074 3509.4445132911205 3045.1205998659134 18.602809369564056 1459.855325832963 1351.6481989622116 34.413834869861603 280.42094568908215 30.187036439776421 72.491873040795326 32.364678487181664 61.247550010681152 112.17087987065315 54.722817942500114 292.25067795813084 19.0713270008564 13.620797723531725 33.728332087397575 79.582200929522514 12.389624089002607 58.467351675033569 29.156728267669678 74.121140584349632 39.838090136647224 98.062149584293365 328.26429232954979 212.76179704070091 160.77321039140224 25.746335044503212 22.8703433573246 99.431746855378151 21.530950799584389 37.294896975159645 14.349335983395575 68.625412851572037 40.250811293721199 18.146562784910202 6836.4833906590939 38.865727126598358 222.38952924311161 14.01600371301174 508.64206911623478 67.542946085333824 40.278723433613777 42.099782153964043 27.871245577931404 37.375376924872398 32.147244572639465 22.687662720680237 113.4274937659502 205.93043802678585 16.306838855147362 111.34197816252708 80.012588992714882 15.151592329144476 65.230225250124931 15.581635892391203 72.898182615637779 35.738107055425644 86.812499314546585 143.67313295602798 14.826466053724287 261.5051796734333 36.507195115089417 133.64397479593754 24.75136299431324 197.83527870476246 48.327950060367584 27.33485272526741 27.9290921241045 16.23174449801445 22.856946513056755 51.6719761043787 17.778641015291214 28.31369885802269 13.902930974960325 28.288477063179016 22.115984618663788 119.76626497507095 58.930682763457298 17.009483143687248 23.221105694770813 22.83397875726223 23.456605508923531 23.683878734707832 68.74149127304554 149.94176436960697 54.900844976305962 31.651793971657753 41.05002461373806 50.639392107725143 260.29499886929989 1002.2327833324671 19.462315365672112 30.453662157058716 57.925695583224297 70.351014837622643 14.001285180449484 107.3211777806282
leaf_count=14156 7333 3337 1509 127 13267 4479 80 380 198 290 2079 1603 560 123 115 491 394 555 317 274 265 50 172 66 55 229 8707 1592 14161 12350 75 6133 5566 140 1152 125 295 138 257 473 224 1182 81 55 141 339 52 244 123 304 164 418 1375 873 665 107 94 415 88 158 66 291 168 74 27584 162 917 58 2055 276 168 173 115 153 133 93 474 918 69 466 333 64 298 66 316 147 357 612 69 1113 158 552 109 826 200 112 116 68 94 212 72 117 56 116 90 493 245 71 95 99 95 96 284 621 247 132 170 204 1093 4091 81 125 244 291 57 447
internal_value=8.01184e-07 -0.00225064 -0.000214371 0.00896775 0.00788666 -0.00985133 0.00504342 -0.00140239 0.000717933 0.00225318 0.00702176 -0.00173805 0.000560315 0.00689191 -0.00591518 -0.00205337 -0.00432093 -0.00247392 -0.00446833 -0.00617936 0.00867895 0.0112791 -0.00764817 -0.0324437 0.0299907 -0.00839444 -0.000755441 -0.0150667 -0.00109018 -0.00425554 0.000370476 -0.0128987 0.00472477 0.0159192 0.00289545 -0.00907117 0.00492467 -0.000851666 -0.00235128 0.0183868 -0.004433 0.000568633 0.0124711 0.0170902 0.0136678 0.0155103 0.0120001 0.013437 -0.0121405 0.00808815 0.00865678 0.016435 -0.00570061 -0.00724783 -0.0165733 -0.00250731 -0.0249787 -0.00382934 -0.0122338 -0.0157705 0.00669441 -0.0131194 -0.0274405 0.000981998 -0.000641988 -0.0047234 -0.00583971 -0.0118488 -0.000485594 -0.00857042 0.0195198 -0.00177542 0.0106911 0.0241559 -0.0111727 -0.0125283 0.0333009 0.035364 0.00977902 0.0106136 0.0113846 0.0123444 0.0106605 0.00996028 0.0161846 -0.0224858 -0.00576009 0.00858024 0.0323049 0.00428007 -0.0110379 -0.00924803 -0.0451473 -0.0147798 -0.0051825 0.00188002 0.0246471 -0.0362998 -0.0046933 -0.0113687 -0.0291953 -0.026116 0.00976795 -0.00271248 0.0120638 0.00496337 0.0409657 -0.0312896 -0.0331531 0.0123897 -0.0334764 -0.0134795 0.0128177 -0.00608957 0.0176921 0.00491742 0.0196659 0.00434721 -0.0249646 -0.00624416 0.00386496 -0.00407636 -0.00899357 -0.0127402 -0.0219215 -0.0271138
internal_weight=39172.3 31310.8 24694.9 7861.57 7552.26 6615.9 5769.8 1851.05 1745.02 1700.67 4295.41 20399.4 1633.19 956.725 3770.34 2326.89 2144.74 2029.3 1894.95 1805.31 927.165 864.608 1740.94 126.784 89.641 676.467 16902.5 2845.56 16507.5 5212.2 11295.3 2421.32 3573.23 501.9 3071.33 445.305 2626.03 1223.06 1190.7 722.181 1129.45 11229.5 852.476 1782.46 838.195 804.466 724.884 712.495 1443.45 3918.75 3844.63 654.027 1614.15 1518.92 511.908 1007.01 351.135 981.267 468.99 91.1375 51.6442 1414.3 424.23 10937.3 7377.17 415.118 276.244 236.406 7359.03 376.252 467.487 492.513 211.687 133.988 280.826 77.6988 225.598 309.314 3568.39 3418.44 3307.09 555.965 540.814 1402.97 103.384 51.3197 248.679 521.742 80.0567 441.686 180.18 149.951 39.4933 447.459 249.623 201.296 182.145 106.026 173.961 151.104 31.3994 183.954 522.545 308.709 3227.08 161.866 99.2094 383.98 155.64 3204.97 65.7433 42.2867 106.117 961.47 155.532 100.631 68.9791 3560.08 328.92 1074.72 512.277 299.515 269.061 249.599 179.248 165.247
internal_count=160737 127752 100101 32985 31624 27651 24164 7845 7397 7199 17703 82398 6909 4107 15729 9743 8963 8472 7917 7545 3984 3719 7271 571 372 2802 68242 11922 66639 21057 45582 10091 14677 2062 12615 1831 10784 5005 4867 3026 4610 45316 3669 7460 3589 3448 3109 3057 5986 16319 16015 2813 6700 6306 2134 4172 1469 4065 1947 399 224 5863 1831 44134 29769 1706 1139 975 29695 1544 1922 2030 874 552 1156 322 947 1361 14876 14255 13789 2395 2331 5779 443 213 1023 2250 367 1883 770 621 175 1859 1033 833 780 448 721 627 127 772 2111 1268 13456 666 413 1663 655 13366 266 171 437 3958 665 418 286 14365 1384 4386 2118 1245 1120 1039 748 691
is_linear=0
shrinkage=0.05


Tree=22
num_leaves=127
num_cat=0
split_feature=13 151 151 13 151 13 151 151 151 13 205 13 154 148 67 154 208 215 77 69 13 67 60 62 65 63 60 69 153 286 61 65 76 61 202 214 201 215 76 199 79 112 163 208 200 153 154 151 199 63 78 152 67 198 205 202 199 214 63 199 152 14 67 175 161 175 47 60 77 63 177 79 223 62 198 71 200 14 79 199 26 50 32 60 4 286 26 13 202 177 148 169 208 65 46 61 171 61 60 217 201 198 201 198 193 153 199 62 201 202 214 13 63 199 167 72 201 61 211 63 65 152 198 65 31 61
split_gain=321.513 491.697 356.33 204.504 126.511 94.4727 87.6791 80.4497 69.3904 66.0555 65.2334 63.9654 55.2841 41.267 38.3912 35.8376 35.7063 37.5839 39.4012 33.1744 34.0812 31.8706 31.8231 38.4929 43.5567 38.6383 36.3443 30.9002 30.6526 35.5986 30.5037 30.4107 30.2004 50.9297 45.4119 35.035 50.9803 29.8393 29.7466 29.1414 28.6307 28.571 27.9887 27.3195 26.9933 26.9249 28.9269 27.074 26.8437 44.0953 26.7743 26.9692 26.7605 26.6409 26.2031 26.1824 28.4315 26.3092 25.7682 25.7572 27.4279 25.5226 25.5034 25.4601 25.3547 25.3262 25.1216 25.0109 24.9995 26.2415 24.7794 24.7154 24.4887 24.4677 24.3643 24.285 24.2758 24.7539 31.5715 24.0239 24.0122 27.4757 23.9561 24.8585 23.8022 23.7723 33.1519 23.7038 23.6793 27.7645 29.5715 23.4827 23.2807 52.3585 27.6385 27.7801 28.408 31.2688 24.6263 23.1259 22.933 22.9117 26.5347 34.1032 22.9041 22.7237 22.6352 39.6442 26.5814 25.9932 29.5961 25.4294 25.8862 28.3741 24.9503 22.5653 22.4019 22.2846 22.2711 22.8417 22.249 22.0744 27.847 32.3306 26.8354 22.021
threshold=0.90000000596046459 0.70000001788139354 0.90000000596046459 0.5000000149011613 0.90000000596046459 0.70000001788139354 0.5000000149011613 0.30000000447034841 0.70000001788139354 0.70000001788139354 0.63234999775886547 0.70000001788139354 1.0000000180025095e-35 0.87500000000000011 0.6318500041961671 0.75000000000000011 1.0000000180025095e-35 0.41666667163372045 0.25000000745058065 1.0000000180025095e-35 0.30000000447034841 0.58665001392364513 0.40588235855102545 0.42391304671764379 0.55277779698371898 0.71391752362251293 0.19215686619281772 1.0000000180025095e-35 0.5000000149011613 0.87500000000000011 0.52105262875556957 0.69166666269302379 0.41666667163372045 0.28157894313335424 0.29347826540470129 0.41666667163372045 0.46649484336376196 0.58333334326744091 0.58333334326744091 0.41842105984687811 1.0000000180025095e-35 1.0000000180025095e-35 1.0000000180025095e-35 1.0000000180025095e-35 0.5978260636329652 0.5000000149011613 1.0000000180025095e-35 0.5000000149011613 0.54999998211860668 0.43298968672752386 -1.0000000180025095e-35 1.0000000180025095e-35 0.38574999570846563 0.40588235855102545 0.52285000681877147 0.39347825944423681 0.33421052992343908 1.0000000180025095e-35 0.53865978121757518 0.36578947305679327 1.0000000180025095e-35 1.0000000180025095e-35 0.095699999481439604 1.0000000180025095e-35 1.0000000180025095e-35 1.0000000180025095e-35 1.0000000180025095e-35 0.48627451062202459 0.25000000745058065 0.41494844853878027 1.0000000180025095e-35 1.0000000180025095e-35 1.0000000180025095e-35 0.51739129424095165 0.18235294520854953 1.0000000180025095e-35 0.40652173757553106 1.0000000180025095e-35 -1.0000000180025095e-35 0.52105262875556957 1.0000000180025095e-35 1.0000000180025095e-35 1.0000000180025095e-35 0.44901961088180548 1.0000000180025095e-35 0.87500000000000011 1.0000000180025095e-35 0.70000001788139354 0.45217391848564154 1.0000000180025095e-35 0.62500000000000011 1.0000000180025095e-35 1.0000000180025095e-35 0.37500000000000006 1.0000000180025095e-35 0.36578947305679327 1.0000000180025095e-35 0.33947369456291204 0.33921569585800176 0.25000000745058065 0.43298968672752386 0.4294117689132691 0.48195876181125646 0.29215687513351446 1.0000000180025095e-35 0.5000000149011613 0.45526316761970526 0.38478259742259985 0.59536081552505504 0.30217391252517706 1.0000000180025095e-35 1.0000000180025095e-35 0.27061854302883154 0.76842105388641369 1.0000000180025095e-35 1.0000000180025095e-35 0.49484536051750189 0.25000000000000006 1.0000000180025095e-35 0.59536081552505504 0.31666667759418493 1.0000000180025095e-35 0.57647061347961437 0.66388890147209179 1.0000000180025095e-35 0.34736841917037969
decision_type=2 2 2 2 2 2 2 2 2 2 2 2 2 2 2 2 2 2 2 2 2 2 2 2 2 2 2 2 2 2 2 2 2 2 2 2 2 2 2 2 2 2 2 2 2 2 2 2 2 2 2 2 2 2 2 2 2 2 2 2 2 2 2 2 2 2 2 2 2 2 2 2 2 2 2 2 2 2 2 2 2 2 2 2 2 2 2 2 2 2 2 2 2 2 2 2 2 2 2 2 2 2 2 2 2 2 2 2 2 2 2 2 2 2 2 2 2 2 2 2 2 2 2 2 2 2
left_child=1 3 8 6 5 19 15 28 45 43 21 -6 62 55 -12 16 17 18 27 20 -3 61 23 25 26 38 -25 32 29 87 -26 73 35 -34 -35 106 -37 54 44 -30 -23 -16 48 50 75 46 47 104 100 -50 -9 71 -10 58 -22 56 -8 84 -48 70 63 64 -11 91 105 74 88 -21 72 -70 -13 -52 115 -20 -24 99 77 78 -53 80 81 -73 83 -45 -58 86 -76 117 -18 90 -90 -61 94 -94 95 96 97 98 -54 -7 -19 102 103 -95 -2 -4 107 109 -109 110 125 -108 113 -113 -110 -64 -38 -5 119 -114 -78 124 123 -123 -97 -1
right_child=2 4 10 7 11 22 13 9 52 12 14 59 -14 -15 41 -17 66 42 31 67 37 40 65 24 30 -27 -28 -29 39 -31 -32 -33 33 34 -36 36 116 -39 -40 -41 -42 -43 -44 82 -46 -47 53 -49 49 -51 51 76 92 -55 -56 -57 57 -59 -60 60 -62 -63 68 -65 -66 -67 -68 -69 69 -71 -72 79 -74 -75 85 -77 120 -79 -80 -81 -82 -83 -84 -85 -86 -87 -88 -89 89 -91 -92 -93 93 101 -96 121 -98 -99 -100 -101 -102 -103 -104 -105 -106 -107 111 108 114 -111 -112 112 118 -115 -116 -117 -118 -119 -120 -121 -122 122 -124 -125 -126 -127
leaf_value=-0.030399104428478055 -0.049358215029690455 0.039302139239016452 -4.4697318391445474e-05 -0.064884474596210689 0.030849005872555818 0.0052768761828707314 0.027266578018782822 -0.038365967465253802 -0.025429007800480276 -0.040614687533837054 -0.011748987929704507 0.0093953198303517241 0.022095677117411491 0.032145028268289522 -0.0019308688693344485 -0.043106587195959695 0.023342428230354578 0.0078521048399319542 0.013694649029215326 -0.028537967245652926 0.024375514231901527 0.011429280979152273 -0.044589995212647116 0.06405153190756889 0.014744224354927133 -0.04689399879852077 -0.0081418113646491465 -0.016882077831831346 -0.035087019644664395 -0.043486884570152817 -0.054082540467796758 -0.034256451934474901 -0.069945186827724312 -0.018200505149890533 0.057671315351679624 -0.041536962407389071 0.086758018861341671 -0.039776569957439729 -0.0682178371132659 0.060157310886942664 0.060790695423428368 0.020319827037139412 0.041306266033833625 0.012255201911329833 0.037046319674794784 0.004822850711890884 -0.035453479683314873 -0.028788863048798477 -0.052195446610392229 0.069565918898022036 -0.0052622436753190192 0.076745596243237069 -0.010195590873145019 0.059971506223369275 0.0119589011189116 0.017290571033982856 0.0047199696151985415 -0.035710975691261561 0.039853942944181812 0.018185219859938012 0.0334732822680847 -0.018357032927132946 -0.013504940716615477 -0.011077154440290799 0.04756852119523089 -0.032531928323013153 -0.051791566438922444 0.039165477396525233 0.064620147104847717 -0.00091779899659035619 -0.025779083629523226 0.034123186882755757 0.040396670451336401 0.049945842936864507 0.0097004261598790057 -0.049468502256778318 0.047338369668606994 -0.03259607933372715 0.0015860441241102902 -0.014450936787459377 0.083182327226843322 -0.030911907663343022 -0.041045890411714969 0.060470717812590162 -0.05905207541289921 0.049884016064683484 0.064292312505262308 -0.037126703030923865 0.0060535342296467124 0.054757384756863751 -0.047342634386377661 -0.031355826007000924 -0.031461851322268024 0.045279191632626115 0.025561501240496966 -0.022600213707104345 0.05345121103834094 0.013311060537413386 -0.054483333779434387 -0.032565091788368694 -0.042288048492034963 0.078080974670205971 0.050926687711328668 -0.047101305695962686 0.013063598446368766 0.04138185284019387 0.0083238884654907221 -0.010571598498198003 0.0081624477395249532 0.0036119326426207426 -0.064887018507817779 -0.0061965982040319547 0.0032826212977793965 -0.049833252854863154 -0.045507833734465028 -0.047963183790522647 -0.008715428705273056 -0.012491398012598284 0.037383882302842862 -0.0069926929719213013 0.01050711984051864 -0.016825536356998402 0.055712002497079138 0.045409884043154269 0.03920952709021714 -0.00072481559614781771
leaf_weight=78.543490007519722 291.53064179420471 144.68320193886757 668.6776859909296 21.023627549409866 1003.2302954941988 1465.4981647133827 127.02812795341015 53.263914749026299 526.19901464879513 84.966225787997246 1125.7936482131481 383.32682026922703 112.68946112692356 214.91913436353207 1344.7321822792292 47.275620579719543 323.63930016756058 27.29429729282856 367.44361834228039 70.938842535018921 556.07681079208851 1101.5335193872452 16.492754086852074 18.040580093860626 19.878336012363434 37.936196744441986 517.98634998500347 272.11867283284664 12.790443047881125 177.65546448528767 84.65534582734108 29.466601267457008 12.368574649095534 26.845500066876411 74.322747439146042 103.17906087636948 12.178799182176592 25.231396555900574 14.071727022528647 21.582716017961502 30.181167110800743 161.60918040573597 16.691687911748886 171.2420110553503 62.353966221213341 53.09516453742981 43.95651076734066 814.63798703253269 13.061456218361856 17.262813076376915 3185.6198108196259 14.744095623493193 173.7915166914463 14.332598716020582 1801.212333932519 635.99588806927204 1070.5931596308947 43.721934452652931 15.317584320902823 1379.8436108082533 255.17555244266987 154.7406472414732 2385.9002331793308 83.592529788613319 31.919517561793327 29.458319425582886 14.148839414119719 16.888605073094368 19.29019483923912 73.354601800441742 57.592697709798813 66.267367362976074 20.720274910330772 53.298244044184685 404.59653382003307 21.349756687879562 60.065702557563782 50.184117466211319 266.9124051630497 46.590065702795982 16.953993737697601 21.512321040034294 17.589397892355919 31.6778215020895 14.834496974945067 49.923196092247963 29.862000003457069 140.05202828347683 88.215442791581154 19.32580491900444 36.723764538764954 24.341792926192284 56.984811708331108 16.79471854865551 42.385192543268204 1076.0412841588259 20.992237076163292 125.26937763392925 38.307239696383476 41.516750380396843 138.64962084591389 19.197893291711807 32.016365334391594 24.657586991786957 15.475480884313582 34.82665342092514 1340.8264681845903 1595.9442661851645 328.12390151619911 2283.8613585084677 23.235278993844986 581.80728667974472 3276.6198635399342 39.801249563694 23.184557005763054 48.476350471377373 12.399702087044714 585.87397627532482 43.935425072908401 647.77560630440712 129.20094986259937 177.43121974170208 17.817906096577644 23.649336099624634 17.851702973246574 306.45245498418808
leaf_count=315 1344 653 2725 86 4540 5901 516 216 2211 348 4634 1600 460 926 5602 194 1322 113 1517 290 2310 4516 69 77 80 153 2087 1097 53 809 342 120 52 114 318 445 51 107 79 87 129 682 68 691 252 221 189 3586 54 71 12821 60 719 58 7390 2584 4339 177 62 5854 1122 629 9777 343 130 119 57 71 80 300 236 268 84 225 1637 86 243 205 1074 188 69 88 71 130 60 221 120 607 358 79 151 99 246 69 173 4512 86 514 161 168 575 78 132 103 68 144 5381 6409 1317 9171 94 2336 13147 162 93 200 52 2422 177 2598 520 740 76 97 72 1231
internal_value=7.71489e-07 0.00235112 -0.00873963 -0.00158055 0.0124906 0.00784822 0.00196009 -0.0080793 -0.0204635 -0.00618749 0.000424148 0.020398 -0.012199 0.0113829 -0.00476403 0.000342736 0.000510708 -3.66114e-05 0.000347695 0.01469 0.0157399 0.00717825 0.00148931 -0.00107342 -0.0114698 0.00298052 -0.00571206 -0.000241295 -0.0216462 -0.0233698 -0.0409943 0.0148478 0.000177547 0.0258292 0.0375383 -9.46953e-05 -0.0261214 0.014309 0.00415952 0.0247164 0.0127457 0.000456317 -0.0208503 -0.00219311 0.00479978 -0.0300174 -0.0315651 -0.0335577 -0.0261364 0.0171201 -0.00315846 -0.00267239 -0.015472 -0.00120095 0.0148879 0.00902463 0.00483962 0.00231662 -0.0159926 0.015597 0.0183281 0.000100081 -0.013667 0.0157305 0.00398365 0.0125228 0.0138478 -0.0155191 -0.0127683 0.0127283 0.00480086 -0.00432439 -0.0137304 0.0182868 0.0151727 0.00348419 0.00790627 -0.000243871 0.00552048 0.0154191 0.0287065 0.0181849 0.01493 0.0197821 0.0038484 0.0172076 0.0134527 -0.0185851 0.0158327 -0.00101448 -0.00964137 0.0173264 -0.01266 0.00625238 -0.0143117 -0.015323 -0.00298438 -0.006496 -0.0181944 0.00423437 -0.034041 0.0294445 0.0167355 -0.00967264 -0.0462117 0.0020061 0.000219881 -0.00239619 -0.00783076 0.00153476 -0.0100861 0.0022663 0.000496745 -0.00899063 0.00462048 -0.0141911 0.0385923 -0.0143064 0.00198287 0.00158654 0.0221959 -0.0186912 -0.00419734 -0.00950595 -0.0215915 -0.0067787
internal_weight=39126.8 30835.1 8291.75 22219.3 8615.75 5428.65 14383.1 7836.2 3637.73 6877.22 4654.01 3187.1 2745.4 2107.09 2632.14 12276 12228.7 11746.7 11533.7 2615.03 2527.2 2021.88 2813.62 2283.29 640.561 1642.73 536.027 11083.5 958.978 924.605 104.534 450.208 10811.4 113.537 101.168 10697.9 127.758 2382.52 1604.79 34.3732 1131.71 1506.34 212.96 4131.82 1590.72 1248.35 1195.25 1121.64 196.268 30.3243 3911.31 3858.05 2389.39 73.6067 2357.29 1892.17 1256.18 1129.15 59.2741 2183.87 1742.95 890.165 2632.71 1487.78 735.424 530.333 482.053 87.8274 2547.74 92.6448 440.92 3336.94 2455.1 420.742 500.874 1528.36 521.107 331.841 281.657 151.324 104.734 87.7797 220.509 202.92 1085.43 484.382 434.459 746.95 467.904 144.265 124.939 1404.19 1863.19 149.651 1713.54 1671.15 358.36 337.368 212.099 1507.01 165.944 92.6666 73.4687 41.4523 307.006 703.504 10570.1 4639.35 1947.25 2692.09 408.231 5930.77 4589.94 621.609 351.308 2434.38 24.5785 606.898 3968.33 3924.4 189.267 1312.79 218.898 201.081 1093.89 384.996
internal_count=160737 126029 34708 90023 36006 22212 58066 31957 15517 27893 19191 13794 11249 8602 10918 49464 49270 47303 46422 10821 10460 8273 11391 9225 2586 6639 2164 44560 4064 3924 422 1862 43463 484 432 42979 548 9807 6486 140 4645 6284 881 16644 6407 5528 5307 4998 813 125 15752 15536 9989 309 9700 7676 5092 4576 251 9254 7418 3628 10789 6296 2999 2166 1967 361 10441 380 1836 13434 10061 1742 2047 6155 2102 1339 1134 613 425 356 892 821 4399 1978 1757 3115 1910 588 509 5953 7778 628 7150 6977 1480 1394 880 6069 688 382 304 172 1412 2869 42431 18630 7819 10811 1640 23801 18420 2498 1410 9977 103 2508 15922 15745 763 5497 913 837 4584 1546
is_linear=0
shrinkage=0.05


Tree=23
num_leaves=127
num_cat=0
split_feature=151 286 148 75 169 214 71 152 15 81 75 202 15 286 200 79 175 79 154 215 223 200 151 202 215 153 78 214 60 172 199 201 201 75 198 64 198 152 35 201 198 15 200 112 201 201 286 202 64 202 209 200 153 202 67 151 199 155 250 199 60 106 148 215 200 164 64 202 199 48 198 60 148 286 201 14 173 198 62 198 60 189 202 64 64 193 72 62 64 60 62 199 151 215 201 78 148 200 67 151 62 198 85 70 155 4 64 151 70 101 64 198 28 14 155 200 200 202 153 199 217 101 216 170 60 202
split_gain=259.084 164.409 93.4727 81.6541 55.4747 56.6702 54.6989 55.2746 72.5416 51.5946 50.858 49.8294 49.5271 46.1136 51.1932 53.0866 45.5006 44.9745 43.1002 56.5928 44.5468 57.6213 41.5672 40.9108 40.6373 62.292 41.2556 53.2966 49.5173 43.6538 42.8683 42.56 40.4996 40.4483 37.6365 44.6942 40.9046 39.2407 58.9291 37.0797 36.557 36.4993 36.1464 50.1671 35.5954 61.6959 45.0603 41.5827 35.305 35.2736 34.9205 34.4035 44.5208 39.8572 33.9649 33.4398 33.3556 32.8839 37.4083 41.8306 33.8323 32.8076 30.9299 40.4126 39.0891 30.2144 39.9092 38.4575 29.0672 28.9742 27.8532 32.3331 27.3131 31.5845 26.0739 26.878 41.6128 26.0466 36.4181 55.6786 25.6465 25.5763 31.3519 25.1089 25.0912 24.7603 26.2903 24.6009 26.7491 24.4452 26.7509 23.9908 29.4246 36.9855 27.2569 23.9212 24.7406 28.4481 23.8908 23.7767 23.4655 26.3741 23.4506 23.5196 23.4478 23.4467 23.2761 23.1556 23.1242 24.2995 23.0279 22.9127 26.2385 25.9611 23.2206 22.8123 22.3316 29.2284 22.2955 21.9053 21.7436 21.6995 22.2679 25.7651 21.387 21.2836
threshold=0.90000000596046459 0.62500000000000011 0.62500000000000011 0.25000000745058065 1.0000000180025095e-35 0.25000000745058065 1.0000000180025095e-35 1.0000000180025095e-35 0.5000000149011613 1.0000000180025095e-35 1.0000000180025095e-35 0.60434782505035411 0.5000000149011613 0.87500000000000011 0.35869564116001135 -1.0000000180025095e-35 1.0000000180025095e-35 0.25000000745058065 1.0000000180025095e-35 0.41666667163372045 1.0000000180025095e-35 0.43695650994777685 0.70000001788139354 0.20434782654047015 0.58333334326744091 0.5000000149011613 0.25000000745058065 0.41666667163372045 0.28431373834609991 1.0000000180025095e-35 0.28157894313335424 0.52577319741249096 0.35309277474880224 1.0000000180025095e-35 0.48627451062202459 0.51304346323013317 0.55686277151107799 1.0000000180025095e-35 1.0000000180025095e-35 0.65721648931503307 0.25882354378700262 1.0000000180025095e-35 0.43260869383811956 1.0000000180025095e-35 0.48195876181125646 0.55927833914756786 0.87500000000000011 0.35000000894069677 0.51304346323013317 0.28043477237224584 1.0000000180025095e-35 0.37173913419246679 1.0000000180025095e-35 0.61304345726966869 0.50405001640319835 0.30000000447034841 0.66315788030624401 1.0000000180025095e-35 1.0000000180025095e-35 0.31052631139755255 0.19803921878337863 1.0000000180025095e-35 0.62500000000000011 0.75000000000000011 0.33260868489742285 1.0000000180025095e-35 0.6347826123237611 0.35000000894069677 0.76842105388641369 1.0000000180025095e-35 0.99019607901573192 0.25294119119644171 1.0000000180025095e-35 1.0000000180025095e-35 0.27577318251132971 1.0000000180025095e-35 1.0000000180025095e-35 0.35490196943283087 0.45869565010070806 0.43333333730697637 0.57647061347961437 1.0000000180025095e-35 0.4086956530809403 0.26304347813129431 0.49782608449459081 1.0000000180025095e-35 1.0000000180025095e-35 0.34565217792987829 0.30217391252517706 0.41372549533844 0.4760869592428208 0.52105262875556957 1.0000000180025095e-35 0.25000000745058065 0.69329896569252025 0.41666667163372045 0.87500000000000011 0.36739130318164831 0.66154998540878307 0.70000001788139354 0.28913043439388281 0.19803921878337863 1.0000000180025095e-35 1.0000000180025095e-35 1.0000000180025095e-35 1.0000000180025095e-35 0.46739129722118383 0.70000001788139354 1.0000000180025095e-35 1.0000000180025095e-35 0.47173912823200231 0.37058824300765997 1.0000000180025095e-35 1.0000000180025095e-35 1.0000000180025095e-35 0.61956521868705761 0.32391305267810827 0.38913042843341833 0.83333334326744091 0.56052634119987499 0.25000000745058065 1.0000000180025095e-35 0.25000000745058065 1.0000000180025095e-35 0.47450980544090277 0.21304347366094592
decision_type=2 2 2 2 2 2 2 2 2 2 2 2 2 2 2 2 2 2 2 2 2 2 2 2 2 2 2 2 2 2 2 2 2 2 2 2 2 2 2 2 2 2 2 2 2 2 2 2 2 2 2 2 2 2 2 2 2 2 2 2 2 2 2 2 2 2 2 2 2 2 2 2 2 2 2 2 2 2 2 2 2 2 2 2 2 2 2 2 2 2 2 2 2 2 2 2 2 2 2 2 2 2 2 2 2 2 2 2 2 2 2 2 2 2 2 2 2 2 2 2 2 2 2 2 2 2
left_child=1 2 50 4 5 6 7 8 9 13 17 40 41 23 16 -16 62 18 20 32 24 22 -22 87 26 -26 27 34 -28 -29 -30 -32 116 74 37 36 -36 44 51 -34 -7 65 84 119 46 111 68 -47 98 -10 54 -39 53 56 115 -31 -53 58 59 -17 -61 95 63 64 -15 66 85 110 120 81 71 -64 73 -56 83 105 124 -62 79 -79 91 82 -51 -4 -42 86 -9 88 -2 90 -37 92 93 -49 -94 102 97 106 -35 -38 -12 -102 103 -25 -8 118 -97 -75 109 -74 -67 112 113 114 -46 -1 -20 -118 121 -44 -3 122 -76 -124 -77 -103
right_child=3 10 33 -5 -6 11 104 12 49 -11 100 -13 -14 14 15 57 -18 -19 19 -21 21 -23 -24 61 25 -27 28 29 30 55 31 -33 39 48 35 89 99 38 -40 -41 42 -43 43 -45 45 47 -48 80 -50 69 -52 52 -54 -55 72 -57 -58 -59 -60 60 77 -63 70 -65 -66 67 -68 -69 -70 -71 -72 -73 108 107 75 76 -78 78 -80 -81 -82 -83 -84 -85 -86 -87 -88 -89 -90 -91 -92 -93 94 -95 -96 96 -98 -99 -100 -101 101 125 -104 -105 -106 -107 -108 -109 -110 -111 -112 -113 -114 -115 -116 -117 117 -119 -120 -121 -122 -123 123 -125 -126 -127
leaf_value=-0.006955811067167807 0.0097300199960696412 -0.0088413417499328389 -0.017553135578877156 0.033520316966886322 -0.031593804984441962 -0.079362786641731325 -0.03082320960890125 0.023552876743182304 0.032480913865188095 0.057998848597498154 -0.020174469869319468 0.030036198853333057 0.061874928927407882 -0.01223877244932866 0.057829328301531695 -0.091442648848141628 -0.067701961976655053 0.024005159450078618 -0.016011062740793041 0.076385306012354479 0.035783667659416575 0.080165704253371828 -0.054019457446417431 0.010417235840378836 -0.03496211927151676 0.079494314519151787 0.054505208173301047 -0.046023378428696304 0.048575739973802101 -0.044201218729919944 -0.037290552932577312 0.023916015727519391 -0.023212529017127805 0.013129024774186912 -0.045662155826641432 -0.034938694018048187 -0.027854690687945868 -0.012996018097677808 0.069727891110721224 0.052390782357285004 -0.050689851357180397 -0.029523664367085336 0.052281064034128404 -0.085789874349966475 0.003339844777456732 -0.032936888512291568 -0.027135545070762847 0.067726753143587989 -0.042010174163739568 -0.019121613916229879 0.019184874216320244 0.016167767213368128 0.070674025930499873 -0.059922383793959082 0.00086701825058130635 0.053643855257366972 -0.040218657920396472 -0.068132211104237742 -0.053664424151500259 -0.057319412368441097 0.020456122059188987 0.065385931203530881 -0.046864515984123785 -0.080249141077616298 0.043393492562883822 0.041551703350588672 -0.043688367088131563 -0.033099740906210581 -0.058118200913090293 0.047897365528905861 -0.027693499199210936 0.045563393420188572 0.0010796613727991993 -0.0089917821506603959 0.0058608737201921186 -0.0082521424836461202 -0.065548923474480186 -0.023916975520531271 -0.061312474336956184 0.050017269055924476 -0.053466547926734935 0.02329112301979331 -0.06127342607703308 0.018822797768622168 0.017275310557818436 0.0635588516557474 -0.043575477348183053 0.0058640250468810461 -0.059185035401676647 0.070013523041673992 0.046236462710769054 0.012065270690473659 -0.011089604063169604 -0.026448542014905298 -0.052153907109502601 -0.048039810144179323 0.058203904515583826 0.046253881381774463 0.033068770675147449 0.0064769591610659054 -0.036664558895044601 0.073431375532346119 -0.035084865753773571 -0.0067264061533876922 0.041520347553725634 -0.033876102078013087 0.033644988928351015 0.0020342078820966376 -0.013303033932270917 -0.029827380241308033 -0.033263667152074898 0.017804570009178341 -0.053848119007879197 -0.02850114094072977 0.059061581987942979 0.018780817435341574 0.070536250432414724 -0.0027025421735706046 0.045654358922542597 -0.010164726650097235 -0.032463270120281482 -0.060459290458887961 -0.039329690183001788 0.015277035922348629 0.030836266240663109 0.012293418258295288
leaf_weight=3363.0271246731281 19.897481948137283 1528.6041915267706 53.075821831822395 304.55898399651051 91.448869600892067 28.926043584942818 116.63141275942326 728.77617679536343 28.443026825785637 51.685097202658653 69.369621455669403 46.671343043446541 65.188368022441864 88.432243138551712 23.032780706882477 14.506246298551558 17.454401835799217 94.133933082222939 19.94768463075161 27.875447809696198 27.030251115560532 29.925349876284599 24.624548569321632 4498.7165261059999 286.19665393233299 12.402699813246725 49.071282878518105 184.52111440896988 32.089169189333916 14.678952395915983 82.32153445482254 43.362184450030327 134.3856063336134 474.05426721274853 209.99874210357666 25.77718012034893 130.07859106361866 327.73554176092148 30.25006391108036 18.44372333586216 77.235877886414528 40.654383942484856 35.42690098285675 11.717084109783171 372.4778681397438 233.61409418284893 612.91957376897335 24.372269317507744 24.18233534693718 102.40123830735683 200.58240634202957 231.42613451182842 27.738354384899139 22.26010936498642 2158.9981903135777 21.554757937788963 29.579991295933723 32.885124012827873 54.920438021421432 27.176057249307632 104.53057405352592 26.825520098209381 10.224771991372107 14.459340289235113 49.109643131494522 44.36709401011467 22.24970181286335 59.365314215421677 32.475904360413551 12.222505435347555 17.874036267399788 126.82905487716198 11028.119692251086 2596.0890994518995 2440.928991407156 375.40379595756531 30.045744150876999 77.059163391590118 30.03235274553299 38.032741576433182 29.226271390914917 19.297235786914825 77.499452248215675 446.71749533712864 16.476601153612137 38.056732341647148 14.883436188101767 55.278229296207428 48.164819434285164 15.708858639001845 16.740401238203049 144.2159871160984 302.18817475438118 18.218815550208092 46.647824257612228 23.276741489768028 51.371822386980057 33.146284550428391 219.90690368413925 82.364297702908516 26.774047881364822 14.814520522952078 29.472524851560593 209.37303282320499 12.390567511320112 39.061945483088493 13.946190178394316 583.12471376359463 294.11882218718529 63.963717475533485 13.389021903276442 235.50225472450256 22.591206029057503 62.751037314534187 19.684730336070061 88.362656950950623 39.148892387747765 20.892711997032166 33.539060458540916 23.267160534858704 104.04930329322815 12.744479447603224 58.346391901373863 34.299966111779213 38.591399490833282 364.00329446792603
leaf_count=13633 84 6319 217 1361 376 124 478 3083 117 240 288 200 274 363 105 66 71 401 82 120 115 123 104 18796 1309 61 212 843 158 64 358 181 560 1996 890 107 544 1363 124 75 332 171 154 48 1544 976 2599 100 98 420 810 964 113 93 8679 91 124 143 250 135 436 119 44 67 206 187 94 252 134 51 80 560 44550 10533 10038 1544 125 320 128 169 123 81 318 1845 69 163 62 230 208 64 72 597 1264 78 194 99 244 151 932 342 112 60 123 868 50 160 63 2384 1192 259 55 972 94 262 82 358 161 88 145 97 440 52 243 146 162 1507
internal_value=6.37453e-07 -0.00203701 -0.000163523 0.00814004 0.00711142 0.00758824 0.0083863 0.00897635 0.00714952 0.00826618 -0.00906101 -0.0163265 0.019699 0.00781806 -0.00395365 -0.0158733 0.0108245 -0.0102877 -0.0108251 0.00905926 -0.0117271 0.0249573 -0.00702671 0.00952539 -0.0122553 -0.030208 -0.0112564 -0.0121342 0.0106391 -0.0361706 -0.00300438 -0.0161737 0.000998289 0.00655287 -0.0110599 -0.0243528 -0.0300132 -0.00962677 0.00153738 -0.0140886 -0.0275351 0.0168402 -0.0184007 0.00866972 -0.0115976 -0.00564852 -0.0155449 -0.0151943 0.0173782 -0.0197946 -0.00157458 -0.00169205 0.01022 0.00430019 -0.00178096 0.014005 0.00977746 -0.0203507 -0.0158127 -0.00867724 -0.00434024 0.0102433 0.0152901 -0.000734289 0.00762485 0.0188866 0.022343 -0.00483956 -0.0112785 -0.0268274 0.0310118 0.0386679 -0.000849016 -0.00380003 0.00437081 0.00264297 -0.00873194 0.00142679 -0.0122797 0.000514995 -0.00785641 -0.0314124 -0.0372802 0.0149598 -0.0387402 0.0242224 0.0222094 -0.0189141 -0.0390383 0.0167145 -0.00297769 -0.00536778 -0.0117908 0.0274422 -0.0165809 0.00993888 0.0318232 0.0125645 0.0194477 -0.0145443 0.00669852 0.0112947 0.00937652 0.00965484 -0.0238757 0.0045716 -0.0174352 -0.00696942 0.000534515 0.000901433 0.024208 0.00504157 -0.00125306 0.00135884 0.00613682 -0.0062969 0.0298236 0.0450513 0.00515374 0.0275267 -0.0103468 0.00462028 0.00494765 -0.0191129 -0.00460844 0.0146844
internal_weight=39053.3 31234.1 24657.3 7819.26 7514.7 7423.25 7183.53 7054.51 6027.58 5787.71 6576.77 239.721 1026.93 5736.03 726.559 402.175 324.383 6101.8 6007.67 260.694 5746.98 81.5801 51.6548 5009.47 5665.4 298.599 5366.8 5159.95 206.844 220.755 157.773 125.684 232.819 4280.9 4939.2 480.668 422.442 4458.53 668.99 152.829 193.05 961.742 164.124 70.4111 3789.54 1511.49 2278.05 798.483 718.144 239.863 20376.4 638.74 311.005 283.266 20175.8 36.2337 261.006 379.143 346.258 291.337 276.831 4886.13 306.929 152.001 137.542 921.087 803.966 117.121 1665.13 211.42 154.928 137.054 16724.4 5338.21 3562.76 3062.96 444.041 249.655 145.124 115.092 564.869 199.198 179.901 499.793 93.7125 781.716 743.66 123.341 68.0623 58.2264 42.5176 535.643 391.427 42.5911 348.836 4859.3 121.741 70.3692 693.961 212.443 474.961 405.592 4737.56 4708.09 129.022 2618.92 37.2229 3179.21 11386.2 11092.1 57.7561 713.007 477.505 454.914 392.163 3451.39 79.9893 60.0416 2579.86 58.6941 1632.65 2546.32 2533.58 92.6464 413.995 378.818
internal_count=160737 127752 100101 32985 31624 31248 30224 29696 25355 24368 27651 1024 4341 24128 3143 1752 1391 25684 25283 1086 24197 342 219 20985 23855 1370 22485 21576 909 998 697 539 966 17703 20578 2019 1776 18559 2781 635 824 4067 700 299 15778 6286 9492 3332 3026 987 82398 2657 1294 1181 81588 155 1088 1647 1504 1254 1188 20463 1320 636 569 3896 3402 494 6893 870 684 604 67597 21596 14677 12615 1831 1053 617 489 2356 819 738 2062 401 3308 3145 522 292 243 179 2233 1636 178 1458 20344 557 313 2928 886 1967 1679 19787 19664 528 10784 162 12917 46001 44809 242 2954 1982 1888 1626 13991 331 249 10624 251 6759 10479 10427 389 1706 1567
is_linear=0
shrinkage=0.05


Tree=24
num_leaves=127
num_cat=0
split_feature=13 151 151 13 151 13 151 208 79 13 205 214 154 67 13 151 16 77 151 153 151 217 75 15 13 162 152 166 201 79 152 201 154 205 13 64 77 201 198 205 79 205 198 198 65 153 202 205 67 153 154 151 75 61 214 201 61 67 15 205 217 67 163 61 198 200 75 65 153 65 64 78 200 198 152 201 16 201 61 16 200 77 65 61 188 202 223 213 75 15 62 39 13 202 286 205 62 201 175 200 155 65 186 286 65 75 193 65 62 62 64 198 202 65 64 200 27 62 61 62 69 198 61 172 166 65
split_gain=299.9 429.475 306.663 181.714 107.218 84.7805 63.4489 63.2382 61.2346 58.9542 58.2275 57.5408 53.47 52.8181 47.8411 63.3187 44.1435 43.3616 35.1658 53.2463 32.6204 32.4159 33.5298 32.3115 47.8172 31.9565 30.3234 29.7343 33.7727 28.6211 28.4687 37.2239 28.3238 27.3707 30.2467 26.7905 26.1418 25.8799 25.6896 25.4783 26.3298 25.0182 24.8957 26.1384 24.7761 26.116 27.4483 26.7837 24.769 24.5546 25.444 25.1822 24.5117 29.2177 35.0863 25.8142 24.964 24.0429 24.5571 24.4904 23.609 23.4918 23.487 33.1012 23.3615 23.6571 23.3044 24.5572 22.8757 28.6359 24.6015 29.8307 28.9982 23.4739 23.2107 22.6695 22.621 22.3106 24.8238 25.8382 22.3665 22.2347 21.8493 27.5868 25.6875 22.7035 21.7915 21.7628 21.7531 21.7377 24.2716 35.2372 29.389 21.7099 34.4963 30.3251 21.7482 21.635 27.122 25.4999 29.0648 22.1002 21.3637 21.3166 21.3079 21.2506 21.0902 21.0025 22.9293 21.8151 20.6713 20.5771 20.5526 20.3985 20.2336 20.2228 20.083 19.9375 19.926 22.6587 19.7441 19.6927 28.7479 19.4923 19.4831 19.4342
threshold=0.90000000596046459 0.70000001788139354 0.90000000596046459 0.70000001788139354 0.90000000596046459 0.70000001788139354 0.70000001788139354 1.0000000180025095e-35 1.0000000180025095e-35 0.70000001788139354 0.39165000617504125 0.41666667163372045 1.0000000180025095e-35 0.60025000572204601 0.5000000149011613 0.30000000447034841 1.0000000180025095e-35 1.0000000180025095e-35 0.30000000447034841 0.5000000149011613 0.5000000149011613 1.0000000180025095e-35 0.75000000000000011 0.5000000149011613 0.30000000447034841 1.0000000180025095e-35 1.0000000180025095e-35 1.0000000180025095e-35 0.28865978121757513 1.0000000180025095e-35 1.0000000180025095e-35 0.51804122328758251 0.75000000000000011 0.55234998464584362 0.30000000447034841 0.29347826540470129 0.41666667163372045 0.67783504724502575 0.57647061347961437 0.83394998311996471 0.25000000745058065 0.15444999933242801 0.27254903316497808 0.35882353782653814 0.70277777314186107 0.5000000149011613 0.60434782505035411 0.60124999284744274 0.3460999876260758 0.5000000149011613 1.0000000180025095e-35 0.5000000149011613 0.25000000745058065 0.48684209585189825 0.25000000745058065 0.24484536051750186 0.78157895803451549 0.48205000162124639 0.5000000149011613 0.012550000101327898 -1.0000000180025095e-35 0.054250000044703491 1.0000000180025095e-35 0.49473683536052709 0.40588235855102545 0.4760869592428208 1.0000000180025095e-35 0.53055557608604442 0.83333334326744091 0.62500000000000011 0.38913042843341833 1.0000000180025095e-35 0.2434782609343529 0.37058824300765997 1.0000000180025095e-35 0.17783504724502566 0.75000000000000011 0.32216493785381323 0.18421052396297458 1.0000000180025095e-35 0.23478260636329654 0.41666667163372045 0.35833333432674414 0.22368421405553821 1.0000000180025095e-35 0.36739130318164831 1.0000000180025095e-35 -0.25000000745058054 1.0000000180025095e-35 0.5000000149011613 0.39347825944423681 1.0000000180025095e-35 0.30000000447034841 0.29782609641551977 0.37500000000000006 0.45665000379085546 0.55652174353599559 0.64175257086753856 1.0000000180025095e-35 0.39347825944423681 1.0000000180025095e-35 0.44166666269302374 1.0000000180025095e-35 0.87500000000000011 0.28055556118488317 -1.0000000180025095e-35 1.0000000180025095e-35 0.39166666567325598 0.43260869383811956 0.40652173757553106 0.38913042843341833 0.17254902422428134 0.51304346323013317 0.48611110448837286 0.6608695685863496 0.46739129722118383 1.0000000180025095e-35 0.30217391252517706 0.44473683834075933 0.38913042843341833 1.0000000180025095e-35 0.33137255907058721 0.42368420958518987 1.0000000180025095e-35 1.0000000180025095e-35 0.48055554926395422
decision_type=2 2 2 2 2 2 2 2 2 2 2 2 2 2 2 2 2 2 2 2 2 2 2 2 2 2 2 2 2 2 2 2 2 2 2 2 2 2 2 2 2 2 2 2 2 2 2 2 2 2 2 2 2 2 2 2 2 2 2 2 2 2 2 2 2 2 2 2 2 2 2 2 2 2 2 2 2 2 2 2 2 2 2 2 2 2 2 2 2 2 2 2 2 2 2 2 2 2 2 2 2 2 2 2 2 2 2 2 2 2 2 2 2 2 2 2 2 2 2 2 2 2 2 2 2 2
left_child=1 3 6 7 5 16 49 8 11 89 104 14 18 87 15 21 23 35 19 -5 37 22 32 24 -3 42 39 28 -9 52 62 -32 75 34 -17 118 60 88 48 40 105 -26 -25 -44 45 46 47 -11 -30 50 51 106 53 55 56 -15 125 -8 59 -59 -10 -20 123 -64 65 -52 81 107 69 70 72 74 -57 -74 -72 -1 93 -49 -79 80 -80 86 102 -84 -85 121 -63 -12 103 90 -6 92 -92 94 96 -95 -77 98 99 100 101 -28 -43 -16 -4 -7 -2 109 -109 -68 -99 -35 -75 -48 -73 -90 -50 -51 -13 -120 -94 122 -86 -23 -96 -55
right_child=2 4 10 12 9 26 57 27 36 44 13 17 -14 29 20 33 -18 -19 61 -21 -22 30 -24 25 41 -27 97 -29 38 -31 31 -33 -34 111 -36 -37 -38 -39 -40 -41 -42 82 43 -45 -46 -47 113 77 116 117 64 -53 -54 54 -56 68 -58 58 -60 -61 -62 66 63 -65 -66 -67 67 -69 -70 -71 71 114 73 112 -76 76 -78 78 79 -81 -82 -83 83 84 85 -87 -88 -89 115 -91 91 -93 120 95 124 -97 -98 110 -100 -101 -102 -103 -104 -105 -106 -107 -108 108 -110 -111 -112 -113 -114 -115 -116 -117 -118 -119 119 -121 -122 -123 -124 -125 -126 -127
leaf_value=0.022067985031284432 -0.047431729787633818 0.046196176425605459 -0.0050989234829799286 -0.041447356003572064 0.037120407656416325 -0.042168483762515627 -0.022631167860141438 0.039396231470874878 -0.044857756813858687 0.019243872269506732 0.055480499400123368 0.047077056509514117 0.019304123924441419 0.028127050735588466 -0.010196859092206537 0.024661510096618714 -0.016414901376188427 0.052404938933077905 -0.045483502623050252 0.063004088236049666 -0.00070012544288195042 -0.018371777679536128 0.066810151179183402 0.058651447803450545 0.036238728732642951 -0.056080065239010685 0.024808131563046797 -0.036866124361151262 -0.010532499626066883 0.033925937617506854 -0.027477339924974354 0.088504181480055955 -0.048619869633111483 0.032714011176111897 0.0067420282217473121 -0.040705630996505968 0.042382981190401743 0.013274931947602634 -0.059415059713881661 -0.0064856424926246067 0.057354846672311666 0.023405662823864699 -0.035052271764114233 0.040375200071972504 0.041733165415897111 0.045516019151132681 0.05843970898034289 -0.005012157986130493 0.01459062836511848 0.053590515170061928 -0.033514870904577498 -0.027379109608484949 0.038110041166540848 0.0010579809128347121 -0.054484915381377799 0.050052873692589421 0.027810400424598109 0.031938725834535137 -0.04417311125913842 -0.011241064823911883 0.010831067526533704 -0.014339015413320928 0.080070909604731733 -0.028645649125551814 0.055691889048272748 0.040194959484759429 -0.037955997532341607 -0.027717929209755146 -0.04485648652285245 0.029801254571869797 -0.0015266889004797281 0.05148025923368852 -0.022383212911980602 -0.0045458011740176236 0.032323110246890017 -0.004835167019604931 0.045860083932708365 0.069730457427316747 0.045181104292293453 -0.030489132815090438 0.0094694748988625489 0.026484715716937581 -0.054956668836529513 0.013219356568084284 0.067535693844598385 -0.031058734058030502 0.037346021611461465 -0.01092540355266553 0.032833388354181384 -0.0039415967141029603 0.069469557846266614 -0.054802818874378781 0.022082591520795697 0.0094440075136007148 -0.024420872620901229 -0.0016553441486781531 0.019617351551976997 0.0086074702390638805 -0.041680457357585493 0.0303931314704339 -0.06777419388276272 -0.0087927832151566115 -0.023231164629899357 -0.030169440067043914 0.013324642545347196 0.0038859808745402812 0.012410921675503651 0.059323163555230332 -0.011242457894748946 0.027325365456843484 0.06831986063345373 0.0028225161752730883 0.046414293263045955 0.000951114876667758 -0.017310995344979214 -0.031204881698515281 0.060274712997702255 -0.014528590887282596 -0.045973403648507029 0.033861316260844994 -0.034821161621145735 -0.025516185229301405 -0.0045688580945675702 -0.063471525740720222 0.01218431970978961 -0.014480296095780318
leaf_weight=103.56935659050941 284.93215362727642 128.73491495847702 189.92116121947765 186.40493968129158 586.69827006757259 25.548228114843369 671.92087206244469 126.39043043553829 19.437407582998276 689.23424217104912 12.44388562440872 15.651589408516882 123.01081621646881 114.64876042306423 1874.4686631113291 332.4215943813324 114.06371228396893 16.798536226153374 53.956843703985214 13.05569241940975 2112.8550638109446 373.1244940161705 18.082120582461357 16.948944628238678 129.14696377515793 29.593752905726433 92.981277346611023 27.855214148759842 98.590306386351585 68.069409474730492 13.034234672784807 14.743132740259169 31.56615161895752 58.38202103972435 807.56879651546478 170.28672201931477 65.351892665028572 119.09845905005932 12.630035549402235 1059.8310672342777 22.653186291456223 594.70243281126022 35.999095320701599 16.867436870932579 80.343368098139763 61.579073697328568 54.022154435515404 296.3745740801096 534.24326892197132 14.958042800426481 44.50073316693306 805.85186673700809 43.447904571890831 401.75743666291237 36.569186091423035 20.104086965322495 55.965388774871826 33.518781960010529 55.516071632504463 1616.5860129594803 912.23088373243809 2368.1554014533758 14.103726133704187 13.903817668557165 14.333333685994146 14.410613551735876 24.651744022965431 37.429431110620499 24.312581524252892 98.291536331176758 336.98261444270611 57.826751440763474 208.36185316741467 118.42332236468792 59.59942738711834 1029.1291836798191 25.12144635617733 17.470559656620026 46.19190177321434 38.588921114802361 862.92575834691525 34.586892291903496 16.005133420228958 1348.5750289410353 23.579894006252289 64.270480036735535 20.570876136422157 1448.9049768447876 50.860510170459747 47.065135329961777 31.97995100915432 14.863409310579298 291.80956672132015 709.11896015703678 325.44319544732571 4655.5232182741165 99.74505940079689 25.941909089684486 24.363735690712929 129.42454245686531 13.868071928620337 103.30876334011555 25.613703548908234 143.84691315889359 903.71978341042995 1278.4430781751871 15.525336876511572 41.841919109225273 15.881169542670248 26.612558618187904 32.843028753995895 4162.2107656300068 23.754236906766891 21.599809482693672 13.113222584128378 16.272652938961983 25.191253617405891 38.107643753290176 26.754138991236687 13.308963134884833 16.0841304063797 28.709287658333778 33.409970372915268 25.602184101939201 40.92154760658741 403.17909552156925
leaf_count=416 1344 598 777 842 2725 103 2840 516 79 2978 51 68 506 504 7600 1361 461 80 223 53 8508 1511 80 69 545 138 379 113 405 287 53 60 128 236 3259 753 281 486 51 4320 93 2458 147 69 341 264 240 1250 2187 62 191 3586 191 1638 162 82 226 137 238 6774 3734 9742 57 56 58 60 100 152 102 400 1400 276 875 487 248 4125 102 75 199 161 3654 146 69 5543 98 264 84 5960 206 191 156 65 1331 2852 1315 18707 400 105 98 527 56 418 107 621 3717 5158 68 170 64 108 134 16813 99 92 56 66 106 159 118 55 72 118 137 104 165 1653
internal_value=5.67997e-07 0.00227133 -0.00846471 -0.00140183 0.011776 0.00750663 -0.019393 0.000369277 -0.000237566 0.0191 3.91813e-05 -0.000927558 -0.0129654 -0.00307172 -0.000585779 0.000943829 0.0140018 -0.025098 -0.0143714 -0.0346105 -0.00513957 -0.00202452 -0.00118878 0.0153939 0.0165543 -0.0125377 0.00148082 0.0139131 0.0156877 0.00203795 -0.0149661 0.0340811 -0.00136393 0.00509282 0.0119674 -0.0308587 0.0118135 -0.00939436 0.0112197 -0.000705534 0.00391208 0.0148689 0.00591926 -0.0109866 0.0144865 0.0134381 0.0124633 0.0113176 0.0125754 -0.028599 -0.0300958 -0.0319853 0.00096144 0.000143336 -0.00651737 0.00570191 -0.00447981 -0.0146203 -0.0114644 -0.0103639 0.00966923 -0.0128328 -0.0181587 0.0261006 -0.00155577 -0.0154843 -0.0121472 0.00722391 0.00302591 0.00426905 0.00127489 0.00890205 -0.00834584 -0.0116951 0.00356035 -0.00115048 -0.00149975 0.00698716 0.0106718 0.00958304 0.011284 -0.0133176 0.0135761 0.0103389 0.0110363 -0.00859422 -0.0138939 -0.0103599 -0.010689 0.0292199 0.0308777 0.020553 0.0238485 -0.00167319 -0.00700108 -0.000188189 -0.00267459 0.0138236 0.0092776 0.0129336 0.00218132 0.00712375 0.02148 -0.0116203 0.0101252 0.00298367 -0.0443395 0.0192239 0.0399087 -0.00406684 0.0419687 0.003236 0.00396833 0.0420193 0.0387642 0.0173109 0.0166478 0.00467268 -0.000762619 -0.0194523 0.01911 0.00825315 0.0252648 -0.0212676 -0.0203322 -0.00672488
internal_weight=39003.4 30753.9 8249.56 22181.6 8572.26 5415.43 3610.16 19235.4 18410.5 3156.83 4639.4 17413.5 2946.16 3545.76 17170.7 12853.3 2606.22 242.8 2823.15 199.461 4317.4 7492.73 7038.22 2492.16 2392.75 99.4092 2809.21 824.901 797.045 2084.41 454.512 27.7774 7020.14 5360.58 1139.99 226.001 997.02 2204.55 670.655 2386.48 1326.64 2264.01 69.8155 52.8665 2168.33 2087.99 2026.41 1950.79 658.025 1232.62 1179.55 1106.31 2016.34 1972.89 897.471 1075.42 860.902 2377.54 1705.62 1650.1 931.668 2623.69 426.734 28.0075 73.2447 58.9113 2569.73 146.417 960.77 936.457 838.166 467.522 370.643 350.539 396.582 6988.57 6885 1261.55 965.177 947.707 909.118 2423.31 2134.87 1514.55 1498.54 149.97 2388.73 1461.35 2085.45 988.5 941.435 354.737 339.874 6859.88 1495.24 5364.64 1128.87 422.731 363.946 339.583 210.158 196.29 620.316 2018.32 1093.64 1303.99 300.457 108.987 57.7231 51.2643 58.7849 4220.59 142.178 75.622 70.94 67.1332 559.435 53.0657 55.7147 40.0631 307.894 85.6992 56.9899 398.727 366.365 804.937
internal_count=160737 126029 34708 90023 36006 22212 15517 77833 74455 13794 19191 70361 12190 14697 69287 51800 10821 1074 11684 895 17487 30131 28290 10360 9937 423 11391 3378 3265 8686 1841 113 28210 21669 4620 994 4094 8979 2749 9674 5354 9339 285 216 9254 8913 8649 8317 2698 5528 5307 4998 8399 8208 3679 4529 3517 9989 7149 6911 3813 10789 1728 113 309 251 10566 594 4025 3923 3523 1980 1543 1461 1648 28082 27666 5339 4089 4014 3853 9972 8794 6229 6160 617 9826 6011 8493 4540 4349 1624 1559 27564 6005 21559 4525 1717 1478 1380 853 797 2565 8221 4494 5261 1412 442 234 208 239 17049 586 332 332 272 2293 221 241 173 1403 353 235 1615 1480 3291
is_linear=0
shrinkage=0.05


Tree=25
num_leaves=127
num_cat=0
split_feature=13 151 151 13 151 13 151 13 13 151 13 205 16 205 70 205 151 153 151 215 201 152 201 202 15 13 60 60 62 65 63 60 244 61 217 217 76 152 58 203 106 75 61 64 62 213 203 202 75 64 192 62 208 203 201 202 77 215 215 215 37 203 15 203 60 65 64 208 60 175 203 16 205 65 65 17 201 15 203 64 202 48 205 217 63 63 75 61 78 223 63 63 153 198 62 22 65 63 63 201 153 151 208 203 43 60 61 203 62 175 203 15 198 63 160 201 64 61 152 60 60 198 198 17 61 201
split_gain=271.517 389.119 278.865 164.523 98.0706 76.9393 59.5692 75.1511 61.0445 58.9314 54.754 54.7512 39.9713 34.524 38.5788 33.0931 32.2605 46.3653 30.5567 42.1291 33.4579 41.7802 32.8348 31.5816 29.2632 44.59 32.7953 28.3781 35.4583 38.3906 34.6084 32.3044 28.0783 27.6418 27.5207 27.4786 26.7567 26.7564 48.8843 26.4757 26.1317 25.8461 26.6736 31.9714 26.9315 26.6743 25.6264 40.0489 25.4184 25.3283 25.2425 26.3374 37.7502 26.8811 24.7241 45.9502 30.2903 30.4171 27.6085 27.2141 26.1097 27.1255 30.8642 30.1465 26.7163 25.6182 25.1976 24.8133 24.7222 23.9136 23.6322 25.6061 24.2687 23.5994 37.6613 23.4895 25.1694 24.971 23.294 23.1582 30.8212 23.0956 22.9509 22.9369 22.9218 24.8851 22.8434 29.3134 29.66 26.462 26.1713 34.1153 30.1282 27.8427 24.0959 23.8991 22.7725 22.7136 24.652 24.5751 22.5726 23.9652 24.9632 32.016 22.2878 22.2427 22.2294 22.2244 32.1929 33.993 28.0876 23.5668 22.2069 22.0782 30.341 22.1449 26.6592 26.2865 25.4149 23.7479 33.2015 24.409 33.3675 22.5686 22.0548 21.9406
threshold=0.90000000596046459 0.70000001788139354 0.90000000596046459 0.70000001788139354 0.90000000596046459 0.70000001788139354 0.5000000149011613 0.30000000447034841 0.30000000447034841 0.70000001788139354 0.70000001788139354 0.63234999775886547 1.0000000180025095e-35 0.47765000164508825 1.0000000180025095e-35 0.69085001945495617 0.30000000447034841 0.5000000149011613 0.30000000447034841 1.0000000180025095e-35 0.38402061164379125 1.0000000180025095e-35 0.37371133267879492 0.58043476939201366 0.5000000149011613 0.30000000447034841 0.4450980424880982 0.40588235855102545 0.42391304671764379 0.55277779698371898 0.71391752362251293 0.19215686619281772 1.0000000180025095e-35 0.52105262875556957 -1.0000000180025095e-35 -1.0000000180025095e-35 0.58333334326744091 1.0000000180025095e-35 1.0000000180025095e-35 0.16388889402151111 1.0000000180025095e-35 0.41666667163372045 0.47105263173580175 0.32826086878776556 0.83478260040283214 0.25000000745058065 0.37500000000000006 0.48695652186870581 0.25000000745058065 0.37173913419246679 1.0000000180025095e-35 0.20217391103506091 1.0000000180025095e-35 0.45833332836627966 0.25257731229066854 0.49782608449459081 1.0000000180025095e-35 0.91666665673255932 -0.25000000745058054 -1.0000000180025095e-35 1.0000000180025095e-35 0.22777777910232547 1.0000000180025095e-35 0.40277777612209326 0.40588235855102545 0.39166666567325598 0.51304346323013317 1.0000000180025095e-35 0.32745099067687994 1.0000000180025095e-35 0.097222223877906813 1.0000000180025095e-35 0.64605000615119945 0.47499999403953558 0.61388888955116283 1.0000000180025095e-35 0.27061854302883154 0.5000000149011613 0.38333334028720861 0.41521738469600683 0.38913042843341833 1.0000000180025095e-35 0.15444999933242801 0.25000000745058065 0.51030924916267406 0.35824741423130041 1.0000000180025095e-35 0.45000000298023229 0.91666665673255932 1.0000000180025095e-35 0.56443297863006603 0.35824741423130041 1.0000000180025095e-35 0.59607845544815075 0.42826087772846227 1.0000000180025095e-35 0.55277779698371898 0.27061854302883154 0.4097938090562821 0.28092782199382788 0.5000000149011613 0.30000000447034841 1.0000000180025095e-35 0.51944443583488475 1.0000000180025095e-35 0.88235294818878185 0.73421052098274242 0.39722222089767462 0.35217390954494482 1.0000000180025095e-35 0.60277777910232555 1.0000000180025095e-35 0.4294117689132691 0.22938144207000735 1.0000000180025095e-35 0.67783504724502575 0.43260869383811956 0.33947369456291204 1.0000000180025095e-35 0.4607843160629273 0.54313728213310253 0.61764708161354076 0.48627451062202459 1.0000000180025095e-35 0.75000000000000011 0.48195876181125646
decision_type=2 2 2 2 2 2 2 2 2 2 2 2 2 2 2 2 2 2 2 2 2 2 2 2 2 2 2 2 2 2 2 2 2 2 2 2 2 2 2 2 2 2 2 2 2 2 2 2 2 2 2 2 2 2 2 2 2 2 2 2 2 2 2 2 2 2 2 2 2 2 2 2 2 2 2 2 2 2 2 2 2 2 2 2 2 2 2 2 2 2 2 2 2 2 2 2 2 2 2 2 2 2 2 2 2 2 2 2 2 2 2 2 2 2 2 2 2 2 2 2 2 2 2 2 2 2
left_child=1 3 9 6 5 12 7 13 -8 100 -6 37 24 -1 41 -10 17 -5 19 20 22 35 -9 -23 25 -3 96 28 30 31 36 -30 48 -31 49 -22 83 40 -39 -29 68 42 43 -15 45 75 81 78 54 -20 51 53 -53 -37 55 73 57 59 -58 112 61 62 64 67 -61 -62 79 -63 -4 97 -12 72 -72 -13 -75 76 124 -78 -48 80 -60 125 -27 -7 85 -73 87 88 89 90 91 93 -93 94 -11 -89 -26 -41 106 -100 101 -2 -103 -104 -80 -65 -99 108 -70 111 -109 -110 -56 114 -36 116 119 -118 123 121 -121 122 -115 -117 -44 -18
right_child=2 4 11 16 10 27 8 18 15 86 70 32 -14 14 -16 -17 46 -19 34 -21 21 23 -24 -25 26 82 -28 39 29 33 -32 -33 -34 -35 113 50 -38 38 -40 69 -42 -43 44 -45 -46 -47 47 -49 -50 -51 -52 52 -54 -55 56 -57 58 -59 66 60 65 63 -64 105 -66 -67 -68 -69 107 -71 71 84 -74 74 -76 -77 77 -79 104 -81 -82 -83 -84 -85 -86 -87 -88 95 -90 -91 -92 92 -94 -95 -96 -97 -98 98 99 -101 -102 102 103 -105 -106 -107 -108 110 109 -111 -112 -113 -114 115 -116 118 117 -119 -120 120 -122 -123 -124 -125 -126 -127
leaf_value=0.010446317577688663 -0.053847461946980105 0.044661780601149823 0.0090978202485387134 -0.037463067764093146 0.028074524979963683 0.0055966438491539868 0.020940722490128683 -0.011234468606450138 0.0092363356257316228 -0.014571222417518064 -0.042770836473891037 0.027550404835754102 -0.015604241906654576 0.012579706527553192 -0.021501541611032612 -0.00027633579886780064 -0.02440263365929192 0.059919358896617148 0.0026986082874508378 -0.024110128788171065 0.043711003420355145 0.032848067229520828 -0.049121400956876005 -0.04736602187559142 0.018748466782643747 0.034718360025204432 -0.064650634209589622 -0.065330199582853701 0.060975319640235809 0.014285363609147426 -0.044385069866387877 -0.0078629458910996815 -0.063173899752894586 -0.051279270929413603 -0.026149809787448471 -0.080152536043787359 -0.066593315503916103 0.02319798807427861 -0.080339429703148696 -0.010080669361104237 0.072255097459127157 0.028863802026408526 0.0077276559869283142 0.00128875499642204 0.063677434642716982 -0.022507456810813328 0.045862112841974889 0.010354042219338718 0.020848284822847181 0.04751015244294967 0.035257048192525849 -0.0075092488049566938 0.034219373163213766 0.003127392279255375 0.0065276398083523261 -0.06722881967685633 -0.058543077531411469 -0.063663799297649301 0.039488447296442672 0.03002654762110471 0.038797550784200635 -0.017262669118655066 -0.057105187701465325 -0.0081030393567246266 -0.02049175726637547 -0.0096023187000359011 -0.023758316623512455 -0.047445218960122285 -0.029833281808270957 -0.030328737486130831 0.022341498311621411 -0.031176512543934023 0.011160774488908622 -0.022822240801983997 0.042219240162507242 -0.031042488099454243 -0.0026966392880099395 0.059614496728000892 -0.010519564345900683 0.046009039430960907 -0.019860703222220881 0.018868881150145754 0.012926623533543275 -0.031187074983799475 -0.043387745548703005 0.03064054073136372 0.0054016828338805901 -0.023080826867572828 0.058657678462815943 0.051272802444904425 0.0010246420640585242 -0.026495610543498461 0.031233923243848379 0.073340204316257887 0.023077471225204135 0.00078726807703264278 -0.046052101645648102 0.040291329448553202 0.050823641135600339 0.0042565951538258177 0.0044338391943628081 -0.02881765796738105 -0.019984061388033918 0.054955253728989684 -0.066756686512099525 0.050597304505859322 -0.027864948708362938 0.01125822537556887 0.013851174282952426 -0.076166709125449372 -0.015296978583538779 -0.04989178124215831 0.081140092879799647 -0.0012030897639346472 0.034971533245002469 0.012633127177982473 0.0094322986082784593 -0.013627754040439068 0.061961242122933108 0.034248177729846528 -0.0083929996566588505 0.03744926252791738 -0.032235289860536163 -0.054430461417254938 0.053144901344555122 -0.0088367454605068011
leaf_weight=1075.9979964792728 88.958131492137909 126.55584533512592 855.6823942065239 194.67015984654427 977.76470163464546 1545.4656953513622 553.40623041987419 929.64593005180359 1442.3252251446247 159.9641140550375 18.295558363199234 146.76691636443138 113.99181368947029 871.77789661288261 188.37097164988518 2497.1974314302206 622.76858195662498 13.041685923933981 81.070038110017776 399.4164337515831 28.988980814814568 122.29320101439953 60.935212180018425 13.639370143413542 58.604443594813347 128.0896592438221 22.747560307383537 10.884020447731016 17.623200938105583 19.864079236984253 37.835208773612976 517.49870045483112 20.389033168554306 84.289596945047379 177.8997497856617 24.023805469274521 13.31262384355068 311.69061706960201 11.833063587546347 70.806137070059776 13.793326973915098 84.844578206539154 381.38829398155212 2232.5728070139885 15.578982338309286 154.64574937522411 18.095811650156975 273.96397276222706 96.971298396587372 51.605517357587814 36.75381426513195 1079.2391248941422 57.064764320850372 16.239579424262047 32.279788509011269 18.424025028944016 13.194143176078795 24.972131595015526 40.53183151781559 103.00592647492886 54.909628987312317 540.64203996956348 15.552823871374128 1057.7232859432697 35.085073605179787 54.452732771635056 32.622664079070091 77.907209068536758 153.42002981901169 29.39751110970974 796.13197433948517 26.598245188593864 1243.2663528472185 74.496495544910431 31.73842690885067 64.916147947311401 2818.9453509747982 16.170694872736931 1399.2988080978394 69.854206681251526 47.526347264647484 42.588624596595764 2130.2385757565498 43.575237780809402 34.332860291004181 41.968321174383163 143.55163103342056 1042.9623100459576 15.86467285454273 17.207624301314354 306.04712204635143 474.81761907041073 23.72993429005146 12.104980751872061 57.876103788614273 116.60391817986965 17.638491362333298 158.06282211840153 32.658912494778633 213.84530454874039 53.083115100860596 1010.3615410774946 47.472764417529106 20.367067560553551 17.842849671840668 16.387904271483421 12.943056821823118 350.53298451006413 148.25397372245789 13.06918905675411 139.08672815561295 16.072240695357323 14.430769339203833 2214.9450596272945 22.920009508728981 160.96461525559425 145.54431821405888 818.94967576861382 24.322654560208321 110.89444379508495 77.589983239769936 39.046240121126175 90.149584174156189 13.605355232954023 28.744798630475998 355.67112769186497
leaf_count=4355 444 598 3506 888 4540 6230 2347 3797 5831 670 75 636 461 3519 764 10072 2595 53 328 1694 118 494 258 56 240 545 111 44 77 80 153 2087 93 342 718 98 79 1306 48 290 64 370 1532 8995 63 630 73 1137 414 208 148 4371 233 66 131 83 79 137 167 419 228 2213 65 4325 145 220 136 336 624 119 3460 110 5283 304 136 261 11334 65 5730 327 195 175 8794 177 141 185 587 4429 67 71 1275 2009 99 53 236 493 72 665 133 863 221 4556 218 89 74 70 52 1433 607 53 567 65 59 8920 93 647 587 3309 98 449 313 157 364 55 116 1465
internal_value=7.09794e-07 0.00216169 -0.00806772 -0.0013331 0.0112266 0.00714517 0.000350994 -0.00118606 0.0053908 -0.0185259 0.0182571 3.77637e-05 0.0133468 0.00211953 0.000813072 0.00320641 -0.0123531 -0.0313487 -0.00504416 -0.00908866 -0.00655583 -0.0015181 -0.0135651 0.0247994 0.0146754 0.0157811 -0.0119627 0.00140778 -0.00101271 -0.0110016 0.00288051 -0.00559589 -0.00472711 -0.0387749 -0.00226563 -0.00439775 0.00399656 0.00623777 0.019411 0.0118456 0.00371583 0.00144331 0.00109 0.00445953 -0.00191548 -0.0022104 -0.0109079 -0.00716393 -0.00426868 0.0201285 -0.00554718 -0.00682182 -0.00541365 -0.0465629 -0.00524195 0.00900672 -0.0069754 -0.00882223 0.0114027 -0.00813829 -0.00903914 -0.0104452 0.00967049 -0.0122711 0.0171913 0.0146987 0.0162463 -0.0210642 0.00315179 0.0134681 0.0138143 0.0142976 0.0155255 0.0145583 -0.00339064 -0.00126216 -0.000666449 -0.00234123 -0.0105078 0.0245108 0.0074568 -0.0171754 0.0141626 0.00458795 -0.0100383 0.00666056 -0.0139306 -0.0151766 -0.00919847 -0.010222 -0.0112449 -0.0163994 -0.0237478 -0.000467315 -0.00456866 -0.0206807 0.00375712 0.0161048 0.0205456 0.0104262 -0.027454 -0.0289042 -0.0268463 0.00251443 -0.0112276 -0.00720744 0.0351327 -0.00304968 -0.0130612 0.00144413 0.00371466 0.00761667 0.0295784 -0.00302808 -0.0191739 -0.00215081 -0.0030738 -0.0101479 0.014078 -0.000379765 0.0166949 -0.00175268 -0.00241672 0.00740643 0.0109108 -0.0187443
internal_weight=38931.1 30706.9 8224.27 22162.6 8544.29 5405.93 19224.6 14731.7 4492.93 3590.97 3138.36 4633.3 2597.87 7933.95 6857.96 3939.52 2937.94 207.712 6797.75 2768.24 2368.82 1378.24 990.581 135.933 2483.87 2384.88 98.9905 2808.06 2279.46 639.276 1640.19 535.122 2619.86 104.154 4029.51 1242.31 1602.35 2013.43 323.524 528.598 1689.91 6669.59 6584.74 3104.35 3480.39 3464.81 2730.23 1709.2 2599.48 132.676 1213.32 1176.57 1136.3 40.2634 2502.5 271.426 2231.08 2027.35 203.729 2002.38 1955.67 1846.3 153.644 1692.66 138.091 109.362 190.535 618.549 1676.12 517.714 2160.59 2142.3 2039.4 253.002 106.235 3310.17 3245.25 2835.12 1435.24 157.912 88.0582 1021.03 2258.33 1589.04 102.899 68.5666 2370.73 2227.18 1067.61 1051.75 1034.54 728.493 498.548 229.945 217.84 1159.57 76.2429 488.316 417.51 246.504 1220.24 1167.16 1078.2 67.8398 1417.14 1074.11 171.006 820.435 330.815 177.395 489.62 164.326 46.7106 3896.83 200.82 3696.01 3497.12 964.494 198.893 2532.63 188.484 2344.14 2305.09 174.57 410.133 978.44
internal_count=160737 126029 34708 90023 36006 22212 77833 59583 18250 15517 13794 19191 10821 32004 27649 15903 12190 941 27579 11333 9639 5584 4055 550 10360 9937 423 11391 9225 2586 6639 2164 10918 422 16246 5034 6486 8273 1354 2166 6919 26885 26515 12514 14001 13938 11249 7014 10825 536 4916 4768 4604 164 10411 1159 9252 8348 904 8211 8021 7573 629 6944 564 448 825 2549 6855 2122 9254 9179 8743 1076 440 13308 13047 11399 5877 689 362 4235 9339 6407 436 295 9989 9402 4480 4413 4342 3067 2108 959 906 4922 312 2003 1713 996 5528 5307 4863 307 5804 4395 717 3349 1349 725 2000 672 190 15710 811 14899 14099 3896 800 10203 762 9441 9284 702 1648 4060
is_linear=0
shrinkage=0.05


Tree=26
num_leaves=127
num_cat=0
split_feature=13 151 151 13 151 13 151 151 151 13 67 13 219 14 16 13 75 205 216 76 61 213 207 202 201 14 217 78 61 239 15 13 65 77 198 148 161 201 201 31 77 64 62 205 203 215 77 215 78 75 26 202 198 163 217 205 61 202 205 16 61 65 200 67 77 31 61 61 75 67 208 148 177 50 24 65 203 177 201 208 200 184 202 25 61 64 201 213 198 62 62 61 15 203 65 200 200 200 203 39 36 213 65 203 201 67 16 201 101 155 205 223 203 202 208 198 202 201 62 65 61 17 62 64 202 15
split_gain=245.934 352.486 253.576 154.224 89.5709 69.7823 69.19 62.9939 54.5349 50.693 49.8125 47.4403 42.0344 40.1733 36.1872 35.6162 34.5749 36.4655 30.4668 29.1369 52.5122 30.6321 32.8199 29.347 29.0489 27.5473 27.3367 26.8182 26.7151 26.5309 26.5009 41.603 26.4145 33.8847 28.2996 26.1521 25.4969 25.0697 25.6235 24.9745 26.332 26.978 34.7503 25.1146 27.0128 24.9413 33.8102 24.8696 24.5353 29.6194 25.5897 24.2012 27.9988 23.9212 24.403 23.8677 25.6829 23.7861 24.8671 23.5788 23.3879 30.8028 23.3741 23.3352 28.4773 22.9665 23.3668 37.0729 29.9169 30.028 33.5559 23.8889 23.844 25.9284 23.2772 22.8068 23.9935 24.1048 24.2553 37.5899 31.8057 25.4268 25.0499 23.929 24.999 28.8874 22.7565 22.7174 22.4185 22.3647 26.4798 22.6682 31.1725 31.7342 23.1871 22.531 22.2791 22.1366 23.9538 32.4517 21.9139 21.8887 21.8158 21.4909 21.6044 21.3973 21.3766 24.324 21.1895 21.164 21.0722 21.0064 21.638 24.8315 20.9601 27.6798 22.0443 21.6035 24.1802 23.7503 22.686 29.637 29.5719 31.029 25.0464 21.7669
threshold=0.90000000596046459 0.70000001788139354 0.90000000596046459 0.5000000149011613 0.90000000596046459 0.70000001788139354 0.5000000149011613 0.30000000447034841 0.70000001788139354 0.70000001788139354 0.60025000572204601 0.70000001788139354 1.0000000180025095e-35 1.0000000180025095e-35 1.0000000180025095e-35 1.0000000180025095e-35 1.0000000180025095e-35 0.87804999947547924 1.0000000180025095e-35 0.41666667163372045 0.26842105388641363 0.58333334326744091 1.0000000180025095e-35 0.29347826540470129 0.64690721035003673 1.0000000180025095e-35 1.0000000180025095e-35 1.0000000180025095e-35 0.3605263233184815 1.0000000180025095e-35 0.5000000149011613 0.30000000447034841 0.27222223579883581 1.0000000180025095e-35 0.4607843160629273 0.87500000000000011 1.0000000180025095e-35 0.36855669319629675 0.54381442070007335 1.0000000180025095e-35 0.25000000745058065 0.55869564414024364 0.21956521272659305 0.40565000474452978 0.28055556118488317 0.41666667163372045 0.41666667163372045 0.41666667163372045 -1.0000000180025095e-35 1.0000000180025095e-35 1.0000000180025095e-35 0.28478260338306433 0.27254903316497808 1.0000000180025095e-35 1.0000000180025095e-35 0.83394998311996471 0.60789474844932567 0.39347825944423681 0.30605000257492071 0.75000000000000011 0.57105264067649852 0.39722222089767462 0.34565217792987829 0.51045000553131115 0.25000000745058065 1.0000000180025095e-35 0.36578947305679327 0.31052631139755255 1.0000000180025095e-35 0.65834999084472667 1.0000000180025095e-35 0.62500000000000011 1.0000000180025095e-35 1.0000000180025095e-35 1.0000000180025095e-35 0.70277777314186107 0.097222223877906813 1.0000000180025095e-35 0.31443297863006597 1.0000000180025095e-35 0.38913042843341833 1.0000000180025095e-35 0.36739130318164831 1.0000000180025095e-35 0.25000000000000006 0.23695652186870578 0.53350514173507702 -1.0000000180025095e-35 0.21764706075191501 0.25652173161506658 0.27173914015293127 0.43947368860244757 1.0000000180025095e-35 0.60277777910232555 0.36388888955116278 0.36739130318164831 0.52391305565834057 0.36739130318164831 0.21388889104127887 1.0000000180025095e-35 1.0000000180025095e-35 -1.0000000180025095e-35 0.33055555820465093 0.62500000000000011 0.35824741423130041 0.083650000393390669 1.0000000180025095e-35 0.30154637992382055 1.0000000180025095e-35 1.0000000180025095e-35 0.15444999933242801 1.0000000180025095e-35 0.37500000000000006 0.48695652186870581 1.0000000180025095e-35 0.23725490272045138 0.53913041949272167 0.24484536051750186 0.30217391252517706 0.70277777314186107 0.41315789520740515 1.0000000180025095e-35 0.39347825944423681 0.51304346323013317 0.58043476939201366 1.0000000180025095e-35
decision_type=2 2 2 2 2 2 2 2 2 2 2 2 2 2 2 2 2 2 2 2 2 2 2 2 2 2 2 2 2 2 2 2 2 2 2 2 2 2 2 2 2 2 2 2 2 2 2 2 2 2 2 2 2 2 2 2 2 2 2 2 2 2 2 2 2 2 2 2 2 2 2 2 2 2 2 2 2 2 2 2 2 2 2 2 2 2 2 2 2 2 2 2 2 2 2 2 2 2 2 2 2 2 2 2 2 2 2 2 2 2 2 2 2 2 2 2 2 2 2 2 2 2 2 2 2 2
left_child=1 3 8 6 5 14 19 26 97 100 12 29 13 18 30 -8 17 32 36 21 -21 22 45 62 -24 55 47 -19 -23 48 31 -3 34 -34 -12 57 39 96 -39 40 41 42 -4 -44 87 46 59 -5 -9 108 88 -32 -53 54 -47 56 -7 58 -17 114 -27 -62 -22 -13 111 66 67 72 69 -68 -71 74 73 109 -69 76 -11 78 79 82 -81 83 -78 84 -80 -86 101 -45 -51 -88 -91 92 93 94 -92 -96 -15 -2 -99 -100 106 -87 -85 104 -16 -57 -6 -108 -50 -10 -33 112 -65 -114 117 -116 -117 118 -1 125 -119 122 123 -122 -123 -120
right_child=2 4 10 7 9 25 15 11 65 75 16 63 -14 37 103 35 -18 27 -20 20 23 28 24 -25 -26 60 -28 -29 -30 -31 51 110 33 -35 -36 -37 -38 38 -40 -41 -42 -43 43 44 -46 53 -48 -49 49 50 -52 52 -54 -55 -56 105 -58 -59 -60 -61 61 -63 -64 64 -66 -67 68 71 -70 70 -72 -73 -74 -75 -76 -77 77 -79 81 80 -82 -83 -84 102 85 86 89 -89 -90 90 91 -93 -94 -95 95 -97 -98 98 99 -101 -102 -103 -104 -105 -106 -107 107 -109 -110 -111 -112 -113 113 -115 115 116 -118 120 119 -121 121 124 -124 -125 -126 -127
leaf_value=-0.0074198318144101799 -0.033263977401832782 0.043190979017507181 -0.044927059772216005 -0.013219330568665269 0.030388985775198687 0.011346588287284437 0.043519521794105794 -0.035706269987952621 -0.011852390452851136 -0.046062099986807242 -0.015729488043278544 -0.01853017776225873 -0.074916360520116229 0.0092674660969554509 0.01305792222845583 0.024747454445281564 0.031895128078979554 -0.0076890687162398681 -0.026229936788128579 -0.076972936681483403 0.042462043948468642 0.030567976275789527 0.020829951947040438 0.047099368372488223 -0.047175736074534305 -0.018140507802912469 -0.039471286895455676 0.025767664280191557 -0.037332055877081036 0.049241739595850327 -0.045308182735386393 0.033269634337524077 0.0079709938558060606 0.038561035437986085 0.032782475216644423 0.027485272221526372 0.028392813398820046 -0.043213459543610395 -0.0027750359588386356 0.055144229948633133 0.026513131494564753 0.021796256286792912 0.0079211538968237995 0.065453069246204199 -0.013092952139562609 -0.01542394877720854 0.025031405739310394 -0.049472495207635928 -0.0024884445988294576 -0.04996712402654551 0.067295929795365417 0.071892437647735355 -0.010047682717607746 0.039963016432046305 -0.068664094216049174 -0.044061442378586224 -0.0060163599205758011 0.015154981893285078 0.00079657290527700587 0.035202306425416878 0.038343227970517785 -0.010728898276014255 -0.04830574968987511 -0.01600000606469033 0.026744111072910328 0.031460390228443651 -0.026125167536663163 0.0026087452779354663 0.0058725435772226725 -0.01531333195156458 0.018751034154403948 0.028545010413665684 -0.074193995070387445 -0.058115916281278261 -0.066967552112803613 0.039487927247184564 0.017907834968431034 -0.011690255224620576 0.06349315033097834 -0.069478194535038326 0.025586167594843074 -0.020794879109438818 -0.0074545197065364367 -0.056095501629089155 -0.014905441346743327 -0.019836997099912726 0.072278073512358695 0.0030846921509900846 0.015026577202524505 -0.028607070682670478 -0.016156154232082921 0.022810066184114255 -0.071749022688150588 -0.044986714899649054 -0.0096694840496383879 0.047060540549682658 -0.043381630199028881 -0.04978509522192695 -0.018823386065405959 0.046143961449194359 -0.013616615971791155 0.026653965453361225 0.0058190798774612734 0.038121278494765376 -0.038793572780596967 -0.00099754442151019931 0.05342232828317809 -0.017503352318084694 -0.050184887469383002 0.055857803030511605 0.012304303429708936 0.042913103696837547 -0.0084372529583551844 0.010339639655802764 -0.022437596656893984 0.019725950184180486 -0.01716159630750998 0.0022123119407778001 0.011298880181569274 0.065896786751899042 0.001399810462239977 -0.017603245041879077 -0.0063632881655528014 -0.01973684520795782 -0.089744102912147863 -0.043164754249698296
leaf_weight=228.21032786369324 590.50817808508873 124.37824010848999 54.725479453802109 751.88290397822857 871.85003407299519 1068.294863730669 77.239463180303574 53.905938521027565 158.18064269423485 17.542865812778473 194.54540576040745 664.54784250259399 21.893004477024078 87.125579088926315 28.305922895669937 120.14538052678108 110.2625018209219 787.53859339654446 120.87830895185471 11.834946796298025 12.177417248487474 17.252552568912506 274.38876433670521 92.743127882480621 16.656059667468071 296.90551556646824 139.63398852944374 64.826987847685814 90.346293330192566 25.222409754991531 34.338031306862831 127.011804074049 1377.1176837831736 96.898022204637527 35.556806266307831 173.47759406268597 74.430375203490257 145.64807143807411 53.585690900683403 19.114002019166946 74.595109909772873 94.100048407912254 315.03392705321312 16.008595675230026 687.25903308391571 163.67337553203106 135.99485225975513 50.482189610600471 3801.1626907885075 14.288011431694029 21.916277974843979 13.106240004301069 50.964182510972023 16.728408843278885 24.781889736652374 29.697484463453293 266.01183700561523 620.81928220391273 1106.0661996304989 47.242905423045158 49.536943092942238 90.220950976014137 16.986320644617081 744.60961040854454 58.128289058804512 28.336283028125763 703.40628479421139 156.80396042764187 139.63573952019215 929.74291190505028 78.390433177351952 95.379150360822678 18.147389262914658 28.913301214575768 13.019300654530523 79.292538732290268 258.23732735216618 96.836625456809998 31.681124284863472 29.607022985816002 12.51881070435047 43.374068826436996 156.27231408655643 18.542972654104233 61.543937653303146 26.151131123304367 14.584237247705458 166.00528484582901 185.84242422878742 41.666226759552956 38.441547304391861 246.34077639877796 14.290483251214026 25.709165617823601 24.635929718613625 60.443713635206223 26.116776764392853 59.861435353755951 538.2958716750145 19.933306246995926 32.188585996627808 794.30064256489277 61.131244301795959 16.400080725550652 69.203675240278244 1005.0535688698292 16.182839289307594 47.777704373002052 23.429158762097359 12.448875606060026 2126.1872514486313 19.479221388697624 1025.8080407381058 212.55816708505154 55.647888049483299 337.42039392888546 46.026835918426514 3142.8441413938999 655.21070310473442 19.393099814653397 3731.087448105216 172.57184843719006 2731.202656686306 182.10896220803261 12.933253377676008 18.873666629195213
leaf_count=918 2721 598 224 3181 4117 4328 346 219 661 72 820 2746 96 356 115 492 478 3290 522 52 53 72 1111 406 67 1199 635 296 388 102 160 545 5654 450 146 753 303 602 219 79 316 390 1288 68 2807 683 573 248 15327 59 89 54 209 68 104 120 1071 2528 4483 191 199 365 71 3095 240 115 3014 650 571 3941 330 394 83 124 55 341 1109 404 140 132 54 180 653 78 261 111 63 679 753 177 165 1058 60 108 105 266 108 277 2441 89 150 3457 260 66 280 4109 71 202 95 51 8794 80 4205 883 225 1382 187 12649 2636 78 15005 694 10991 732 52 76
internal_value=5.34266e-07 0.00205693 -0.0076942 -0.00126769 0.0107015 0.0068016 0.00180699 -0.0069303 -0.0177022 0.0174434 3.59881e-05 -0.00526335 -0.00602319 -0.00524356 0.01272 0.0101978 0.00448144 0.00329907 -0.00208126 0.000370625 0.0235806 0.00011452 0.000352409 0.0333425 0.0169381 0.00133848 -0.0190535 -0.0051445 -0.0264449 -0.00188184 0.0139877 0.0150401 0.00752238 0.0099819 -0.00823312 0.00892396 -0.000136879 -0.0216599 -0.0323372 -0.00162511 -0.00239592 -0.00401352 -0.00597368 -0.00417369 -0.00855699 -5.93974e-05 0.00024845 -0.0155003 -0.0021963 -0.00174991 0.0160035 -0.0114383 0.00671398 -0.0173386 -0.022425 0.0034655 0.00788505 0.00718064 0.0031433 -4.76943e-05 -0.0102014 0.00666463 -0.0104054 -0.0103829 -0.00775532 -0.0132827 -0.0138259 -0.00403074 -0.016381 -0.0181966 -0.0126646 0.008521 -0.019322 -0.0143316 -0.00272524 0.0131708 0.0121646 0.0126613 0.0138648 0.00377282 -0.0412273 0.0169312 0.00834609 0.0180524 0.0195909 0.0185591 0.0201599 0.00857015 0.0103864 0.0113375 0.00936915 0.0132298 -0.00120272 0.00555288 0.016072 0.0306336 -0.00287485 -0.0263409 -0.0197268 -0.0165035 0.0269469 0.0251721 -0.00859061 -0.014835 -0.0237417 -0.00223348 0.0283422 0.000441756 -0.00278063 -0.00691236 0.0134861 -0.00875679 -0.00926435 -0.00521431 -0.000194631 0.0105158 0.0152982 -0.00062631 0.00669764 0.0113434 -0.00130319 -0.00292089 -0.00237055 0.000416171 -0.0226328 0.00977395
internal_weight=38856 30661.7 8194.27 22145 8516.76 5395.62 14352.1 7792.9 3571 3121.14 4623.27 6850.9 1956.52 1934.63 2589.9 2097.75 2666.75 2556.48 1622.15 12254.3 133.742 12120.6 12013 121.907 291.045 2805.72 941.999 852.366 107.599 4125.77 2475.99 2377.58 1704.12 1474.02 230.102 2020.51 1501.27 312.476 199.234 1426.84 1407.73 1333.13 1239.03 1184.31 869.273 11722 11516.8 802.365 4100.54 4046.64 222.047 98.4085 64.0704 205.184 188.455 2369.06 1334.31 1847.03 1226.21 11380.8 436.663 139.758 29.1637 2725.13 2060.58 2362.4 2334.07 482.893 1851.18 1711.54 1008.13 265.202 217.69 199.543 169.823 2153.14 2073.85 2056.31 1959.47 456.635 42.1258 1502.84 414.51 1459.46 1379.79 1348.11 1286.56 182.014 200.13 466.112 451.528 409.862 163.521 149.23 123.521 85.0796 113.242 1208.6 618.091 558.229 967.999 820.452 79.6742 113.91 97.5096 1034.75 935.811 63.9605 3824.59 170.63 2253.2 2002.46 1982.98 1238.37 11333.5 439.095 383.447 10894.4 921.688 693.477 9972.75 6829.9 6644.4 3913.2 185.505 674.084
internal_count=160737 126029 34708 90023 36006 22212 58066 31957 15517 13794 19191 27893 8057 7961 10821 8602 11134 10656 6676 49464 582 48882 48422 530 1178 11391 4064 3586 460 16644 10360 9937 7070 6104 966 8256 6154 1285 821 5851 5772 5456 5066 4842 3554 47244 46389 3429 16542 16323 901 423 263 855 787 9628 5399 7503 4975 45816 1763 564 124 11249 8503 9989 9874 2018 7856 7285 4271 1099 919 836 705 9254 8913 8841 8437 1948 186 6489 1762 6309 5971 5831 5570 747 812 2002 1939 1762 704 644 536 371 464 5528 2807 2530 4540 3568 338 461 395 4229 4390 273 15422 712 9339 8263 8183 5088 45625 1794 1569 43831 3708 2790 40123 27474 26728 15737 746 2712
is_linear=0
shrinkage=0.05


Tree=27
num_leaves=127
num_cat=0
split_feature=13 151 151 13 151 151 13 151 151 205 13 208 13 64 208 213 13 205 199 75 155 16 79 67 62 201 13 200 244 152 148 200 79 76 199 199 217 67 69 250 85 154 210 15 13 202 60 215 32 205 37 215 75 154 15 75 67 200 199 205 62 199 152 199 188 39 199 78 75 79 174 175 217 195 81 152 200 201 200 62 15 151 60 154 62 162 199 67 201 201 60 75 15 62 13 39 78 76 70 62 64 202 152 35 152 67 60 199 160 60 60 60 200 62 50 160 75 199 75 79 200 205 60 286 200 202
split_gain=222.688 319.378 230.628 139.398 82.048 64.7523 63.3089 57.3863 50.3778 46.9999 46.8759 43.1881 42.5344 38.6551 36.3637 38.2462 36.2312 40.7603 33.3513 37.0412 34.8529 32.7647 30.467 29.5892 29.165 28.9053 28.0987 30.9211 28.031 26.9522 26.8455 26.482 26.1768 26.0844 30.9536 25.5035 25.3231 25.2632 24.8678 25.8073 28.9214 24.4918 24.3529 30.8023 37.3791 26.5304 26.6505 23.9012 23.4508 23.3663 23.2227 23.1092 23.0925 22.8568 24.5792 23.7904 27.6912 24.2091 26.9214 23.7303 23.5678 22.7425 23.5263 23.2709 26.8777 29.7342 22.6603 22.4171 26.4223 24.51 22.2809 22.0567 22.0227 30.981 21.9704 21.9248 23.0016 23.1841 22.8977 21.509 21.4913 24.5202 21.3781 21.332 21.3015 21.2473 21.2085 21.1767 20.9306 37.572 38.1672 20.6783 20.6651 22.8617 32.7733 28.1439 20.6105 20.4352 21.4911 20.2563 29.9649 20.199 19.8877 19.8593 23.2335 21.3581 19.8275 19.7911 26.2274 19.7163 41.4509 26.3203 23.3975 24.0634 19.8523 25.8282 20.8021 20.666 19.5989 22.7865 20.0051 19.4979 22.2249 23.9787 24.8309 25.2172
threshold=0.90000000596046459 0.70000001788139354 0.90000000596046459 0.5000000149011613 0.90000000596046459 0.30000000447034841 0.70000001788139354 0.30000000447034841 0.70000001788139354 0.63234999775886547 0.70000001788139354 1.0000000180025095e-35 0.70000001788139354 0.36739130318164831 1.0000000180025095e-35 0.41666667163372045 0.30000000447034841 0.55234998464584362 0.47105263173580175 0.25000000745058065 1.0000000180025095e-35 1.0000000180025095e-35 1.0000000180025095e-35 0.35025000572204595 0.38478259742259985 0.23711340129375461 1.0000000180025095e-35 0.83478260040283214 1.0000000180025095e-35 1.0000000180025095e-35 0.87500000000000011 0.48695652186870581 -1.0000000180025095e-35 0.25000000745058065 0.41315789520740515 0.55526316165924083 1.0000000180025095e-35 0.26794999837875372 1.0000000180025095e-35 1.0000000180025095e-35 1.0000000180025095e-35 1.0000000180025095e-35 1.0000000180025095e-35 0.5000000149011613 0.30000000447034841 0.53043478727340709 0.28823530673980718 0.58333334326744091 1.0000000180025095e-35 0.044350000098347671 1.0000000180025095e-35 0.41666667163372045 1.0000000180025095e-35 1.0000000180025095e-35 0.5000000149011613 1.0000000180025095e-35 0.47785000503063207 0.34130434691905981 0.62894734740257274 0.012550000101327898 0.28913043439388281 0.36578947305679327 1.0000000180025095e-35 0.31052631139755255 1.0000000180025095e-35 1.0000000180025095e-35 0.76842105388641369 -1.0000000180025095e-35 1.0000000180025095e-35 0.25000000745058065 1.0000000180025095e-35 1.0000000180025095e-35 1.0000000180025095e-35 1.0000000180025095e-35 1.0000000180025095e-35 1.0000000180025095e-35 0.40652173757553106 0.52577319741249096 0.33695651590824133 0.30217391252517706 1.0000000180025095e-35 0.5000000149011613 0.40980392694473272 1.0000000180025095e-35 0.32391305267810827 1.0000000180025095e-35 0.44473683834075933 0.022850000299513343 0.37886597216129309 0.28092782199382788 0.52941179275512706 1.0000000180025095e-35 0.5000000149011613 0.39347825944423681 0.30000000447034841 1.0000000180025095e-35 0.25000000745058065 -1.0000000180025095e-35 1.0000000180025095e-35 0.38913042843341833 0.37608696520328527 0.4086956530809403 1.0000000180025095e-35 1.0000000180025095e-35 1.0000000180025095e-35 0.40674999356269842 0.48627451062202459 0.35526315867900854 1.0000000180025095e-35 0.61764708161354076 0.48039215803146368 0.4450980424880982 0.55652174353599559 0.34565217792987829 1.0000000180025095e-35 1.0000000180025095e-35 -1.0000000180025095e-35 0.45526316761970526 -1.0000000180025095e-35 1.0000000180025095e-35 0.34130434691905981 0.42325000464916235 0.4607843160629273 0.37500000000000006 0.42391304671764379 0.55434781312942516
decision_type=2 2 2 2 2 2 2 2 2 2 2 2 2 2 2 2 2 2 2 2 2 2 2 2 2 2 2 2 2 2 2 2 2 2 2 2 2 2 2 2 2 2 2 2 2 2 2 2 2 2 2 2 2 2 2 2 2 2 2 2 2 2 2 2 2 2 2 2 2 2 2 2 2 2 2 2 2 2 2 2 2 2 2 2 2 2 2 2 2 2 2 2 2 2 2 2 2 2 2 2 2 2 2 2 2 2 2 2 2 2 2 2 2 2 2 2 2 2 2 2 2 2 2 2 2 2
left_child=1 3 8 5 6 14 21 36 70 37 92 12 67 -13 15 18 17 -7 24 20 26 38 79 -11 30 -16 -20 72 33 49 31 -1 86 50 -35 -31 48 -4 39 40 42 87 43 44 -3 51 -47 88 -5 -8 74 97 -39 54 55 56 -10 -57 -59 -58 -55 63 71 64 65 -12 -37 -9 69 75 83 -63 -28 -74 -25 121 77 -77 -79 -19 81 -78 -52 -2 -85 -45 -18 -14 89 90 -26 96 93 -6 -95 -96 103 -46 -99 -70 -101 -65 -91 105 -105 -89 -40 -15 -109 110 111 114 113 -112 -34 116 -116 -118 120 -120 -51 -69 123 -123 125 -125
right_child=2 4 9 7 10 16 29 11 53 23 61 13 41 107 25 -17 32 22 19 -21 -22 -23 -24 28 47 -27 27 -29 -30 35 -32 -33 109 34 -36 66 -38 52 106 -41 -42 -43 -44 85 45 46 -48 -49 -50 118 82 -53 -54 60 -56 57 59 58 -60 -61 -62 62 -64 101 -66 -67 -68 68 99 -71 -72 -73 73 -75 -76 76 80 78 -80 -81 -82 -83 -84 84 -86 -87 -88 91 -90 102 -92 -93 -94 94 95 -97 -98 98 -100 100 -102 -103 -104 104 -106 -107 -108 108 -110 -111 112 -113 -114 -115 115 -117 117 -119 119 -121 -122 122 -124 124 -126 -127
leaf_value=0.00021215409050732862 -0.028253407158479949 0.042672947259282251 -0.0060956554268526775 -0.012067822669888248 0.033724872466528021 0.025057873584219761 0.030249579022725653 -0.034915018414675578 -0.023715117297429339 -0.014906713049401979 0.0011392387647048122 0.029012598153092702 -0.056579485260289386 -0.035046954824634907 -0.038840109573523851 -0.028470417902155945 -0.050917878121247741 -0.005600265193142588 0.0063346368756113493 0.025861800115785996 0.032109908166980887 -0.014117963630314895 0.02734261440793307 -0.0040273378636550422 -0.0084415926095086167 0.019269622674816859 -0.0010379151692862599 -0.073700504301216926 -0.070681772880298463 0.021533784014152135 0.039925658323187826 -0.018053390984965334 0.0047722749790273539 -0.020914990751906129 0.054357121903262688 -0.010953996648049979 -0.037984986802979306 0.0072302699066619999 -0.025569101145492091 0.028766641601694801 -0.047704274638350107 0.014046082141638751 0.047277170664883773 -0.0011410124853624163 0.047895807378253892 0.0011741369389204111 0.043890386052663467 -0.05223240737199597 -0.041793521694086705 0.0082557590348130531 0.02996128327151697 -0.029936423049880107 0.037673494511763682 0.054229557115835748 -0.043336947447488221 -0.020824566732455731 0.032485666797858012 0.040748587080349313 -0.022493925393777904 -0.011528756210765869 -0.0025882060395350311 0.014269410529967018 0.02945146875839106 0.0080280355296903656 0.062010002912510721 0.073714621740088179 0.060274641820732458 0.0027145438560477026 0.029882174169375338 0.036220977373974429 0.012147258568110192 -0.012254670247273523 -0.02358546908842158 0.042722954127469279 0.052922810827755545 -0.010556139439993961 -0.0067941961264492761 0.044495351576670922 -0.0072019086011920336 0.0083989607814076422 0.075419210218046193 0.03198942783693666 -0.028308953044007535 0.039077341795713566 -0.018976062859532607 -0.057924353614253854 -0.00033625949255118321 -0.026008110800878177 -0.0055331900286594579 -0.026671395382002656 0.07792901560363566 0.0071725739934932952 -0.0065285083369415525 0.06704404030159665 0.015940945173335594 -0.054600500491551962 0.020297043443444539 0.010975808974063528 -0.019706428950597512 0.031142809604043198 -0.022896557449892409 -0.021092546688092947 -0.071161617498800941 -0.0036889292673502739 0.053827272774905045 -0.012194592916746181 0.035549186695244463 0.013157711215836738 -0.045090415402637654 -0.025209012259108404 0.05042400384040048 -0.018957697469936325 -0.030800738754238638 0.013545348573299962 -0.064844607689573688 -0.047274965060202893 -0.015056941929826585 0.010469523038438885 -0.0019396797419304478 0.02246080858893169 -0.054152101846919667 -0.004549571783503536 0.0079591347984645944 -0.011445494020587145 -0.027592213488919111 0.042960010138412073
leaf_weight=1815.2580023258924 1086.8591787368059 102.89176195859909 365.90437602996826 726.33141511678696 566.03907081484795 406.2945339679718 59.131114557385445 53.125307247042656 551.55315385758877 532.4382238984108 152.67297358810902 171.52026399970055 26.224543258547783 39.745126634836197 23.019338339567184 132.41173627972603 40.554592907428741 349.23799329996109 1231.3748977482319 152.43008780479431 86.719150111079216 113.7240796238184 175.17611311376095 1870.8017475605011 175.51794604957104 304.26970417797565 2492.9752518236637 15.277143001556395 14.620993569493292 282.92853803932667 39.321124672889709 222.79329107701778 2994.2054360508919 20.0097296833992 43.025294318795204 126.2316634953022 137.88784882426262 1577.1418767124414 67.052690014243126 272.01558795571327 19.823950722813606 94.515171885490417 50.490500152111053 52.265632316470146 36.089108765125275 53.10346981883049 116.88303428888321 32.858701094985008 73.018862292170525 20.388724982738495 92.147996082901955 35.770638525485992 64.852993577718735 23.515809491276741 67.983445361256599 47.745286449790001 31.277049973607063 62.212542653083801 23.066695973277092 1465.2299825996161 81.523385018110275 1378.2524543851614 246.7892289608717 108.02788124978542 26.516141414642334 15.550397649407385 12.249518617987631 622.06660498678684 109.48903374373913 38.966819137334824 38.522551104426384 83.104906126856804 197.18619512021542 19.34369657933712 17.08979107439518 224.61437238752842 72.762987971305847 45.176127657294273 40.729565322399139 1280.0801403224468 16.113562807440758 92.640995875000954 18.983007565140724 23.365097880363464 48.811655268073082 24.056848466396332 42.379682511091232 330.77252611517906 1108.5982625335455 201.42551298439503 13.796199917793272 141.11272294819355 46.795910909771919 30.321349829435349 299.96352469921112 14.839002445340155 46.811614751815796 1562.1465702652931 59.236491039395332 43.432787671685219 62.663768470287323 132.69315278530121 28.69723080098629 97.481910154223442 21.415130347013474 1816.9287044256926 16.543914273381233 130.6906403452158 22.679114475846291 59.565275833010674 86.733811184763908 136.76633630692959 16.405815064907074 90.269068583846092 13.114005416631697 36.727822601795197 140.0483338534832 182.76129844784737 2169.0476302355528 100.09530562162399 34.688167884945869 1381.204410046339 220.75263547897339 585.22718432545662 274.23461873829365 22.103029638528824
leaf_count=7309 5048 503 1492 3101 2725 1685 240 216 2376 2197 647 703 110 164 94 569 164 1422 4949 630 349 461 746 7823 707 1250 10015 62 70 1156 166 902 12084 88 191 511 635 6500 276 1141 83 381 212 214 153 221 488 138 328 83 383 152 281 96 297 195 128 253 95 6209 340 5953 1122 454 114 71 50 2504 445 160 171 343 800 79 89 909 293 182 164 5235 65 375 77 97 212 119 172 1373 4467 812 56 574 191 156 1403 65 195 6483 244 176 255 550 119 402 88 7523 71 535 93 241 354 556 67 364 53 148 565 737 8803 408 140 5539 890 2375 1115 89
internal_value=6.5411e-07 0.00195774 -0.00733407 -0.00120542 0.0102029 0.00171789 0.00647283 -0.0065933 -0.0169129 3.45314e-05 0.0166813 -0.00500458 -0.00594665 0.0117385 -0.00115153 -0.00182263 0.00565106 0.0107501 -0.0013722 0.00166597 0.0007537 0.0121222 0.00752859 -0.00439097 -0.00487553 0.0151826 6.63709e-05 -0.00276636 -0.00169484 0.001272 -0.000995073 -0.00178458 0.00271505 -0.00120569 0.0304629 0.0129283 -0.0181967 0.00578514 0.0133311 0.0142707 0.0124044 -0.0109349 0.0129737 0.0121257 0.0133355 0.0117154 0.0305459 -0.01004 -0.0147832 -0.000788997 -0.00220429 0.00982503 0.00843267 -0.0126657 -0.0137304 -0.0128076 -0.0141384 0.00768233 0.0236425 -0.0106089 0.010132 0.0125721 0.0151724 0.00237198 0.0152228 0.00784803 -0.00465338 -0.00265724 -0.00221238 -0.00322062 -0.025262 0.012761 -0.00236641 -0.0176618 -0.00351181 -0.00364782 0.00615842 -0.00210699 0.0199847 0.00539828 0.020298 0.0149281 0.0200078 -0.0265054 -0.000182983 -0.0190391 -0.0250705 -0.0118867 -0.00913268 -0.0186464 -0.00214737 -0.0114092 0.0258763 0.0275406 0.0173977 0.0126158 -0.0125426 0.0106831 0.00985485 0.0147951 -0.000774441 -0.00802416 -0.0322195 -0.0132209 0.0066706 -0.014322 -0.0134737 -0.0036039 0.00454444 0.00332848 0.00378826 0.00254435 0.0263219 0.0316164 0.00341779 -0.0074653 -0.00311276 -0.000604926 -0.00157866 -0.000863338 -0.0310496 -0.00520148 -0.00718427 -0.00866164 -0.0151043 -0.00946547
internal_weight=38783.1 30614.5 8168.68 22126 8488.42 14343.6 5386.85 7782.44 3551.67 4617.02 3101.57 6845.2 6480.57 364.635 8293.27 7965.98 6050.32 2210.79 7833.57 4195.31 4042.88 2582.09 1804.49 2609.12 3638.27 327.289 3956.16 2724.78 2076.68 2804.76 2077.37 2038.05 3839.53 2062.06 63.035 421.41 937.238 2007.9 2468.37 2384.77 2112.76 2575.26 2092.93 2042.44 1966.12 1863.23 169.987 1560.89 799.35 2383.35 1999.02 1693.24 1641.99 2354.11 2249.07 2181.08 2048.06 133.025 85.2792 1496.51 105.039 2143.61 1708.15 435.461 194.74 168.223 138.481 3905.3 3852.18 3636.59 1197.56 1461.36 2709.51 216.53 1887.89 3597.63 492.038 310.52 85.9057 1629.32 181.518 165.404 111.131 1159.04 72.1768 76.3225 82.9343 2480.75 1528.04 419.437 189.314 2454.52 957.959 911.163 345.124 314.803 2313.41 1657.47 1621.38 215.586 106.097 240.721 230.123 2266.6 118.897 2147.7 83.5966 193.115 153.37 3756.6 3697.03 3503.62 193.409 177.003 3366.86 372.651 335.924 322.81 2324.22 2269.14 55.0769 3105.59 2483.52 2262.77 881.565 607.33
internal_count=160737 126029 34708 90023 36006 58066 22212 31957 15517 19191 13794 27893 26398 1495 33473 32129 24593 9088 31560 16884 16254 10821 7403 10918 14676 1344 15905 10956 8721 11391 8377 8211 15505 8651 279 1717 4064 8273 10360 10013 8872 10646 8789 8577 8244 7741 709 6299 3429 9674 8372 7032 6781 9989 9553 9256 8713 543 348 6337 436 9254 7418 1836 832 718 561 15752 15536 14660 5528 6296 10894 879 7912 14500 1988 1255 346 6657 733 668 460 5357 309 333 336 10265 6161 1694 763 10155 4540 4349 1624 1468 9581 6880 6727 876 431 1004 931 9386 490 8896 347 792 628 15169 14928 14143 785 718 13587 1503 1355 1302 9434 9211 223 12512 10008 9118 3579 2464
is_linear=0
shrinkage=0.05


Tree=28
num_leaves=127
num_cat=0
split_feature=13 148 31 208 215 75 77 70 75 85 213 62 67 152 198 62 62 202 62 62 70 77 15 214 201 208 14 191 67 39 60 215 65 153 215 77 76 85 213 15 70 60 58 202 223 202 198 62 65 13 161 210 15 79 217 200 198 198 152 35 15 198 201 199 49 62 60 214 199 200 201 39 199 64 17 198 202 64 200 215 200 201 192 65 62 62 22 199 173 148 202 67 65 198 31 154 215 13 64 198 214 160 148 202 160 60 148 200 199 77 166 198 160 148 202 152 216 67 201 201 198 15 14 200 64 198
split_gain=201.575 133.093 65.3507 55.6255 56.4916 54.4716 58.903 53.8447 55.7285 62.089 52.6999 50.0549 47.3377 46.758 57.7416 44.4502 41.2004 41.024 39.7564 39.4085 39.0303 38.5331 45.3112 38.7502 46.979 37.3286 36.7964 58.2833 36.608 36.5408 35.9818 43.2751 35.4355 52.5972 44.5451 55.2409 40.5601 38.585 36.5238 33.2805 35.8414 33.1874 32.9874 32.5449 31.4653 31.3599 31.248 30.7728 30.7424 30.5463 30.086 29.843 30.7736 29.6235 29.5108 30.8549 44.4418 33.2327 30.812 35.7968 34.7643 30.0474 41.9397 29.3551 29.1062 28.9157 28.7562 28.6698 27.8606 27.4306 27.4008 38.5505 31.2672 29.2348 26.6506 26.0032 38.9168 25.5099 25.3473 24.9297 24.8848 24.8357 45.1394 24.4697 24.3617 24.1738 23.9542 23.7919 23.7689 23.7 26.8447 23.6165 23.2723 23.1278 24.9488 24.0146 27.7754 22.7134 35.1208 22.6413 22.6318 22.0644 22.016 21.9066 33.2141 21.8198 21.4647 21.3168 21.1182 21.0972 21.0731 21.0406 21.0276 20.9619 20.827 20.6931 20.6558 20.5707 20.5319 20.5123 20.4317 20.402 20.3773 20.3713 20.2769 20.1178
threshold=0.90000000596046459 0.62500000000000011 1.0000000180025095e-35 1.0000000180025095e-35 0.25000000745058065 1.0000000180025095e-35 1.0000000180025095e-35 1.0000000180025095e-35 0.75000000000000011 1.0000000180025095e-35 1.0000000180025095e-35 0.7130434811115266 0.27245000004768377 1.0000000180025095e-35 0.57647061347961437 0.51739129424095165 0.43695650994777685 0.48695652186870581 0.37173913419246679 0.36739130318164831 1.0000000180025095e-35 0.58333334326744091 0.5000000149011613 1.0000000180025095e-35 0.38402061164379125 1.0000000180025095e-35 1.0000000180025095e-35 1.0000000180025095e-35 0.57995000481605541 1.0000000180025095e-35 0.48627451062202459 1.0000000180025095e-35 0.22777777910232547 1.0000000180025095e-35 0.58333334326744091 -1.0000000180025095e-35 0.25000000745058065 1.0000000180025095e-35 1.0000000180025095e-35 0.5000000149011613 1.0000000180025095e-35 0.61764708161354076 1.0000000180025095e-35 0.4760869592428208 1.0000000180025095e-35 0.39347825944423681 0.23137255012989047 0.67826086282730114 0.28611111640930181 0.70000001788139354 1.0000000180025095e-35 1.0000000180025095e-35 0.5000000149011613 1.0000000180025095e-35 -1.0000000180025095e-35 0.30217391252517706 0.23137255012989047 0.34313726425170904 1.0000000180025095e-35 1.0000000180025095e-35 0.5000000149011613 0.31176471710205084 0.64175257086753856 0.32368420064449316 1.0000000180025095e-35 0.52826088666915905 0.37058824300765997 0.25000000745058065 0.46052631735801702 0.39782609045505529 0.39948453009128576 1.0000000180025095e-35 0.39210526645183569 0.58043476939201366 1.0000000180025095e-35 0.32745099067687994 0.36739130318164831 0.31086955964565283 0.2434782609343529 -1.0000000180025095e-35 0.51739129424095165 0.56443297863006603 1.0000000180025095e-35 0.55833333730697643 0.50869563221931469 0.25652173161506658 1.0000000180025095e-35 0.58421051502227794 1.0000000180025095e-35 1.0000000180025095e-35 0.25652173161506658 0.45514999330043798 0.36944444477558142 0.4607843160629273 1.0000000180025095e-35 1.0000000180025095e-35 0.25000000745058065 0.70000001788139354 0.43695650994777685 0.4607843160629273 0.41666667163372045 1.0000000180025095e-35 0.62500000000000011 0.40000000596046453 1.0000000180025095e-35 0.40588235855102545 0.62500000000000011 0.28478260338306433 0.42894735932350164 0.41666667163372045 1.0000000180025095e-35 0.33529412746429449 1.0000000180025095e-35 0.87500000000000011 0.20434782654047015 1.0000000180025095e-35 1.0000000180025095e-35 0.71439999341964733 0.27061854302883154 0.24484536051750186 0.4294117689132691 1.0000000180025095e-35 1.0000000180025095e-35 0.4760869592428208 0.60434782505035411 0.19803921878337863
decision_type=2 2 2 2 2 2 2 2 2 2 2 2 2 2 2 2 2 2 2 2 2 2 2 2 2 2 2 2 2 2 2 2 2 2 2 2 2 2 2 2 2 2 2 2 2 2 2 2 2 2 2 2 2 2 2 2 2 2 2 2 2 2 2 2 2 2 2 2 2 2 2 2 2 2 2 2 2 2 2 2 2 2 2 2 2 2 2 2 2 2 2 2 2 2 2 2 2 2 2 2 2 2 2 2 2 2 2 2 2 2 2 2 2 2 2 2 2 2 2 2 2 2 2 2 2 2
left_child=1 3 5 4 10 6 11 8 9 21 20 12 83 32 42 25 49 89 19 77 26 23 29 28 -25 70 44 43 30 91 31 87 33 50 36 -36 37 38 39 41 -41 47 51 114 53 81 -26 -34 -19 -11 85 52 100 54 55 -1 -57 -58 67 60 61 62 110 -45 93 -65 -31 74 -33 -35 71 72 123 102 -56 -6 -77 -9 -76 -47 86 82 108 -2 105 -14 88 97 -63 -12 119 -23 -16 94 -30 96 -95 113 115 -69 103 -81 -72 -15 122 -20 -7 -38 -5 -104 -60 -100 -89 118 -28 -99 -4 -108 -3 -91 -78 -116 -105 -8 -109 -120
right_child=2 7 116 45 75 106 15 18 -10 16 17 -13 13 14 92 -17 -18 48 84 -21 -22 22 -24 24 46 -27 27 -29 64 66 -32 68 34 69 35 -37 107 -39 -40 40 -42 -43 -44 63 -46 79 -48 -49 -50 -51 -52 -53 -54 -55 58 56 57 -59 59 -61 -62 80 -64 65 -66 -67 -68 99 -70 -71 73 -73 -74 -75 78 76 120 -79 -80 101 -82 -83 -84 -85 -86 -87 -88 112 -90 90 -92 -93 -94 95 -96 -97 -98 98 111 -101 -102 -103 109 104 -106 -107 117 124 -110 -111 -112 -113 -114 -115 121 -117 -118 -119 125 -121 -122 -123 -124 -125 -126 -127
leaf_value=0.039444705873304585 -0.024607673961109647 0.022169658427591155 0.043139424296711748 -0.0077817886227706167 -0.016733661089282353 -0.001821010351218344 -0.047529701359401183 -0.021667079020996145 0.051218779576001051 -0.038247562915493666 -0.019808630506837673 0.03311017041392756 0.012453765743866091 0.0042718205342185738 0.069902287880998046 -0.038597997483671209 -0.075487114362279562 0.055848861279957876 -0.023869428665626614 0.082669187695429233 -0.012464025771487953 0.015089219524158235 -0.069757498167914142 -0.023935725964240699 -0.053674641641915405 0.059773978252523167 0.035192970115323116 0.053159116882467605 0.015556406663451899 0.018588211374145153 0.024279645666786608 -0.023700999704712296 -0.0051033582867344171 -0.026998178292954894 0.062987866276053864 -0.049362684127829272 -0.009610155484073811 -0.06458516407693414 -0.023747247775472737 -0.040041040656369035 0.036278615824564521 -0.034518774040893561 -0.055894867421984129 -0.02367496613152676 0.039953633371684227 -0.046385215563145829 0.021567390225465416 -0.057285574575196563 0.0043251200346054288 0.041080287458453352 0.04076379670698399 0.057881186328020084 0.040039913904548072 0.012620587576114934 0.0012839419593527425 -0.058550239858941346 0.032077200828512092 -0.0027325358612251753 0.010932603109457602 0.041958324154838182 0.048962064020939944 -0.0087042795711901478 0.052677451374716647 0.019229819946115511 0.043207644748147561 -0.052283783860574862 -0.084248874357567768 -0.013347189936663279 0.013125403357630303 0.062883158293396482 0.0036476472354474913 0.055151045716924023 0.0055154044107861696 -0.059528166374116093 0.023749905288069553 -0.023991805712988565 0.012876163263748004 0.014176543380154559 -0.012586578757209671 0.028505677825584216 0.022815964278788518 -0.02112687865137786 0.091153251995562595 -0.0062824478564050936 0.0011422734998920534 -0.037751772268086022 0.026153402189604682 0.017569414808837589 0.058511140831130917 -0.0008815632273356267 -0.0039562805492366409 0.051880675245795177 0.0061793898968143628 0.0026216030575139139 -0.028851100020508832 0.060222229396612953 -0.04521339455710658 -0.018171339940222582 0.032759969012194294 -0.078946109580511431 -0.054652431193215847 -0.017017694929140244 0.017340840172747892 -0.0025230942462007456 -0.083777173235922431 -0.067366808940575659 0.010207931864729737 0.08555716749655487 0.014561294295989735 0.053070363697758305 -0.045599642009693575 -0.006366749190072552 -0.013905652051575205 0.017764136142775108 -0.008499140876536233 0.014058193597375486 -0.025910368044548465 0.042601060910737447 -0.036959661973682174 -0.040314149209245129 -0.014511570193233471 -0.032086228730365172 -0.037432644515873408 0.019439738615868812 0.0059528689696721256 0.0016379134124381509
leaf_weight=97.678659439086914 764.3066468089819 118.85842651128769 83.031338199973106 173.91416142880917 733.1123061478138 226.35726630687714 71.926648661494255 80.989107891917229 78.605609461665154 28.532429099082947 446.36035540699959 67.367157608270645 25.972894474864006 484.81175319850445 41.331313520669937 49.936895504593849 34.758053630590439 38.082608312368393 110.51987673342228 15.604921653866766 523.23969104886055 62.425266310572624 11.14738844335079 193.41360720992088 15.427189856767653 36.160483404994011 25.974280253052711 42.070332154631615 2103.505756855011 18.705771923065186 239.99936318397522 208.74075584113598 3733.702537894249 13.04413829743862 12.10581101477146 113.69079077243805 17.686346620321274 30.893581449985504 360.76731395721436 126.35806141793728 17.515838891267776 101.1640483289957 27.148652940988541 59.394022539258003 54.76105423271656 12.605812326073645 130.72625729441643 28.468263030052185 120.73772425949574 21.116152793169022 14.056459009647368 21.768204972147942 42.497262105345726 631.77338939905167 14002.927689701319 23.741619348526001 123.31350474059582 154.43468920886517 475.9139771014452 74.370284199714661 46.301612719893456 632.59383547306061 61.775112763047218 251.02811227738857 82.653621688485146 14.978414058685301 10.678547844290735 196.61913976073265 68.11832520365715 24.305911913514137 129.14683626592159 21.790931180119514 87.958524972200394 12.226865425705908 52.557146206498146 146.60356731712818 286.94540038704872 128.23807621002197 552.77097316086292 353.57323335111141 94.285676777362823 81.732070550322533 16.052389442920685 239.17146351933479 66.587348327040672 311.89802898466587 58.31759774684906 565.92302107810974 13.431860312819479 50.36787024140358 1170.7312880158424 144.77336579561234 21.930708676576614 258.62526579201221 32.11118558049202 15.836381301283835 34.380631759762764 325.99874024093151 80.107717618346214 14.096778914332388 21.155125170946121 28.784134656190872 109.36788269877434 223.6958114951849 15.718005716800688 39.006998866796494 166.80751240253448 22.849119126796722 269.86029569804668 66.398225873708725 17.075994342565536 60.166661247611046 58.553951919078827 329.63487239181995 1498.2505180090666 58.783835515379906 12.455426856875418 69.400360986590385 35.490462332963943 95.529437094926834 89.287192031741142 97.653100833296776 51.408899322152138 13.484328687191008 12.309089154005049 692.31267036497593
leaf_count=399 3249 500 346 719 3075 959 335 339 377 121 1852 282 108 2044 178 215 144 155 465 66 2140 287 60 821 73 157 106 172 8907 90 1028 885 15721 55 76 569 74 136 1575 539 75 427 114 241 223 52 563 120 494 88 60 91 183 2588 56847 97 506 636 1945 305 190 2591 254 1025 365 62 49 818 293 101 551 105 371 53 215 619 1208 543 2262 1462 388 338 65 1008 289 1343 239 2395 55 208 4807 708 92 1102 134 71 168 1356 339 62 102 118 461 960 66 162 698 96 1112 322 70 256 245 1428 6129 252 54 305 146 395 375 406 223 58 51 2889
internal_value=7.61167e-07 0.00186328 -0.00698845 0.000138416 -0.000346531 -0.00747622 -0.00849174 0.00817421 0.00939003 0.0088458 0.000247178 -0.00978081 -0.0101983 -0.00849561 0.00165852 0.0065641 -0.033737 -0.00765947 -0.0087007 0.00601881 0.00101108 0.00944916 0.0287544 0.0086115 -0.00776907 0.0106761 0.00137512 -0.00506632 0.00964735 0.0333961 0.00575487 0.00404666 -0.0104408 -0.0249231 -0.0092092 -0.0385508 -0.00838006 -0.00890316 -0.00850934 -0.00713748 -0.0307496 -0.00625814 -0.00162874 -0.00632426 0.00211247 0.012084 0.0136252 -0.00549822 0.0166797 -0.00450845 -0.0309105 8.22471e-05 -0.00141686 0.00199286 0.00159062 0.0150222 0.00710961 0.0127221 0.00126155 0.00815568 0.00635964 0.00490215 0.0138409 0.00810676 0.0140259 0.015203 -0.0187838 0.000575781 -0.0146402 0.031493 0.00721051 -0.00753022 -0.0154087 0.0162816 0.000839914 -0.010658 -0.00213877 0.000301946 -0.00943169 0.0227978 -0.00130716 0.00427033 0.00878457 -0.02024 -0.024014 -0.0338924 -0.00453636 0.00627109 -0.00730677 -0.00985209 -0.00647664 0.0407961 0.0478118 0.0130392 0.0148887 0.000250127 -0.00299124 0.00320732 -0.00543975 -0.0177357 -0.00362798 0.0250786 0.0193216 -0.00223631 -0.0130856 -0.0352166 0.0091816 0.0351637 0.00580509 0.0308382 0.00897446 0.0159777 0.0146182 0.00706706 -0.00921959 -0.0132476 0.0341325 0.0197254 0.00290232 -0.0267009 0.00637653 -0.00994243 -0.00904665 -0.0369568 0.0576872 -0.000244252
internal_weight=38712.2 30566.7 8145.55 24005.6 23069.1 8050.06 7587.5 6561.06 6120.11 6041.51 21813.1 6989.1 6921.73 5918.25 951.466 598.398 84.4066 1921.81 440.946 224.832 19891.3 5957.1 247.73 5709.37 339.567 548.461 19368.1 1989.35 5369.8 236.583 2842.69 2602.69 4966.79 389.277 4577.51 125.797 4451.71 4398.87 4367.98 4007.21 143.874 3863.33 888.204 1947.28 17378.7 936.522 146.153 3762.17 158.82 49.6486 351.927 861.055 839.287 17324 16692.2 399.168 301.49 277.748 16293 1474.07 1399.7 1353.39 554.765 325.401 2527.11 266.007 29.3843 14819 276.859 37.3501 512.3 195.16 173.37 317.14 14608.3 1255.95 522.836 209.227 605.328 394.963 798.629 541.559 459.827 1003.48 216.114 337.871 704.343 2325.83 646.026 1762.99 1316.63 207.199 63.262 2444.46 2135.62 308.842 293.006 1701.35 525.057 210.716 796.79 382.357 304.913 775.634 290.823 149.527 462.565 52.8446 443.774 175.766 492.99 140.274 624.477 1176.3 1621.88 384.783 95.4868 236.208 846.662 145.897 376.233 1595.9 275.105 85.411 35.1582 727.803
internal_count=160737 126029 34708 98025 94159 34308 32346 28004 26140 25763 88882 29718 29436 25179 4053 2628 353 7911 1864 948 80971 25410 1194 24216 1457 2413 78831 8141 22759 1134 12012 10984 21126 1667 19459 645 18814 18593 18457 16882 614 16268 3783 7969 70690 3866 636 15841 649 209 1511 3669 3578 70467 67879 1638 1239 1142 66241 6037 5732 5542 2269 1328 10747 1087 139 60204 1178 156 2256 869 764 1387 59324 5277 2202 882 2477 1632 3273 2234 1896 4257 916 1451 2885 9806 2646 7262 5410 995 270 10382 9041 1341 1270 7166 2203 880 3395 1580 1334 3293 1249 627 1962 221 1831 783 2015 595 2640 4963 6641 1608 400 1003 3535 603 1583 6535 1183 393 147 3035
is_linear=0
shrinkage=0.05


Tree=29
num_leaves=127
num_cat=0
split_feature=13 151 151 13 151 151 13 151 151 205 67 13 13 154 223 63 215 77 77 13 154 69 62 201 214 64 202 85 69 26 148 207 162 13 203 34 64 41 85 203 198 164 198 173 202 79 38 64 215 215 67 62 208 201 203 203 201 215 250 210 208 64 64 62 148 63 83 205 203 198 77 201 202 201 202 201 215 186 63 202 13 192 62 153 202 216 203 202 62 64 62 210 216 202 198 203 199 63 78 217 203 198 38 72 153 198 154 172 64 202 198 14 63 216 63 208 62 62 192 153 201 62 63 69 63 70
split_gain=182.348 286.822 208.645 126.127 74.4402 58.9647 56.6904 50.8331 46.4118 45.102 43.1282 42.363 38.7426 39.1939 33.8571 31.6905 40.9178 58.6532 47.8123 31.4784 28.6913 27.8491 27.7593 30.5523 27.2844 40.0411 29.2497 27.4611 26.0525 29.9462 28.413 27.0775 38.4302 26.0307 38.0674 35.9866 26.8312 29.8265 25.9654 25.9281 25.9228 26.8549 25.9564 28.4537 27.0026 24.6912 28.7762 35.1573 24.536 24.5037 24.4184 24.0866 24.0479 34.6216 23.9871 37.497 58.2211 56.6286 43.3824 30.4471 31.4043 30.823 27.2072 25.5627 30.1291 23.5702 23.5609 23.4363 23.2458 23.2071 23.1721 23.078 22.6212 25.2462 23.9326 22.5518 23.1601 22.4573 26.7895 26.5284 27.1181 23.6062 23.1321 22.3761 22.3552 26.0435 26.1832 29.4815 27.1867 58.0381 22.3413 27.858 26.4942 24.3154 41.4776 22.2822 21.8947 21.7567 22.3107 21.5571 21.5057 21.4416 24.4209 21.4116 22.2186 21.0825 20.9087 22.994 28.8456 24.7042 30.2281 30.0738 25.5264 24.7758 23.4211 22.1454 22.071 21.5653 23.2733 22.2099 21.1795 20.8933 20.892 26.4009 20.7969 20.7649
threshold=0.90000000596046459 0.70000001788139354 0.90000000596046459 0.5000000149011613 0.90000000596046459 0.5000000149011613 0.70000001788139354 0.30000000447034841 0.70000001788139354 0.23875000327825549 0.23685000091791156 0.70000001788139354 0.70000001788139354 1.0000000180025095e-35 1.0000000180025095e-35 0.25257731229066854 0.58333334326744091 0.58333334326744091 -1.0000000180025095e-35 1.0000000180025095e-35 0.75000000000000011 1.0000000180025095e-35 0.36739130318164831 0.48195876181125646 0.25000000745058065 0.37173913419246679 0.38913042843341833 1.0000000180025095e-35 1.0000000180025095e-35 1.0000000180025095e-35 0.37500000000000006 1.0000000180025095e-35 1.0000000180025095e-35 0.30000000447034841 0.36944444477558142 1.0000000180025095e-35 0.28478260338306433 1.0000000180025095e-35 1.0000000180025095e-35 0.21944444626569751 0.40588235855102545 1.0000000180025095e-35 0.39019608497619634 1.0000000180025095e-35 0.28043477237224584 -1.0000000180025095e-35 1.0000000180025095e-35 0.37608696520328527 1.0000000180025095e-35 0.41666667163372045 0.31570000946521765 0.38913042843341833 1.0000000180025095e-35 0.36855669319629675 0.41388888657093054 0.27222223579883581 0.22938144207000735 -1.0000000180025095e-35 1.0000000180025095e-35 1.0000000180025095e-35 1.0000000180025095e-35 0.38913042843341833 0.48695652186870581 0.25652173161506658 0.62500000000000011 0.19329896569252017 1.0000000180025095e-35 0.69085001945495617 0.61388888955116283 0.48627451062202459 0.58333334326744091 0.67783504724502575 0.26304347813129431 0.59020617604255687 0.56304347515106212 0.27061854302883154 0.25000000745058065 1.0000000180025095e-35 0.49484536051750189 0.52391305565834057 0.30000000447034841 1.0000000180025095e-35 0.4760869592428208 0.5000000149011613 0.60434782505035411 0.25000000745058065 0.4916666597127915 0.46739129722118383 0.38913042843341833 0.34565217792987829 0.43260869383811956 1.0000000180025095e-35 1.0000000180025095e-35 0.49782608449459081 0.35098040103912359 0.608333319425583 0.48157894611358648 0.25257731229066854 0.25000000745058065 1.0000000180025095e-35 0.26388889551162725 0.30392158031463629 1.0000000180025095e-35 1.0000000180025095e-35 0.83333334326744091 0.39019608497619634 1.0000000180025095e-35 1.0000000180025095e-35 0.38913042843341833 0.46739129722118383 0.37058824300765997 1.0000000180025095e-35 0.17783504724502566 0.41666667163372045 0.22938144207000735 1.0000000180025095e-35 0.48695652186870581 0.36304347217082983 1.0000000180025095e-35 0.5000000149011613 0.25257731229066854 0.28913043439388281 0.47164948284626013 1.0000000180025095e-35 0.70360824465751659 1.0000000180025095e-35
decision_type=2 2 2 2 2 2 2 2 2 2 2 2 2 2 2 2 2 2 2 2 2 2 2 2 2 2 2 2 2 2 2 2 2 2 2 2 2 2 2 2 2 2 2 2 2 2 2 2 2 2 2 2 2 2 2 2 2 2 2 2 2 2 2 2 2 2 2 2 2 2 2 2 2 2 2 2 2 2 2 2 2 2 2 2 2 2 2 2 2 2 2 2 2 2 2 2 2 2 2 2 2 2 2 2 2 2 2 2 2 2 2 2 2 2 2 2 2 2 2 2 2 2 2 2 2 2
left_child=1 3 8 5 6 20 21 49 -2 -4 -11 122 -9 103 15 22 17 24 -18 -7 28 77 69 -24 27 -26 -27 45 30 72 66 33 51 35 48 36 -32 50 -36 -28 42 97 43 70 -44 52 54 -48 -35 99 100 -33 53 -17 55 62 -57 -58 124 60 -56 -62 63 -47 -65 -25 -1 -21 -23 -12 90 75 -30 74 -74 -52 -77 78 79 80 -3 125 95 84 85 -13 88 -88 89 -87 93 92 101 -8 -95 -79 -39 -42 -99 -5 -38 -92 -103 104 -14 -106 107 109 120 111 -111 112 -10 114 -112 117 -113 118 -114 -119 -109 -108 123 -6 -59 -80
right_child=2 4 9 7 11 19 40 12 106 10 14 83 13 -15 -16 16 18 -19 -20 67 -22 68 23 65 25 26 39 -29 29 -31 31 32 -34 34 38 -37 37 96 -40 -41 41 -43 44 -45 -46 46 47 -49 -50 -51 71 -53 -54 -55 59 56 57 58 -60 -61 61 -63 -64 64 -66 -67 -68 -69 -70 -71 -72 -73 73 -75 -76 76 -78 82 81 -81 -82 -83 -84 -85 -86 86 87 -89 -90 -91 91 -93 -94 94 -96 -97 -98 98 -100 -101 -102 102 -104 -105 105 -107 121 108 -110 110 113 116 115 -115 -116 -117 -118 119 -120 -121 -122 -123 -124 -125 -126 -127
leaf_value=-0.0008846815721515191 -0.023892060020501593 0.045848719315621789 0.012771127025714452 -0.011932065407615518 0.033225834932349645 0.041028783600548603 0.0032927721123784805 -0.0018075116391172389 0.038273300497655545 -0.014726979915134742 -0.030196831748383075 0.011268261433341892 -0.010764057408963072 0.019482272286983709 0.059780331007596978 0.0555445225550288 0.062212917797529077 0.054246289649350632 -0.046580435281800003 0.01609381609457124 -0.038953233192086024 -0.027496464038207692 -0.014205582008558999 -0.016111042754632106 -0.053388618323299587 -0.047066491094876796 -0.022415951886061991 -0.054212362473362079 0.034403345179623117 -0.07279037710665176 0.014942334782176653 0.050390903463112202 -0.049203821807099563 -0.0088026929975792857 0.0061490662672890354 0.03563877391569778 0.017626630109216206 0.0068827443144247507 -0.0570687233323686 0.056410149684919669 -0.041025927693236264 -0.052846109742427309 -0.024982641878648296 -0.023907859691084197 0.025510366096129163 -0.035520395999765947 0.017496595294782705 -0.040699011384010393 -0.043104840678002451 -0.046619382289557448 0.01918878338909313 0.0079853902593382976 0.066954263588201474 -0.011391814452100739 0.004238512865680711 0.035950232219584807 0.078952459174051803 -0.013247763096071473 -0.053470453717117922 0.051713652359899713 0.0042486291586398195 0.05854406615681719 -0.021177678395464899 0.0080604981489214265 0.041033106784516965 0.059674579227951968 -0.041639594368634118 0.0044784153183840963 0.043811353828834075 0.01983667359478291 0.052221461826982098 0.030602618052082066 -0.027091514038646514 0.020566164177762629 0.028112811526123251 0.0038274218200270611 -0.021383936455158122 -0.011482160079416348 0.0060034398672256456 0.037440544537545646 0.013539738548980369 0.047694322509084328 -0.051935314420926609 0.041053132411947295 0.037677581375858117 -0.079349218412242711 0.057850029773404532 -0.038446845543554584 -0.07295821910864754 0.05059123080682696 -0.00090884770833296678 0.05457081325918544 0.039016275585366182 0.0080570957212390392 0.061951011926720805 0.057813537553528895 -0.075959125050538034 -5.2480378868883476e-05 -0.044271779309289841 -0.034924261261730788 -0.013119184820763463 -0.01574085248142542 -0.065146448636886442 -0.042967009938084347 -0.0043637195361018013 0.061979494888859114 0.051566711564746896 -0.058175333902450978 0.044860533417329373 -0.034841304895384971 0.05933678075794814 -0.019834085337634592 -0.0070657106071127102 -0.054399680185745286 -0.0075669181410268696 0.013211028291759894 -0.057804132843935832 -0.019528245773135805 0.032401783660226315 0.032534024299142171 0.0083675154878334809 -0.0019250372404474893 0.016179461129783346 -0.029101348600349977 0.032247840374884484 -0.036831406060518122
leaf_weight=7598.0083190798759 1181.9995510727167 68.268069237470627 630.82572670280933 747.25642676651478 514.54190568625927 75.439556136727333 1155.7171541750431 4121.0638164877892 29.010891735553741 542.04330883920193 202.93470500409603 1898.9480024427176 2501.8312501013279 111.83387570083141 23.8781828135252 30.349613755941391 11.655192002654074 54.13709369301796 75.632795080542564 633.51034654676914 46.537558183073997 73.416382938623428 80.988398596644402 14.875648602843283 54.274346962571144 18.897685676813126 16.595339983701706 21.024304747581482 26.161409825086594 20.277780637145042 533.88193537294865 81.762036696076393 15.834497034549711 508.26906764507294 748.83085463941097 98.847116038203239 68.508078336715698 12.9290754199028 16.60273765027523 28.089715853333473 40.477580413222313 32.240160271525383 30.327874630689621 103.16840675473213 208.57741241157055 22.239680141210556 38.349445298314095 80.280965402722359 58.089681342244148 66.251883953809738 222.63958750665188 56.714952707290649 27.356007918715477 53.146949112415314 1288.3346640765667 65.989122986793518 16.23001891374588 553.35766766965389 67.73556561768055 38.048646420240402 49.880931049585342 54.916725486516953 57.368082150816917 190.69832643866539 108.81498429179192 33.062234476208687 35.629067435860634 1380.8259075731039 13.536299988627432 26.164097264409065 23.66376519203186 88.780793368816376 191.72044152021408 42.968146115541458 21.872660130262375 1289.2216396927834 98.019376397132874 52.960043892264366 776.57042679190636 146.95831668376923 1334.6398254930973 32.832629919052124 25.792126700282097 63.859730243682861 75.673262223601341 15.203150704503058 20.283606633543968 13.069390431046484 26.623318165540695 19.765732124447823 262.98323054611683 18.323465764522552 28.212932676076889 126.96146549284458 49.666239380836487 14.85456922650337 20.819020420312881 449.97347348928452 30.455900087952614 118.05115233361721 334.94401367008686 212.11964243650436 28.355537042021751 50.561650350689888 28.913197323679924 20.440632835030556 23.541212737560272 16.913484826683998 38.24414598941803 270.34141640365124 14.315965577960013 213.3873213082552 635.46318496763706 25.873469039797783 151.65926015377045 102.83594241738319 46.636187747120857 588.72576175630093 39.6850605905056 21.223748296499252 40.811975359916687 81.288578808307648 412.90754745900631 17.570564970374107 26.313253372907639 29.362518429756165
leaf_count=30545 5528 334 2604 3181 2498 346 4665 16644 120 2233 873 8219 10354 460 102 132 76 285 380 2607 194 304 342 61 245 81 77 89 106 82 2191 337 64 2057 3039 404 282 52 67 117 164 130 122 421 843 90 156 337 244 342 908 230 124 220 5260 277 66 2272 278 156 203 231 237 776 457 138 144 5649 57 109 125 361 780 173 89 5258 405 219 3258 631 5586 139 109 281 343 64 92 54 113 88 1064 75 116 515 202 62 88 1823 154 541 1364 857 115 213 120 102 96 72 156 1178 64 942 2678 127 651 429 213 2499 166 89 169 340 1962 80 107 122
internal_value=7.85903e-07 0.00177185 -0.00665566 -0.00122445 0.00960722 0.0015569 0.00605388 -0.00635568 -0.0158162 0.000351224 -0.00162046 0.0158061 -0.00486224 -0.00950141 0.000449791 3.40596e-05 0.00168613 0.00268027 -0.0320537 0.00931904 0.000231409 0.011418 -0.0140385 0.00452061 0.00172039 -0.0218446 0.00508152 0.00271568 0.000380987 -0.014097 0.00074999 0.00402415 0.0245856 0.00325035 -0.00249361 0.00601341 0.00491653 0.00241047 0.00477783 0.0271354 0.00113411 -0.00856255 0.00352 0.00166736 0.0191005 0.00314785 0.00218381 -0.0218862 -0.012321 -0.0173127 0.00315912 0.0330232 0.0262684 0.0129384 0.00330803 -0.00221248 -0.00884061 -0.0132944 -0.015607 0.00758481 0.00637958 0.0327009 0.0105435 0.0161993 0.0200396 0.0361575 -0.0010749 0.00813147 -0.0163957 -0.0244828 0.0030517 0.00578542 -0.0098873 -0.0144036 -0.0214384 0.00441681 0.00204604 0.0123923 0.0133338 0.0172291 0.015112 0.00613588 -0.0116319 0.0119024 0.0110029 0.0099905 -0.0155652 0.020116 -0.0348871 -0.00590197 0.00243357 -0.00604465 -0.0081337 0.00593339 0.0232116 0.00369684 -0.044222 -0.00582173 -0.00285568 -0.0150688 -0.0078984 -0.0107759 -0.0215665 -0.0107472 -0.0101087 0.0231133 -0.0117368 -0.0127604 0.0111827 -0.0138346 -0.0240695 -0.0110137 -0.00814535 -0.00889054 -0.00179623 -0.0091156 -0.0266442 -0.0109022 -0.00474582 -0.0177167 -0.0111295 0.0100874 0.0246189 0.0311678 -0.0111826 0.00444284
internal_weight=38669.2 30542.7 8126.45 22093.8 8448.86 14327.6 5370.42 7766.2 3521.96 4604.49 3973.66 3078.45 6834.64 2713.58 3431.62 3407.74 3049.72 2962.43 87.288 2089.78 12237.9 2569.19 358.025 128.926 2908.29 117.857 63.5827 2790.43 12191.3 303 11888.3 4254.69 154.311 4100.38 1331.79 2768.59 2669.74 2135.86 765.434 44.6851 2801.22 553.147 2248.08 2009.17 238.905 2769.41 2658.56 118.63 566.359 931.559 2102.11 138.477 110.853 83.4966 2539.93 1108.75 729.626 663.637 647.406 1431.18 1393.13 104.798 379.121 321.753 299.513 47.9379 7633.64 2014.34 86.9527 229.099 1906 1698.66 282.723 256.561 213.593 1609.88 1387.24 2482.24 2388.63 1549.87 1402.91 838.766 93.6067 2133.43 2069.57 1993.89 94.9452 33.353 61.5922 34.9689 1882.34 549.995 531.671 1332.34 176.628 67.8146 33.7481 520.907 480.429 865.308 403.452 503.458 240.475 2601.75 2551.19 49.3538 2339.96 2235.13 95.9696 2139.16 462.19 1676.97 1416.94 191.849 165.975 1387.93 260.024 1285.1 675.148 609.95 57.7255 104.83 945.02 532.112 579.671 805.933
internal_count=160737 126029 34708 90023 36006 58066 22212 31957 15517 19191 16587 13794 27893 11249 14354 14252 12729 12273 456 8602 49464 10821 1523 541 11988 520 275 11468 49270 1230 48040 17351 631 16720 5407 11313 10909 8718 3106 194 11391 2271 9120 8155 965 11379 10903 493 2301 4064 8578 567 476 352 10410 4560 3000 2723 2657 5850 5694 434 1560 1323 1233 199 30689 8256 361 982 7734 6932 1148 1042 869 6571 5663 10460 10070 6551 5920 3519 390 9254 8973 8630 411 146 265 152 7609 2227 2152 5382 717 281 140 2141 1977 3722 1646 2036 972 10789 10576 222 9989 9553 397 9156 2020 7136 5981 842 715 5861 1155 5432 2844 2588 241 436 4540 2578 2379 3380
is_linear=0
shrinkage=0.05


Tree=30
num_leaves=127
num_cat=0
split_feature=13 151 151 13 151 151 13 286 151 205 13 65 75 208 64 151 13 205 213 200 152 200 151 13 203 16 164 208 199 75 155 202 63 200 170 79 198 198 198 213 198 198 202 38 15 210 202 198 203 214 63 177 55 67 214 153 199 152 216 202 198 202 63 165 65 60 15 200 65 61 216 65 202 65 65 199 202 199 61 44 200 79 60 65 152 58 85 106 65 63 63 164 198 152 60 63 61 200 181 14 153 33 78 60 199 203 14 61 155 203 16 200 34 63 203 64 60 152 78 148 199 62 60 15 162 175
split_gain=165.153 259.748 189.645 113.992 68.0153 53.8759 51.3751 50.7428 42.7547 40.8866 39.1734 36.6305 38.4734 32.3613 33.8577 31.1397 30.9824 36.4185 30.3268 29.5688 29.3852 37.4213 32.2653 44.8633 30.176 29.3582 29.3332 28.6713 29.4821 32.6251 30.919 28.571 27.5847 27.2684 28.851 26.2139 25.9793 30.0152 26.1772 25.7803 27.2928 28.2658 83.0088 36.0345 31.0992 29.6034 28.189 29.979 25.4761 35.1305 25.1322 29.912 25.7183 24.5444 24.3379 24.2266 24.1274 23.9389 28.015 23.8448 38.7247 32.6953 26.4284 23.8069 23.7483 25.2024 39.8487 28.0097 31.2972 27.9378 26.2189 27.1227 25.7853 23.7017 25.205 23.6798 23.4954 23.2339 24.2073 26.6473 25.433 27.3799 23.2279 23.2082 23.1169 41.2916 22.9298 22.8831 22.7832 22.5451 22.5066 22.4924 22.3541 22.1595 22.1328 22.03 25.5794 30.2075 21.9576 21.7183 21.703 22.0638 21.6801 21.6651 26.5958 22.9523 21.9273 29.0798 28.2248 26.879 21.5722 24.5746 23.3473 33.258 24.1424 23.2395 28.2345 23.5949 22.713 22.6553 26.0141 22.1658 36.4506 38.6561 30.8535 28.094
threshold=0.90000000596046459 0.70000001788139354 0.90000000596046459 0.5000000149011613 0.90000000596046459 0.30000000447034841 0.70000001788139354 0.87500000000000011 0.70000001788139354 0.63234999775886547 0.70000001788139354 0.76111111044883739 1.0000000180025095e-35 1.0000000180025095e-35 0.36739130318164831 1.0000000180025095e-35 0.30000000447034841 0.55234998464584362 0.41666667163372045 0.61956521868705761 1.0000000180025095e-35 0.43260869383811956 0.5000000149011613 0.70000001788139354 0.21388889104127887 1.0000000180025095e-35 1.0000000180025095e-35 1.0000000180025095e-35 0.47105263173580175 0.25000000745058065 1.0000000180025095e-35 0.32826086878776556 0.27061854302883154 0.50217390060424816 1.0000000180025095e-35 1.0000000180025095e-35 0.48627451062202459 0.4607843160629273 0.63725492358207714 -1.0000000180025095e-35 0.40588235855102545 0.35882353782653814 0.43260869383811956 1.0000000180025095e-35 1.0000000180025095e-35 1.0000000180025095e-35 0.39347825944423681 0.19215686619281772 0.38333334028720861 0.25000000745058065 0.64690721035003673 1.0000000180025095e-35 1.0000000180025095e-35 0.6318500041961671 1.0000000180025095e-35 1.0000000180025095e-35 0.75000000000000011 1.0000000180025095e-35 0.25000000745058065 0.26739130914211279 0.23725490272045138 0.28478260338306433 0.56443297863006603 1.0000000180025095e-35 0.37500000000000006 0.35882353782653814 1.0000000180025095e-35 0.49782608449459081 0.52500000596046459 0.71578946709632885 1.0000000180025095e-35 0.52500000596046459 0.44565217196941381 0.50833335518836986 0.21388889104127887 0.52105262875556957 0.19782608747482303 0.18421052396297458 0.37368421256542211 1.0000000180025095e-35 0.52391305565834057 -1.0000000180025095e-35 0.40588235855102545 0.55277779698371898 1.0000000180025095e-35 1.0000000180025095e-35 1.0000000180025095e-35 1.0000000180025095e-35 0.66388890147209179 0.7345360815525056 0.37371133267879492 1.0000000180025095e-35 0.28431373834609991 1.0000000180025095e-35 0.32745099067687994 0.48195876181125646 0.41842105984687811 0.4760869592428208 1.0000000180025095e-35 1.0000000180025095e-35 1.0000000180025095e-35 1.0000000180025095e-35 -1.0000000180025095e-35 0.28431373834609991 0.62894734740257274 0.36388888955116278 1.0000000180025095e-35 0.54999998211860668 1.0000000180025095e-35 0.21944444626569751 1.0000000180025095e-35 0.28913043439388281 1.0000000180025095e-35 0.25257731229066854 0.097222223877906813 0.46739129722118383 0.37058824300765997 1.0000000180025095e-35 0.41666667163372045 0.87500000000000011 0.47105263173580175 0.39347825944423681 0.27254903316497808 1.0000000180025095e-35 1.0000000180025095e-35 1.0000000180025095e-35
decision_type=2 2 2 2 2 2 2 2 2 2 2 2 2 2 2 2 2 2 2 2 2 2 2 2 2 2 2 2 2 2 2 2 2 2 2 2 2 2 2 2 2 2 2 2 2 2 2 2 2 2 2 2 2 2 2 2 2 2 2 2 2 2 2 2 2 2 2 2 2 2 2 2 2 2 2 2 2 2 2 2 2 2 2 2 2 2 2 2 2 2 2 2 2 2 2 2 2 2 2 2 2 2 2 2 2 2 2 2 2 2 2 2 2 2 2 2 2 2 2 2 2 2 2 2 2 2
left_child=1 3 8 5 6 18 25 11 -2 84 -6 12 13 15 90 -5 17 -7 27 36 22 24 23 -17 -22 64 -16 28 31 30 32 54 56 59 76 -19 37 63 -38 -8 41 45 43 44 -43 46 -41 -48 103 77 52 89 -33 -11 88 -34 -30 58 -49 60 -24 -61 -62 82 86 70 67 69 -69 72 98 -72 -67 74 -26 -39 -35 -50 79 -79 81 -80 -9 -75 87 -86 95 94 -1 -52 -15 -42 -47 -84 -4 -3 -97 -98 -66 -76 101 -29 -14 104 105 -18 108 109 -105 -108 112 -112 114 -114 -12 117 -117 121 119 -118 -121 124 -123 125 -116 -124
right_child=2 4 9 7 10 16 39 19 -10 53 110 -13 102 14 26 20 48 35 -20 -21 21 -23 33 -25 73 -27 -28 100 29 -31 -32 50 55 34 -36 -37 38 75 -40 40 91 42 -44 -45 -46 92 47 57 49 -51 51 -53 -54 -55 -56 -57 -58 -59 -60 61 62 -63 -64 -65 65 66 -68 68 -70 -71 71 -73 -74 83 99 -77 -78 78 80 -81 -82 -83 93 -85 85 -87 -88 -89 -90 -91 -92 -93 -94 -95 -96 96 97 -99 -100 -101 -102 -103 -104 106 -106 -107 107 -109 -110 -111 111 -113 113 -115 115 116 118 -119 -120 120 -122 122 123 -125 -126 -127
leaf_value=-0.012481634564156519 -0.022901105714419986 0.025493294181547652 0.00848078048822558 -0.038524961346941805 0.023625949969778039 0.02337608476450196 0.032473083871549097 -0.023168806247710831 -0.011193631587989894 -0.0094309230966201849 -0.045104452882991947 -0.034837482191308659 -0.024083873490985272 0.004690565422603806 -0.010219657006774876 -0.0075250095534212889 0.015180333873848699 0.0047834364816179108 -0.023924612869839608 -0.067718209319694952 0.035800450405716382 0.018448976094779544 0.023461409931839077 -0.02369190687657189 -0.033981680538071025 -0.013977781993946262 0.068814721522380884 0.014956157633109493 -0.0077120172973766908 0.024305587708841121 0.030214656558824278 0.00060371563020723319 0.0022299667784236536 0.036249263902499933 0.042900731478706405 0.025243160876689048 -0.057582827721002788 0.07772386820866492 0.024322330493451328 0.0037975265355363469 -0.0071371517074139941 -0.0027528256080965072 0.043799287577359465 -0.075951228479623711 0.058838201742950597 0.082411308075696341 -0.073966171163447614 -0.0097330932325536881 0.060974155015053905 -0.052530464735973829 -0.021123276014593767 -0.064992002282567921 -0.026485721309624267 0.0004012358169774655 -0.050432815171459013 -0.02807325303528916 -0.048973552773513063 0.01734827701631993 -0.083694165090482789 0.018599716331141835 -0.028044140678029662 -0.0019922547285671772 0.0062951258591985113 0.041486940907874026 0.013070170627899315 -0.016945268104941572 -0.049490608793841054 -0.00096416948898883983 0.071016711698046783 0.037509584106166602 0.01417054421113512 -0.051302059855137284 0.018580081069320881 -0.04865238945097615 0.010282748861694342 -0.0053128506457401142 -0.023053373928926608 0.012969701864579925 -0.044817667927887196 0.073996752379526159 0.023621435142129315 0.0020995289121122393 -0.0079196289833387175 -0.01053871205740281 0.021537156676221272 -0.073384779608242856 -0.047629827738020124 0.069396854517370196 0.019255830416113753 0.01361273278465765 0.042183856925708224 -0.050196289457597167 0.014178360124160789 0.052642568900795467 -0.00304034686093418 0.021766434530562723 0.0042641804549697982 -0.055034039572819986 0.06886723730027916 -0.027150349710576911 0.075004438251940211 -0.038380912029768142 0.0151103858432531 -0.0052607114518132825 -0.019383605616073666 -0.04326833228348799 0.018957678265871733 0.004068179300835687 0.038026698427731806 -0.049494168789560783 -0.060675443766767659 0.0010452919010952653 0.03987998735329118 -0.034982324000202854 0.0093049516764724914 0.03566068987151106 0.013437262323920741 0.026357749852478352 0.057066575103823652 -0.060527558470622314 0.028014293097506589 -0.034407853682597536 0.015423935503987433 -0.048445823818959788 0.036907650628631293 -0.063827311251497251
leaf_weight=856.55901794135571 1171.7549543827772 559.4737159460783 851.77484506368637 73.155703350901604 935.79023188352585 403.43114140629768 63.897724449634552 420.65867400169373 2331.4520773887634 1110.2245929688215 17.393452778458595 100.08442282676697 39.339820936322212 69.974123418331146 176.07097338140011 1680.6845997273922 347.72071914374828 1625.5224578678608 143.49130891263485 29.999199539422989 44.318170741200447 264.73218737542629 59.640367478132248 576.24940732121468 46.742935121059418 113.55366767942905 12.578686147928236 278.82421353459358 474.60873141884804 151.51151995360851 86.670300468802452 2334.1155318468809 3373.656254440546 17.608749434351921 19.256061032414436 173.24199682474136 62.439446240663528 15.503980711102484 11.561630219221113 1068.0330099016428 510.25550746917725 243.68101623654366 153.6343681961298 15.51977616548538 22.377409771084785 17.680350288748741 17.539207369089127 521.41267254948616 19.286616742610931 25.636470437049866 157.46542978286743 28.75352181494236 91.032750770449638 1482.0716461092234 39.577284604310989 67.271361410617828 38.28722570836544 82.764438956975937 13.125680819153784 212.50891698896885 251.26078574359417 2074.8547259867191 72.111859560012817 17.285084694623947 1064.4990813434124 214.01771153509617 40.209135964512825 31.033687204122543 29.414386674761772 37.443067282438278 31.114382207393646 32.175839379429817 67.090214267373085 54.584010645747185 287.26330929994583 19.240909278392792 324.44923290610313 526.49943682551384 31.733458876609802 18.516526103019714 136.91355729103088 1548.6438064575195 73.912860110402107 148.8871847987175 308.50237827003002 11.898832917213438 12.886814832687376 13.015919491648672 60.544074326753616 66.414497420191765 93.521094173192978 32.244675293564796 37.384534016251564 18.983461171388626 816.40250386297703 172.69739644229412 112.70152495801449 26.533185631036758 17.928992822766304 44.790003970265388 13.96971710026264 20.838398993015289 342.07145692408085 871.50935983657837 80.545854270458221 17.648980379104614 17.031258940696716 63.03480938076973 39.357788980007172 90.792321041226387 20.051757603883743 82.403997138142586 20.304410099983215 55.083370417356491 819.29703563451767 240.38288517296314 113.09112207591534 219.77411425113678 21.618207678198814 25.199155703186989 12.366893172264097 69.474961176514626 252.7216410189867 29.479532018303871 115.51075293123722 11.700295701622961
leaf_count=3459 5528 2387 3506 331 4540 1685 259 1849 9989 4634 72 410 160 285 724 6842 1406 6657 622 147 180 1094 242 2432 191 461 51 1149 1908 630 349 9427 13568 72 78 746 283 76 49 4342 2099 984 624 63 92 72 75 2103 79 106 634 117 366 6284 162 272 157 340 56 864 1020 8432 293 75 4472 897 189 129 128 158 130 138 282 225 1172 90 1318 2132 128 79 554 6250 319 609 1306 48 56 64 244 267 385 130 152 82 3349 731 476 111 76 183 57 85 1394 3523 325 71 69 254 159 370 82 357 88 232 3524 1066 491 999 106 116 56 293 1094 124 506 48
internal_value=8.47683e-07 0.001686 -0.00634694 -0.00116422 0.00915566 0.00147992 0.00576085 -0.00604615 -0.0151096 0.000335254 0.0151015 -0.00480304 -0.00437279 -0.00526439 0.00948335 -0.00609491 0.0050723 0.00979904 -0.0011382 -0.0192029 -0.00571102 0.00268739 -0.00712644 -0.0116528 -0.00397188 0.010876 -0.00494984 -0.000736529 -0.00133056 0.00152687 0.000672709 -0.00462632 2.51309e-05 -0.00375681 -0.0166482 0.00675395 -0.0169274 -0.0132823 -0.0447863 0.00107831 0.000345014 0.00282888 0.0142371 -0.00189259 0.00242742 4.55489e-06 -0.00116221 -0.00950628 0.00235794 0.00567403 -0.00197655 -0.0169845 -0.00041314 -0.00380967 -0.0120431 0.00163753 -0.0107922 -0.00767481 -0.0115492 -0.00201253 -0.0135588 -7.91451e-05 -0.0203865 -0.0162291 0.0120283 0.00832727 -0.00216254 0.00285863 0.0340621 -0.00306253 0.0121654 -0.0191148 -0.00846666 -0.00699907 0.000394377 0.0317401 -0.0200005 0.00632803 0.00586216 0.0150431 0.00294842 0.00115745 -0.0181717 -0.0207632 0.0057034 0.018012 0.018578 0.00335763 -0.0103864 -0.0108188 0.0261371 -0.00969646 0.0360867 0.00445632 0.00284236 0.0195571 0.00891014 -0.00703595 0.0139944 0.00523347 0.014087 0.0112471 0.0110678 -0.00265042 0.00662369 0.012357 -0.00647345 -0.0229101 -0.0033903 -0.0386819 0.0113491 -0.0110342 0.0124825 -0.0148194 0.0135391 0.0140674 0.0245887 0.0112072 0.00913954 0.00226236 -0.0313792 0.00864228 -0.00183688 0.00586252 0.0127157 0.0119172
internal_weight=38598 30500.9 8097.1 22077 8423.97 14320.7 5362.32 7756.32 3503.21 4593.89 3061.64 7086.74 6986.65 6605.24 352.145 6253.1 6037.07 2202.2 8283.59 669.585 6179.94 891.318 5288.62 2256.93 626.586 2562.77 188.65 8140.1 7826.47 4192.01 4040.49 3634.46 3953.82 3031.69 361.314 1798.76 639.586 565.585 74.0011 2799.55 2735.65 2193.15 435.213 281.578 266.058 1757.94 1702.88 634.842 3834.87 2307.23 2677.78 252.633 2425.15 2592.3 956.68 3440.93 512.896 617.303 534.538 2670.38 383.013 2287.36 323.373 530.84 2449.22 1564.93 419.208 378.999 60.4481 318.551 1145.72 63.2902 281.108 582.267 378.796 34.7449 342.058 2281.59 2262.31 545.016 1717.29 1580.38 513.555 203.471 2001.59 320.401 884.293 1681.19 917.103 223.88 163.495 542.5 55.0649 92.8963 1668.18 871.406 311.932 139.235 1082.43 332.053 313.632 299.663 381.411 1527.64 445.916 365.37 1081.73 170.858 910.867 107.824 2125.85 102.456 2023.4 75.3878 1948.01 1930.62 412.658 1517.96 172.275 150.657 37.566 1298.18 363.376 293.901 934.808 264.422
internal_count=160737 126029 34708 90023 36006 58066 22212 31957 15517 19191 13794 28987 28577 27023 1445 25578 24593 9088 33473 2970 25247 3654 21593 9274 2560 10821 775 32851 31560 16884 16254 14676 15905 12319 1468 7403 2823 2491 332 11391 11132 8903 1763 1139 1076 7140 6916 2574 15505 9328 10811 1018 9793 10918 3865 13840 2065 2499 2159 10851 1555 9296 1313 2325 10360 6599 1783 1594 257 1337 4816 268 1179 2380 1546 166 1390 9222 9143 2211 6932 6378 2250 834 8273 1354 3761 6919 3703 901 670 2229 224 401 6855 3705 1318 587 4548 1355 1291 1234 1554 6177 1802 1477 4375 693 3682 439 9254 439 8815 320 8495 8423 1835 6588 769 663 172 5589 1559 1266 4030 1142
is_linear=0
shrinkage=0.05


Tree=31
num_leaves=127
num_cat=0
split_feature=13 151 151 13 151 13 76 61 214 199 151 13 151 154 205 67 13 205 213 81 202 63 205 70 85 216 200 64 77 63 200 77 175 14 17 153 203 199 199 67 154 151 53 60 151 153 69 198 60 14 35 63 215 61 201 200 202 67 60 64 64 148 63 203 60 61 153 60 60 17 61 201 199 217 203 57 64 201 200 198 198 186 26 200 203 210 15 13 26 199 202 201 60 203 60 184 199 64 217 162 60 60 61 60 200 64 169 213 215 64 71 15 153 151 154 200 199 63 60 214 198 60 64 203 70 77
split_gain=149.415 235.318 172.23 104.854 62.1656 46.5987 43.3547 89.6971 43.8153 64.8316 39.5724 47.3868 39.4856 39.4754 38.9291 38.0581 36.1224 33.6116 30.8036 31.02 30.3791 29.8816 29.7742 32.4747 29.1147 29.6687 47.0362 49.644 36.0124 35.5447 35.1367 35.0991 31.6242 29.4437 40.5758 31.6584 27.0131 29.2227 26.8888 29.3259 27.0376 26.9268 26.0962 25.707 25.4715 43.6879 25.4375 25.0843 24.9548 28.7664 29.328 28.6015 27.7238 27.6003 24.8035 34.8508 30.8613 24.7832 24.6154 28.8352 24.2318 24.0985 23.5221 23.3592 23.0954 23.0541 22.9328 29.9743 36.774 29.5323 24.703 23.2884 22.7894 22.6413 22.462 22.2486 27.1439 22.1915 23.2666 22.703 29.86 32.4276 24.4811 22.8196 25.7952 21.9349 27.055 24.2107 21.8654 21.7215 21.6366 32.2394 21.6219 21.087 25.251 21.0793 23.2139 32.0274 33.932 29.6829 27.5031 24.6371 30.7413 27.1454 24.2049 32.2401 23.0492 21.0393 29.5779 21.4619 21.0227 21.0011 20.996 24.2665 28.5665 23.7614 26.3284 29.0879 26.8489 26.5742 23.4357 25.8477 25.3922 20.9687 20.9506 22.8489
threshold=0.90000000596046459 0.70000001788139354 0.90000000596046459 0.70000001788139354 0.90000000596046459 0.70000001788139354 0.58333334326744091 0.28157894313335424 0.41666667163372045 0.28157894313335424 0.5000000149011613 0.30000000447034841 0.70000001788139354 1.0000000180025095e-35 0.23875000327825549 0.23685000091791156 0.70000001788139354 0.69085001945495617 0.25000000745058065 1.0000000180025095e-35 0.28478260338306433 0.22938144207000735 0.50744998455047619 1.0000000180025095e-35 1.0000000180025095e-35 0.25000000745058065 0.34565217792987829 0.45217391848564154 -1.0000000180025095e-35 0.25257731229066854 0.51739129424095165 0.58333334326744091 1.0000000180025095e-35 1.0000000180025095e-35 1.0000000180025095e-35 0.5000000149011613 0.4083333313465119 0.18421052396297458 0.41842105984687811 0.68825000524520885 1.0000000180025095e-35 0.30000000447034841 1.0000000180025095e-35 0.33137255907058721 0.30000000447034841 0.5000000149011613 1.0000000180025095e-35 0.57647061347961437 0.40588235855102545 1.0000000180025095e-35 1.0000000180025095e-35 0.64175257086753856 0.58333334326744091 0.53421053290367138 0.25257731229066854 0.7130434811115266 0.31956522166728979 0.054250000044703491 0.39019608497619634 0.28043477237224584 0.59347826242446911 0.87500000000000011 0.48195876181125646 0.16388889402151111 0.27254903316497808 0.42368420958518987 1.0000000180025095e-35 0.23725490272045138 0.22549019753932956 1.0000000180025095e-35 0.25000000000000006 0.43298968672752386 0.83421051502227794 -1.0000000180025095e-35 0.24722222238779071 1.0000000180025095e-35 0.31956522166728979 0.30670101940631872 0.61956521868705761 0.23137255012989047 0.30784314870834356 1.0000000180025095e-35 1.0000000180025095e-35 0.28913043439388281 0.38333334028720861 1.0000000180025095e-35 0.83333334326744091 0.30000000447034841 1.0000000180025095e-35 0.40263158082962042 0.44130434095859533 0.51030924916267406 0.24901961535215381 0.61388888955116283 0.48627451062202459 1.0000000180025095e-35 0.42368420958518987 0.4086956530809403 -1.0000000180025095e-35 1.0000000180025095e-35 0.25294119119644171 0.22156862914562228 0.42894735932350164 0.4607843160629273 0.42826087772846227 0.56304347515106212 1.0000000180025095e-35 1.0000000180025095e-35 1.0000000180025095e-35 0.30217391252517706 1.0000000180025095e-35 0.5000000149011613 0.5000000149011613 0.30000000447034841 1.0000000180025095e-35 0.38913042843341833 0.46578946709632879 0.70360824465751659 0.35490196943283087 0.25000000745058065 0.40588235855102545 0.28039216995239263 0.36739130318164831 0.39722222089767462 1.0000000180025095e-35 1.0000000180025095e-35
decision_type=2 2 2 2 2 2 2 2 2 2 2 2 2 2 2 2 2 2 2 2 2 2 2 2 2 2 2 2 2 2 2 2 2 2 2 2 2 2 2 2 2 2 2 2 2 2 2 2 2 2 2 2 2 2 2 2 2 2 2 2 2 2 2 2 2 2 2 2 2 2 2 2 2 2 2 2 2 2 2 2 2 2 2 2 2 2 2 2 2 2 2 2 2 2 2 2 2 2 2 2 2 2 2 2 2 2 2 2 2 2 2 2 2 2 2 2 2 2 2 2 2 2 2 2 2 2
left_child=1 3 12 6 5 46 8 -8 10 -10 11 22 112 44 -4 -16 110 60 19 24 -9 64 -1 -24 25 28 27 43 -17 47 -28 32 33 35 -35 42 -19 -38 39 -23 41 72 54 -27 45 -5 85 75 49 50 52 53 57 -51 55 56 -31 -7 66 -60 107 -39 -20 -50 -13 -11 67 68 -59 70 -69 -71 -40 74 -43 76 89 -56 79 -79 81 83 -82 84 -81 86 87 -3 124 -30 -85 -92 -52 94 -48 96 97 98 -18 101 -101 -100 -103 -104 -99 -106 -98 -12 109 -109 111 -6 113 -2 115 -115 118 123 119 -117 121 -116 -123 -118 125 -65
right_child=2 4 14 13 16 48 7 20 9 65 17 21 -14 -15 15 18 95 36 62 -21 -22 38 23 -25 -26 26 30 -29 29 31 -32 -33 -34 34 -36 -37 37 61 40 -41 -42 73 -44 -45 -46 -47 93 -49 63 51 92 -53 -54 -55 77 -57 -58 58 59 -61 -62 -63 -64 88 -66 -67 -68 69 -70 71 -72 -73 -74 -75 -76 -77 -78 78 -80 80 82 -83 -84 90 -86 -87 -88 -89 -90 -91 91 -93 -94 -95 -96 -97 106 104 99 100 -102 102 103 -105 105 -107 -108 108 -110 -111 -112 -113 -114 114 120 116 117 -119 -120 -121 -122 122 -124 -125 -126 -127
leaf_value=0.0091116843948192156 -0.049541961373914326 0.032785859423646445 0.011876654337859201 -0.03549934122737157 0.025499517344211547 -0.038811156394115628 -0.056400887530030391 -0.0033016652796481446 0.043034866706321437 -0.0098722102394680246 0.013579811914488999 -0.035602245197176384 -0.010660436656112084 0.017886323184695095 -0.013839863638352346 -0.042129672573928197 0.059939751460715257 -0.0041204200900675355 -0.038199009061299943 0.055581343016769424 0.053989428983379488 -0.017070281721313384 0.00095831469741068849 -0.020809746387172083 -0.054479758321998986 0.0312953639116062 -0.04623097897326589 0.063616686561301386 -0.030616080160276889 0.011753956958452185 0.02874975425161529 0.05124577179353132 -0.016694847688917543 -0.010408170635946722 0.050747839246272977 0.041022394221777683 0.065594678300391202 0.0032267689213972372 -0.0057702451411959024 -0.0040041279968488245 0.022432174102752094 -0.025312055378125722 -0.060862684585379224 -0.065760665155041434 -0.0098942603840827762 0.059486852242761172 -0.041455178287255201 0.037104077874637119 -0.061852384825998696 -0.020737823554337741 0.044733061820540848 -0.050270300896331416 -0.051985900084806982 0.0097687386115539836 -0.012018718821976609 -0.049243610687706454 0.052291662830727517 -8.1726552210725073e-05 0.035471985328400568 -0.023867016013330855 -0.023827948208944488 0.028848640288126504 0.0045075168568101615 0.0085348377404079606 -0.0087012594534302459 -0.044261145432122909 0.025915659173819539 0.068827370373993932 -0.042379004732908697 -0.053248371472518069 0.0058695519641693474 0.0043356592709565527 -0.043904046067392295 0.00062704921518121428 0.038952684867791888 0.04707253450717417 -0.036448104135280261 0.036403182561382946 0.047967325575244663 -0.046859570493555387 0.0074043476803782845 0.066661926520654627 0.032253792838811017 -0.022512017530954137 0.01240596844431315 0.043212779027903554 -0.027054854083657633 0.010155801134858915 0.052490017491429779 0.0088179889755985244 0.057966287573998299 -0.041180846316755816 -0.0088753544382630094 0.041493252196343818 0.031829166047139999 -0.022624993502756915 0.017008798048464623 0.023926050856028714 0.040719164955670323 -0.039665790322771399 0.039760445957798159 -0.02921545591785726 -0.0079152721801110729 0.041346653670956128 0.0085040323366472083 -0.074394073726262153 -0.035539302945086101 0.020297957617065075 0.042890646032996006 -0.024920314556273179 -0.030296741195335243 -0.0090073636275643243 0.0090655639570602492 -0.030550253378942724 0.047752189196380718 0.0064216672581044855 -0.045282897422779252 0.045144630670128333 -0.025204501516845081 0.085974239736884728 0.070584580664093094 0.014762523246538435 -0.070138091665584865 -0.015445256260072102 -0.033350387928509639 0.045997644636073351
leaf_weight=1145.0999572724104 82.224339440464973 124.75891080498695 628.78300729393959 175.29817183315754 862.12251450121403 39.134806558489799 27.810989171266556 29.297597914934158 33.906707957386971 77.474743112921715 1338.4043508321047 124.73348447680473 2325.8070851415396 121.89901211857796 540.87366297841072 44.428936511278152 20.947182670235634 1296.7948297709227 88.337701350450516 26.215707615017891 110.07111717760563 624.9682452082634 6421.8163436204195 176.03158728778362 23.498852044343948 11.128946647047998 107.56464001536369 30.154876500368118 54.293805330991745 105.23449486494064 18.279509499669075 40.563879683613777 166.77610448002815 394.50544591248035 29.124785676598549 71.237403050065041 20.087148696184158 1415.1706111729145 1608.2803664654493 1372.5494816303253 119.02588126063347 16.849333122372627 14.025898545980452 17.631293967366219 2592.3928830176592 13.003400444984434 58.670036911964417 23.502395078539848 10.82152636349201 188.0201717466116 63.922567144036293 47.76201593875885 25.474671125411987 122.41446667909622 161.14781783521175 15.033256962895392 84.76966492831707 145.79382047057152 23.556031480431557 156.42904835939407 50.239637941122055 98.135745123028755 50.774795711040497 410.69625847041607 221.4161374270916 131.38463820517063 105.66697457432747 15.792613461613653 79.358592122793198 37.907177776098251 1161.8000082224607 32.707723692059517 40.157178282737732 2414.6135884523392 70.441050440073013 13.117162749171255 128.72061382234097 61.203266084194183 34.659021019935608 20.648477301001549 929.04729120433331 15.203746005892752 110.95136374235153 231.02452197670937 165.6667702794075 52.696561738848686 46.769234657287598 2244.1666555404663 31.86769001185894 97.868684500455856 21.331815898418427 13.318027958273886 26.651085898280144 13.374091878533362 14.699180260300635 46.06297904253006 1179.6188221722841 274.08975730836391 22.745925024151802 13.418535143136976 58.050431132316589 167.53229403495789 210.47942174971104 32.249647155404091 55.974240094423294 14.837624385952948 21.243876412510872 34.52588352560997 27.080556899309158 109.35500375926495 18.366554766893387 46.46985487639904 52.12357984483242 531.42328242957592 16.298316642642021 101.77685490250587 110.47593979537487 13.860616669058798 67.454622656106949 11.7049473375082 13.098615616559981 17.324394106864929 17.912664160132408 126.08143894374371 26.664522916078568 45.178122758865356
leaf_count=4644 444 625 2604 842 4271 158 129 129 143 350 5464 510 9989 506 2233 182 91 5277 379 134 504 2560 25882 713 101 48 506 160 254 436 78 212 690 1620 127 295 82 5728 6577 5591 483 68 62 86 10789 53 240 100 44 761 267 194 133 495 658 64 364 591 95 633 205 426 212 1667 902 591 430 65 320 153 4690 132 167 9728 284 56 543 252 143 84 3829 62 457 941 675 225 216 9394 129 403 87 54 108 57 64 192 5193 1220 99 56 256 713 896 144 243 64 87 141 111 444 78 191 221 2552 67 481 531 64 319 53 53 76 81 586 110 216
internal_value=9.28193e-07 0.00160445 -0.00604442 -0.00110725 0.00872791 0.00548352 0.000234651 0.0255855 1.14554e-05 -0.021094 0.000284781 -0.000985559 -0.0144205 -0.00996313 0.00031901 -0.00151529 0.0144326 0.00443918 0.000433278 0.0014101 0.0419459 -0.00409395 0.00166923 0.00037754 0.000973897 0.00137706 -0.0180781 0.018793 0.0025566 0.00321773 -0.0353396 0.00508817 0.00438027 0.00579861 -0.00620367 0.00827343 0.00119136 0.00568355 -0.00330404 -0.00809217 -0.0010638 -0.00173763 0.00709711 -0.0282043 -0.011184 -0.02894 0.010365 -0.0126027 0.0010251 -0.00124521 0.00118834 -0.01425 -0.000190942 -0.00870809 0.00758116 0.0240414 0.0298397 0.000542846 0.0014184 -0.0161009 0.0103329 0.00488831 -0.0226115 0.0108476 -0.0183949 -0.0315048 0.00341533 0.00180164 -0.0149901 0.00483055 0.00671387 -0.0265763 -0.00669921 0.00153142 0.0265479 -0.0165763 -0.0195486 0.00566813 0.00744611 0.00655066 0.00533842 -0.0051618 0.0100554 -0.00757777 0.00583784 0.0113003 0.0106041 0.0113476 0.0123769 -0.00525266 -0.016986 0.0198581 0.0289589 -0.0162477 -0.026773 0.0108288 0.0115728 0.00535496 -0.00241615 -0.00500533 0.0248479 -0.00993268 -0.0127409 -0.0013702 0.0171935 -0.00886609 0.0160792 0.01147 -0.00504707 -0.0140697 0.0226641 0.0237347 -0.0219481 -0.023405 -0.0213132 -0.0234734 -0.0147548 -0.025255 -0.000222504 0.014627 0.0108648 -0.00431409 -0.0283965 -0.0293799 0.0097278 0.0122475
internal_weight=38533.5 30455.3 8078.21 22058.3 8396.96 5352.75 19155.7 167.18 18988.5 242.766 18745.8 14356 3487.57 2902.59 4590.65 3961.86 3044.21 4389.79 3420.99 3281.88 139.369 6613.03 7742.95 6597.85 3255.66 3232.16 184.759 58.9151 3047.4 3002.98 125.844 2685.47 2644.91 2478.13 423.63 2054.5 2830.19 1533.39 6266.89 1997.52 4269.37 4150.34 1983.27 28.7602 2780.69 188.302 2555.13 317.503 2797.62 2272.39 1914.2 358.197 1823.62 310.435 1969.24 205.037 190.004 1798.15 1759.01 179.985 1559.61 1513.31 139.112 525.228 346.15 208.859 1579.03 1473.36 225.152 1248.21 1177.59 70.6149 1648.44 2501.9 87.2904 294 280.883 1764.2 1603.05 1568.4 1507.19 467.193 1040 451.99 186.315 2468.39 2415.69 2368.93 514.407 152.162 265.674 34.6498 90.5737 86.7433 73.3692 2117.25 2071.19 870.325 525.423 504.476 71.469 433.007 410.261 242.729 344.902 70.8119 1200.86 1509.37 170.961 143.881 926.959 908.592 1161.76 1109.64 1027.41 962.778 431.354 250.418 180.936 113.482 64.634 51.5354 35.2371 236.557 482.539 455.874
internal_count=160737 126029 34708 90023 36006 22212 77833 762 77071 1084 75987 58109 15517 12190 19191 16587 13794 17878 14354 13763 633 26870 31239 26595 13629 13528 878 294 12650 12468 584 11112 10900 10210 1747 8463 11513 6236 25458 8151 17307 16824 8168 134 11684 895 10821 1356 11391 9225 7775 1450 7400 1256 8106 864 800 7267 7109 728 6365 6154 591 2166 1412 941 6381 5951 911 5040 4755 285 6744 10080 352 1256 1200 7242 6584 6441 6189 1903 4286 1841 759 10460 10235 10019 2122 657 1082 141 375 361 304 9254 9062 3782 2255 2164 312 1852 1753 1040 1527 307 5280 6160 696 585 4540 4462 5528 5307 4863 4586 2034 1181 853 534 277 224 157 1117 1993 1883
is_linear=0
shrinkage=0.05


Tree=32
num_leaves=127
num_cat=0
split_feature=13 151 151 13 151 151 286 13 151 67 79 13 65 14 208 64 152 151 13 200 201 15 151 13 200 216 154 205 65 64 14 188 200 64 215 161 61 17 152 201 162 69 62 215 64 207 148 205 79 153 81 77 65 61 60 201 201 216 186 200 208 62 78 79 62 214 148 46 14 244 148 201 64 65 67 205 153 65 205 36 214 60 161 250 188 203 61 207 201 261 165 203 33 208 203 79 69 192 215 203 152 163 209 64 153 62 60 148 13 164 161 25 201 61 223 65 203 61 163 60 201 61 67 207 201 65
split_gain=135.322 213.149 156.447 97.9339 56.7916 48.3963 45.2085 42.2179 36.662 35.8536 34.3784 33.4116 33.0904 32.7848 29.3583 33.7444 29.0623 37.9767 39.2174 35.3714 43.0464 33.6449 33.3433 28.1037 27.6242 27.0853 25.8437 25.13 25.0451 27.911 30.0986 24.4287 27.2383 25.2376 24.881 24.2097 24.1667 28.5395 44.6975 31.0129 28.1547 30.8236 25.2269 26.6106 24.2744 24.1316 26.4079 23.8327 24.1504 23.7381 23.5871 23.5216 23.1596 22.9528 22.8205 27.2355 27.2694 22.4743 22.172 22.0035 21.8486 21.8313 21.6385 21.4044 20.9075 20.8743 20.7707 20.6539 21.4924 24.4413 21.6842 29.9765 29.9494 23.2715 21.424 32.168 20.5469 23.7207 21.1365 20.5349 20.5318 21.8524 23.1787 26.6102 20.4489 24.5762 30.7245 22.9716 25.6098 24.1775 20.8498 26.0469 20.3431 20.0592 31.6144 20.0485 20.674 19.9859 19.9148 24.0985 21.4658 19.9137 19.8092 21.3423 21.703 27.807 20.5844 19.6968 20.781 19.6951 19.6765 19.5442 19.5231 20.5658 19.5015 19.4863 19.3822 19.3471 19.3133 19.2693 19.2535 19.2466 19.7143 19.2422 25.582 23.345
threshold=0.90000000596046459 0.70000001788139354 0.90000000596046459 0.5000000149011613 0.90000000596046459 0.5000000149011613 0.87500000000000011 0.70000001788139354 0.70000001788139354 0.60025000572204601 1.0000000180025095e-35 0.70000001788139354 0.76111111044883739 1.0000000180025095e-35 1.0000000180025095e-35 0.36739130318164831 1.0000000180025095e-35 0.5000000149011613 0.70000001788139354 0.43260869383811956 0.52577319741249096 1.0000000180025095e-35 0.5000000149011613 1.0000000180025095e-35 0.61956521868705761 1.0000000180025095e-35 0.75000000000000011 0.87804999947547924 0.35833333432674414 0.51304346323013317 1.0000000180025095e-35 1.0000000180025095e-35 0.50217390060424816 0.54782608151435863 0.25000000745058065 1.0000000180025095e-35 0.41315789520740515 1.0000000180025095e-35 1.0000000180025095e-35 0.26288658380508428 1.0000000180025095e-35 1.0000000180025095e-35 0.39347825944423681 0.58333334326744091 0.51304346323013317 1.0000000180025095e-35 0.37500000000000006 0.83394998311996471 0.25000000745058065 1.0000000180025095e-35 1.0000000180025095e-35 0.25000000745058065 0.48055554926395422 0.18421052396297458 0.48627451062202459 0.36855669319629675 0.54381442070007335 1.0000000180025095e-35 1.0000000180025095e-35 0.35869564116001135 1.0000000180025095e-35 0.36739130318164831 1.0000000180025095e-35 0.41666667163372045 0.51739129424095165 0.41666667163372045 0.87500000000000011 1.0000000180025095e-35 1.0000000180025095e-35 1.0000000180025095e-35 0.87500000000000011 0.30154637992382055 0.58043476939201366 0.58611109852790844 0.53130000829696666 0.15974999964237216 0.5000000149011613 0.71666666865348827 0.60124999284744274 1.0000000180025095e-35 0.25000000745058065 0.23137255012989047 1.0000000180025095e-35 1.0000000180025095e-35 1.0000000180025095e-35 0.44722221791744238 0.51052629947662365 1.0000000180025095e-35 0.35309277474880224 1.0000000180025095e-35 1.0000000180025095e-35 0.40277777612209326 1.0000000180025095e-35 1.0000000180025095e-35 0.51944443583488475 1.0000000180025095e-35 1.0000000180025095e-35 1.0000000180025095e-35 -1.0000000180025095e-35 0.44166666269302374 1.0000000180025095e-35 1.0000000180025095e-35 1.0000000180025095e-35 0.22391304373741153 0.5000000149011613 0.30217391252517706 0.33137255907058721 0.87500000000000011 0.5000000149011613 1.0000000180025095e-35 1.0000000180025095e-35 1.0000000180025095e-35 0.32216493785381323 0.18421052396297458 1.0000000180025095e-35 0.25277778506278997 0.38333334028720861 0.68684211373329174 1.0000000180025095e-35 0.37058824300765997 0.41494844853878027 0.39210526645183569 0.48555000126361852 1.0000000180025095e-35 0.48195876181125646 0.64166668057441723
decision_type=2 2 2 2 2 2 2 2 2 2 2 2 2 2 2 2 2 2 2 2 2 2 2 2 2 2 2 2 2 2 2 2 2 2 2 2 2 2 2 2 2 2 2 2 2 2 2 2 2 2 2 2 2 2 2 2 2 2 2 2 2 2 2 2 2 2 2 2 2 2 2 2 2 2 2 2 2 2 2 2 2 2 2 2 2 2 2 2 2 2 2 2 2 2 2 2 2 2 2 2 2 2 2 2 2 2 2 2 2 2 2 2 2 2 2 2 2 2 2 2 2 2 2 2 2 2
left_child=1 3 8 5 7 26 12 28 93 13 27 79 14 25 16 -16 17 18 53 20 21 -18 -22 -7 65 35 36 114 58 50 -31 32 33 63 118 98 40 39 59 -38 45 -42 44 60 80 51 -47 48 -9 101 84 121 92 -5 55 -15 119 -17 -3 -39 -44 -48 -29 123 -53 97 -25 68 69 70 74 -72 73 -73 -10 -76 77 78 -13 -6 81 -41 95 -84 87 -86 -87 89 -89 90 107 -92 -34 102 -95 96 -83 -8 99 -4 -100 -20 103 106 -105 -106 120 108 111 -21 -46 -30 -80 -114 -11 -24 -107 -54 -33 -57 -2 122 -1 125 -125 -19
right_child=2 4 9 6 11 23 24 47 67 10 -12 76 -14 54 15 57 19 31 49 109 22 -23 115 66 -26 -27 -28 62 29 30 -32 34 52 -35 -36 -37 37 38 -40 42 41 -43 43 -45 110 46 61 -49 -50 -51 -52 64 117 -55 -56 56 -58 -59 -60 -61 -62 -63 -64 -65 -66 -67 -68 -69 -70 -71 71 72 -74 -75 75 -77 -78 -79 112 -81 -82 82 83 -85 85 86 -88 88 -90 -91 91 -93 -94 94 -96 -97 -98 -99 100 -101 -102 -103 -104 104 105 116 -108 -109 -110 -111 -112 -113 113 -115 -116 -117 -118 -119 -120 -121 -122 -123 -124 124 -126 -127
leaf_value=-0.0081671775646524909 -0.014320369796951372 0.019448714307938413 0.068759630040849604 -0.046521714341629758 0.023156967739831724 0.038771290298588251 -0.011747965173405818 0.0041726224232982497 -0.018499443182263112 0.0060390903441254057 0.03620416077657207 0.015480599222763521 -0.033037844151230927 0.0058700147303837298 0.025967516207341695 0.002318181394340263 -0.0078132596602699528 -0.0036451589772756631 -0.027147382429530797 0.021583588044905212 0.044195950451859596 -0.067364037475635005 -0.048010800867648244 0.0057883603315789641 -0.06587190178996373 -0.024717155846248132 -0.037134614250837333 -0.0059331677043536349 0.025562062611673649 0.00039967191315177998 -0.042726169558416391 0.017861485835639627 -0.0019587726347261749 -0.020760787930969651 -0.047279667008435194 0.027689426581617271 0.0075726849111018794 -0.0093182463521987585 0.046652797763238663 -0.015256824410824816 -0.0046497429934436261 -0.061739762788740396 -0.0057092099606956123 -0.045118934403488763 -0.020956058517769507 -0.0035356399980482007 0.066963062957243705 -0.0043384788192260297 0.05153226146249118 0.0092653434791369685 -0.048250058046294772 0.016044887226964243 -0.025557489884752996 -0.0063282340035459156 -0.058981914112624684 -0.023778413469850036 0.0051581689962188022 -0.047050231372486796 -0.026367069506664488 -0.043122114928437136 0.018128869088056915 0.0060736989567760384 0.026701881055415367 0.059116002022886041 0.076545823540087155 -0.052078101041722759 0.024084969250005743 0.021165396855536422 -0.022510638575560772 -0.069357795083632254 -0.033341888119774843 0.034510611258349193 -0.048843688964407578 -0.01772968198827574 0.019190323140874575 -0.0090090766154544873 0.0385639772617326 0.037662214211807606 -0.00666307814993533 -0.018137387206397033 -0.019648083261967441 0.0037734918393490819 -0.0034399909755990117 -0.045107560049529219 -0.036828969883425551 0.029636179172206286 -0.024036266759102011 -0.05915585655153166 0.024388136212835573 0.044026212643473277 -0.043922370996458876 0.025163952616023784 -0.068027335313148724 -0.017299463252104845 0.0552987541892263 0.0227671260827036 -0.023614444204340949 -0.058446648539260584 -0.005399209591178576 -0.0019087007157647621 0.011801677956434473 0.013002458286833087 0.024479872979894089 -0.027001538830349114 0.068001123533490082 -0.050993377874821569 -0.024879865947875484 0.030973858264261963 0.0063722988040847669 -0.032761147965393325 0.040264375328717447 -0.018442977281069625 0.063418882927503001 0.007065801310334123 0.05694778428420573 0.0094553873527556936 0.027096653344974238 -0.084949475768172647 -0.02769795406783129 -0.063577420488038425 0.070389610701748054 0.011435614878233261 0.0034382546777408929 0.0035464971170595487 0.065072985252596013 0.01394199611719495
leaf_weight=443.04070974886417 11.149081081151964 699.53313140571117 21.868241354823112 36.244156032800674 886.53931821882725 73.68675372004509 572.57651925086975 1564.9993159770966 524.93905027210712 1679.5542593747377 80.816735178232193 691.96275874972343 99.55436247587204 99.701143056154251 171.26210208237171 167.21971465647221 449.0958431661129 2082.6992238461971 529.76636841893196 264.84583979845047 71.60062849521637 25.040814250707626 17.442560270428658 1839.2425486445427 28.906388536095619 121.58688494563103 46.182978644967079 806.49347791075706 279.76744204759598 171.79326766729355 52.922289192676544 274.16323980689049 196.39695744216442 170.50203520059586 17.536273896694183 74.06961578130722 986.96817103028297 92.010407030582428 23.05756850540638 172.74069911241531 484.20406644046307 24.856707260012627 2764.9399510473013 41.68560017645359 181.85578210651875 40.507842689752579 46.062752857804298 1202.4099097251892 27.389420375227928 56.228964820504189 17.751804426312447 201.45934903621674 141.22975701093674 1776.2033105492592 33.091136291623116 80.891818955540657 48.650311216711998 26.739375248551369 27.4427130818367 100.9619015455246 99.583423346281052 21.635340601205826 54.206389099359512 14.789797395467756 15.369051396846769 37.495338723063469 169.40033787488937 51.478687435388565 337.16738836467266 16.535349741578102 36.057878226041794 112.6683806926012 15.409237414598463 26.293382063508034 111.49166332185268 1088.2812311500311 62.512151256203651 71.959148123860359 294.4304573982954 31.164230227470398 111.54281942546368 3190.6831448674202 171.47832506895065 49.342666417360306 48.901242926716805 60.265380829572678 47.822305664420128 23.457900866866112 15.063635542988775 58.819407254457474 36.356965482234955 21.837775900959969 12.385921344161032 49.57751676440239 21.498712584376335 136.12259627878666 70.425079703330994 23.86657090485096 1169.6244365125895 26.906988650560379 214.66746561229229 32.795144379138947 21.741562053561211 957.07271403074265 13.651205360889433 18.305581972002983 26.435719430446625 130.93068930506706 828.23331782221794 17.791844204068184 14.145832419395445 27.733284831047058 16.464193731546402 972.53671373426914 19.024623170495033 95.626851320266724 14.040871158242224 15.186394304037092 25.418259516358376 48.73712432384491 16.838871195912361 590.79841759800911 2102.4548688083887 52.703513443470001 24.865683853626251 207.48534372448921
leaf_count=1796 53 2996 90 150 4390 346 2519 6348 2268 7032 352 3091 410 410 703 686 1840 8470 2262 1096 292 104 71 7503 147 542 194 3408 1199 720 245 1113 800 693 73 303 3988 372 93 696 1955 105 11169 179 736 163 195 4928 115 237 80 843 575 7259 141 335 200 112 117 408 410 88 259 62 69 193 753 213 1516 75 157 473 73 111 466 4637 281 318 1261 150 479 12863 690 199 206 258 201 98 63 247 154 94 50 241 96 558 284 111 4825 110 896 141 94 4645 57 80 127 581 3443 73 57 119 75 4228 83 390 58 62 103 205 77 2388 8487 215 101 844
internal_value=9.2752e-07 0.00152678 -0.00576339 -0.00105277 0.00831911 0.00139795 -0.00558516 0.00521912 -0.0137703 0.000304231 0.00409631 0.0137904 -0.00441501 -0.00485685 -0.00400637 0.00979353 -0.00476908 -0.00612064 -0.0108425 0.003366 -0.00298196 -0.0109583 0.0174972 0.00844397 -0.0180711 -0.00201609 0.000197684 0.00308241 0.00987316 0.006742 -0.0097568 -0.00257235 -0.00400456 -0.00217758 0.0106075 -0.000184702 0.000339261 -0.00120992 -0.0191426 -0.000725157 0.00354171 -0.00743737 -0.00189436 -0.00545766 0.00063245 0.00515641 0.0283967 0.000975011 0.00498722 -0.0217107 0.00906365 0.00440645 -0.0167767 -0.007132 -0.0197307 -0.0150581 -0.026762 -0.00448779 0.0177192 -0.0270042 -0.00488049 0.0475037 -0.00387783 -0.000847707 0.0203333 -0.0158915 0.00733142 -0.010152 -0.0108626 -0.00882942 -0.00830682 0.00770471 0.0172924 0.0246261 -0.0100747 -0.00638858 0.0103262 0.00946403 0.00843684 0.0217547 0.00149485 0.00211697 0.00294647 -0.0127507 0.00970792 -0.00741719 0.00588935 0.0115983 -0.0264864 0.0126585 0.0112659 -0.0179975 -0.00587825 -0.0210689 0.00465961 0.00396679 0.00318204 -0.0136166 -0.00162541 0.0297753 -0.0027318 -0.0248068 -0.0227633 -0.0237346 -0.0253892 0.00815899 0.00676003 0.0126104 0.0104934 0.0181626 -0.0165377 0.0215933 0.00463919 0.00800393 0.00660928 0.000590413 -0.0170962 -0.0313238 0.013996 -0.0387418 0.0366451 0.00330534 0.00141834 -0.00122226 0.0232695 -0.0020518
internal_weight=38463.6 30413.1 8050.52 22042.1 8371 14306.4 7735.67 5343.43 3470.63 4579.89 2640.1 3027.57 7072.82 1939.8 6973.27 365.221 6608.04 5666.6 2431.24 941.444 658.807 474.137 184.67 2082.33 662.845 1628.72 12224.1 2559.28 2548.63 1821.66 224.716 3235.36 2918.24 2553.05 317.118 1507.14 12177.9 8207.54 216.03 7991.51 3970.39 509.061 7004.55 2906.21 4098.34 3461.33 108.206 2794.8 1592.39 618.79 1596.94 3353.12 365.199 1812.45 311.072 277.98 178.279 193.959 726.976 192.972 2864.52 67.6981 860.7 2382.54 216.828 633.938 2008.64 2320.32 2268.84 1931.68 1915.14 190.429 154.371 138.962 1724.71 1199.77 2109.87 2047.35 1975.39 917.704 3902.34 3790.79 3618.05 220.821 1579.19 156.989 108.088 1422.2 38.5215 1383.68 1324.86 58.1947 208.783 1150.31 71.0762 3397.23 3261.11 596.443 1433.07 48.7752 1384.29 562.562 1079.24 1057.49 1003.07 45.9977 54.4237 1266.66 1135.73 282.638 196.002 307.501 1283.43 989.001 1698.58 113.069 32.3465 156.416 299.581 129.629 27.988 3136.29 2545.5 2367.75 77.5692 2290.18
internal_count=160737 126029 34708 90023 36006 58066 31957 22212 15517 19191 11134 13794 28987 8057 28577 1501 27076 23210 10049 3866 2697 1944 753 8602 2970 6766 49464 10782 10821 7708 965 13161 11872 10385 1289 6224 49270 33181 873 32308 16089 2060 28320 11758 16562 14029 446 11391 6463 2640 6743 13583 1487 7409 1291 1150 740 798 3113 780 11579 283 3667 9692 912 2823 8256 9989 9776 8260 8185 814 657 584 7371 5103 9254 8973 8655 4540 15769 15290 14594 889 6663 665 459 5998 161 5837 5590 248 850 5528 337 13705 13147 2630 5921 200 5721 2403 5191 5097 4840 195 257 5342 4761 1169 793 1318 5564 4303 7115 461 138 637 1216 540 130 12671 10283 9630 316 9314
is_linear=0
shrinkage=0.05


Tree=33
num_leaves=127
num_cat=0
split_feature=75 13 77 208 214 215 63 31 152 77 205 153 201 67 16 65 76 286 205 201 39 203 70 200 215 215 214 205 176 200 203 200 63 65 163 286 188 67 286 177 203 52 63 200 35 216 61 214 37 76 152 155 63 63 63 65 65 61 153 70 179 65 200 47 154 76 61 203 13 61 148 65 205 205 153 65 61 148 61 286 13 70 17 286 148 37 201 217 168 26 63 61 72 101 203 51 65 216 162 153 65 200 65 63 65 203 201 203 61 161 63 50 17 200 63 148 67 250 148 203 148 79 77 79 61 155
split_gain=130.432 122.961 79.9311 76.4374 68.992 64.7577 63.0696 59.4833 55.3367 50.2706 49.478 47.8519 46.9304 41.7308 39.7617 39.829 37.3834 33.054 44.1334 32.1852 39.0853 32.0641 33.6117 31.9014 29.9718 29.7693 28.9889 28.8933 28.6143 28.4666 63.1791 34.5868 28.1503 27.6125 30.3936 37.3282 27.4326 27.3658 25.7574 39.9443 25.2408 25.1721 25.0374 24.8487 24.7743 24.4539 25.2309 36.3653 32.7781 26.6232 27.354 29.7876 24.1408 24.9709 32.5573 23.9119 29.7628 24.5807 24.0001 23.645 26.4507 23.5718 24.5512 23.245 23.0491 23.8817 23.0108 28.2448 22.9957 22.6009 22.5065 22.2664 21.8271 21.7535 21.5635 31.5362 23.0208 37.5258 21.521 25.0853 26.5046 21.5181 21.4493 21.1656 21.9303 20.9139 20.8894 23.1891 22.6212 21.0221 24.7437 24.5722 24.3304 22.8697 23.0623 21.3766 20.5975 30.9487 21.2408 20.3959 20.8171 20.2133 20.1788 24.6291 30.1854 25.9063 24.0912 22.4963 21.3376 20.1534 22.5581 20.1297 20.0292 19.8118 19.7673 19.7623 22.3537 29.5992 19.6783 22.3679 19.6545 20.608 19.4713 19.4652 19.1749 19.1429
threshold=1.0000000180025095e-35 0.90000000596046459 0.25000000745058065 1.0000000180025095e-35 0.25000000745058065 0.25000000745058065 0.27061854302883154 1.0000000180025095e-35 1.0000000180025095e-35 1.0000000180025095e-35 0.37784999608993536 0.5000000149011613 0.38402061164379125 0.6318500041961671 1.0000000180025095e-35 0.47499999403953558 0.25000000745058065 0.37500000000000006 0.57034999132156383 0.39948453009128576 1.0000000180025095e-35 0.39166666567325598 1.0000000180025095e-35 0.50217390060424816 0.25000000745058065 -1.0000000180025095e-35 0.58333334326744091 0.18984999507665637 1.0000000180025095e-35 0.37173913419246679 0.51388889551162731 0.45000000298023229 0.55927833914756786 0.46944443881511694 1.0000000180025095e-35 0.62500000000000011 1.0000000180025095e-35 0.25534999370574957 0.62500000000000011 1.0000000180025095e-35 0.28055556118488317 1.0000000180025095e-35 0.48195876181125646 0.2434782609343529 1.0000000180025095e-35 0.25000000745058065 0.48157894611358648 0.41666667163372045 1.0000000180025095e-35 0.25000000745058065 1.0000000180025095e-35 1.0000000180025095e-35 0.25257731229066854 0.35824741423130041 0.53865978121757518 0.55833333730697643 0.41388888657093054 0.57631579041481029 1.0000000180025095e-35 1.0000000180025095e-35 1.0000000180025095e-35 0.63333332538604747 0.25652173161506658 1.0000000180025095e-35 1.0000000180025095e-35 0.58333334326744091 0.35526315867900854 0.25277778506278997 0.5000000149011613 0.36578947305679327 0.62500000000000011 0.61388888955116283 0.50744998455047619 0.83394998311996471 1.0000000180025095e-35 0.52500000596046459 0.72631579637527477 0.62500000000000011 0.41315789520740515 0.87500000000000011 0.70000001788139354 1.0000000180025095e-35 1.0000000180025095e-35 0.87500000000000011 0.87500000000000011 1.0000000180025095e-35 0.23711340129375461 1.0000000180025095e-35 1.0000000180025095e-35 1.0000000180025095e-35 0.44072164595127111 0.52105262875556957 1.0000000180025095e-35 1.0000000180025095e-35 0.097222223877906813 1.0000000180025095e-35 0.54722222685813915 -1.0000000180025095e-35 1.0000000180025095e-35 1.0000000180025095e-35 0.66388890147209179 0.38913042843341833 0.44166666269302374 0.47164948284626013 0.29722222685813909 0.46944443881511694 0.55154636502265941 0.21388889104127887 0.41842105984687811 1.0000000180025095e-35 0.28092782199382788 1.0000000180025095e-35 1.0000000180025095e-35 0.27608695626258856 0.30154637992382055 0.62500000000000011 0.40244999527931219 1.0000000180025095e-35 0.87500000000000011 0.29722222685813909 0.62500000000000011 1.0000000180025095e-35 -1.0000000180025095e-35 -1.0000000180025095e-35 0.45526316761970526 1.0000000180025095e-35
decision_type=2 2 2 2 2 2 2 2 2 2 2 2 2 2 2 2 2 2 2 2 2 2 2 2 2 2 2 2 2 2 2 2 2 2 2 2 2 2 2 2 2 2 2 2 2 2 2 2 2 2 2 2 2 2 2 2 2 2 2 2 2 2 2 2 2 2 2 2 2 2 2 2 2 2 2 2 2 2 2 2 2 2 2 2 2 2 2 2 2 2 2 2 2 2 2 2 2 2 2 2 2 2 2 2 2 2 2 2 2 2 2 2 2 2 2 2 2 2 2 2 2 2 2 2 2 2
left_child=1 2 3 4 5 6 33 9 10 13 70 17 78 55 26 -16 21 61 -19 20 36 28 120 44 101 -5 41 -15 32 30 38 -31 -2 59 35 63 42 -12 40 68 -27 43 -11 -4 83 46 48 74 49 50 52 -52 -29 -54 96 56 58 -58 85 60 -1 62 -7 -35 65 86 67 -57 -40 -67 82 -34 -45 -33 76 -76 -48 -78 79 80 -6 -44 -8 84 102 -3 125 89 -89 90 118 95 93 94 -92 112 97 -55 -98 100 -93 -14 103 104 105 106 -10 -104 -105 110 -66 115 -91 -69 -18 -21 -117 -118 -88 -120 -23 -122 -47 -74 -99 -39
right_child=16 7 14 25 12 11 8 -9 23 19 37 -13 24 27 15 -17 114 18 -20 111 -22 22 -24 -25 -26 29 -28 45 -30 31 -32 73 71 34 -36 -37 -38 64 39 -41 -42 -43 81 72 -46 122 47 -49 -50 -51 51 -53 53 54 -56 66 57 -59 -60 -61 -62 -63 -64 -65 109 69 -68 113 -70 -71 -72 -73 123 -75 75 -77 77 -79 -80 -81 -82 -83 -84 -85 -86 -87 87 88 -90 91 92 99 -94 -95 -96 -97 98 124 -100 -101 -102 -103 107 108 -106 -107 -108 -109 -110 -111 -112 -113 -114 -115 -116 116 117 -119 119 -121 121 -123 -124 -125 -126 -127
leaf_value=-0.0016075136358751374 0.0075780119055363143 -0.014180973206093545 0.035333247512902614 -0.035532975058446319 -0.014103649990496854 -0.047457497472163511 0.0059110327928782042 0.033308759033856709 -0.01697689902783777 0.0202038202516895 -0.0073374407059686071 0.041532679211019857 0.03309845107354676 0.0068836915429872124 -0.066517084991838463 0.029292790853806119 0.041633837612327626 -0.0037742706248541217 -0.024118358781974793 0.0057423922349136985 0.055256660813789431 0.010073931898167118 -0.024547655874991643 0.025355552434291242 -0.065719876544518496 -0.01895147119806977 0.064510528861233193 -0.026679950479387406 -0.035360005716669536 0.033786379115806724 0.030831684949830136 0.0195517632123345 -0.0079745472015297827 -0.011896748765741002 0.016528918715554015 -0.034096878976783769 -0.054615697017380005 0.0048095391740756816 0.0087143204149266809 0.066928004904422259 0.01295298560965991 0.078486626625100295 -0.010676094043207254 0.025683434444336295 0.034354641808063774 0.04396439943582426 -0.01208457487954028 -0.056348114436438806 0.025106686935450498 0.041662890400470561 0.014766471618545472 -0.065096552580129183 0.012233378037636428 0.044776919902843208 0.0022834273830311998 0.057310600808024317 -0.026576115741806079 -0.0090000550453060487 0.013196266804240292 -0.029659180529337317 0.048725015012176714 0.052623838219603064 0.0044067220644244355 0.018409476585253309 0.061857398078252662 -0.013942141481626431 -0.0096513729938123311 0.042661281006607078 -0.033713748363703257 0.043141049941808063 0.016527050838434438 -0.062427361584328149 0.05599912083979916 -0.0063429661978676461 0.029738740771082402 -0.02407931574345969 -0.0024869520005001825 0.065684923248161831 -0.037687325573421075 -0.049196137880462017 0.046414014278903008 -0.071411489606722556 -0.016367734874642624 -0.014596233214203145 0.029326821644693874 0.011426048954079573 0.00084863188356446451 -0.014133308672811812 0.026765562722301264 0.011247125208994856 -0.058252010318759539 -0.0068075693872835588 -0.028825464791085911 -0.044772999836642714 -0.0025311275146564678 0.060515550388627284 -0.0061998286755605694 -0.021062444827499829 0.053857082153946904 0.035175147395286897 0.028842635491396713 -0.0032186960202901477 0.030892133433650167 0.018773749168741 0.033311178840269233 0.026880010923710215 0.036456639531503639 -0.0017355073856388714 -0.0087275446468839148 0.06286092143497414 0.0066840246769070237 -0.015639026258914827 -0.034755483917612136 -0.0082082564215746508 0.017256193874070805 0.0055538146786753839 0.051505002698144675 -0.021968118327583056 -0.016320462083064962 0.028395373948207309 0.013673161747511615 0.034221862787046295 -0.027315635693114418 0.0057447239064753082 -0.065307185841085982 0.036170819447170953
leaf_weight=1688.4692650735378 817.24936805665493 998.29992847144604 112.06211957335472 32.670345768332481 77.81890781223774 25.386828139424324 2108.5796074867249 92.977609381079674 111.75101536512375 58.266962215304375 1297.1532171666622 43.020167529582977 48.039833441376686 458.50337406992912 29.951413720846176 17.006198883056641 126.80476528406143 448.53461603820324 657.15632435679436 131.20115788280964 22.138486176729202 621.85422007739544 53.651552736759186 266.06523551046848 16.418252751231194 81.242498427629471 28.957286387681961 136.91218544542789 48.869458824396133 276.52028577029705 189.18668420612812 223.01411664485931 135.78942017257214 962.18372121453285 89.565575569868088 188.64423461258411 35.517423942685127 1121.7680618166924 41.754932567477226 13.040626227855681 261.63640417158604 14.866040989756582 90.324579998850822 192.13815557956696 78.633392781019211 10.102703288197516 1435.1169148534536 40.81049157679081 110.92118546366692 32.713523373007774 246.25506569445133 12.256846770644186 187.62676039338112 17.086502090096474 454.52461138367653 29.190201163291931 715.47605118155479 275.53310687839985 102.31885573267937 74.197925984859467 26.512255385518074 22.460998460650444 225.50385540723801 67.724742382764816 19.833419859409332 24.462520971894264 431.25891003012657 24.133266687393188 135.80729560554028 59.555045679211617 498.27736441791058 21.785638451576233 19.74496628344059 127.45856916904449 81.047824904322624 40.985568642616272 123.69125705957413 24.123385831713676 230.1347222328186 34.871079549193382 23.573066636919975 17.391355842351913 113.87091507017612 120.10484379529953 104.37181721627712 86.658063396811485 4935.9817357063293 475.76391337811947 36.395439937710762 753.06732797622681 18.631740570068359 555.7547257989645 92.401307120919228 32.512089267373085 5584.6494344621897 21.349687278270721 113.87372004985809 379.42131367325783 16.908718794584274 34.831306770443916 44.205437541007996 189.24226197600365 56.573636442422867 108.40226377546787 204.70289811491966 96.622543513774872 26.002931103110313 798.3261075168848 201.88489829003811 19.430495366454124 281.05821453034878 43.418484807014465 24.428824990987778 92.513781040906906 241.59576147794724 59.164523288607597 113.79861697554588 15.584914550185202 35.887077748775482 126.71950428187847 255.89926315844059 233.20740808546543 185.43469186127186 798.69750812649727 26.177303194999695 50.865115225315094
leaf_count=6928 3453 4321 497 136 328 104 8689 393 459 255 5363 201 200 1969 127 71 571 1897 2879 566 110 2572 227 1111 87 339 164 590 206 1163 795 953 568 3922 365 791 182 4586 171 54 1092 67 386 864 324 70 6155 203 471 140 1057 53 802 74 1936 125 3086 1185 434 307 109 92 934 277 84 108 1832 101 588 270 2128 90 89 533 344 175 529 100 1000 167 99 77 474 516 459 366 20118 1966 151 3094 76 2272 381 133 22799 89 492 1632 72 144 180 805 233 449 850 399 107 3294 834 80 1148 194 101 397 1088 251 537 70 153 546 1095 1038 891 3519 116 208
internal_value=7.45323e-07 -0.000777477 0.000737702 0.000174791 -0.000441723 -3.40554e-05 0.000589357 -0.00643735 0.00159225 -0.00693162 0.000699528 -0.0103967 -0.016917 -0.00812812 0.0132921 -0.0318185 0.0109116 -0.0120167 -0.0158656 0.00711691 -0.00780522 0.00843093 0.0141053 0.00913653 -0.000386577 0.0116281 0.0151081 -0.00495145 0.00197542 0.0127697 0.00600597 0.0205656 0.0038471 -0.00606171 -0.0115829 -0.0136492 -0.0147337 -0.000382611 -0.00279788 -0.0175334 0.00539347 0.0138505 -0.00619968 0.0129946 0.00687409 -0.00642764 -0.00546102 -0.00970462 -0.00119028 -0.00298666 -0.00390471 0.0109799 -0.00679233 -0.00451497 -0.00763249 -0.0128948 -0.0152922 -0.0216894 -0.00995259 -0.00202499 -0.000829413 0.00355191 -0.000841253 -0.00990387 0.000246083 -5.67157e-05 -0.00384538 0.0133237 -0.0237365 0.0265207 0.00692283 -0.015503 0.0105175 0.0101345 -0.00858815 0.0116637 -0.0101494 0.00863871 -0.0283629 -0.0126148 -3.36317e-05 -0.0204822 0.00476954 0.00569247 0.00711861 -0.0121357 -0.00021684 -0.000803198 -0.0112269 -0.000367763 -0.00112116 0.00532189 -0.00337628 -0.00295903 -0.00271641 0.0111571 -0.0157758 -0.0211411 0.00156486 -0.00202136 -0.00418084 0.00413403 0.00567377 0.0116633 0.0192833 0.00703146 -0.00689059 0.000423651 0.000880338 0.0135078 0.0103208 0.016306 0.00980173 0.00231621 0.0256471 0.0206438 0.0310129 0.0426548 0.00141243 0.0185266 0.015972 0.0234708 -0.0236329 0.00695711 -0.023918 0.00616989
internal_weight=38402.5 35845.7 28276.1 27062.7 25680.3 25060.2 23638.2 7569.66 20540.9 7476.68 18367.4 1422.06 620.098 6889.88 1213.42 46.9576 2556.71 1379.04 1105.69 586.807 223.639 2188.31 1164.61 2173.44 253.7 1382.33 1166.47 4134.49 1023.69 1349.66 722.668 626.993 974.824 3097.3 1308.12 1218.55 201.5 15646.7 533.482 190.603 342.879 1137.51 165.983 1122.64 1907.38 3675.99 3480.45 1745.78 1734.68 1623.76 1591.04 258.512 1332.53 1195.62 1007.99 2755.38 2178.29 991.009 1187.28 1789.18 1714.98 273.352 250.891 1029.91 14349.6 14029.2 577.096 145.837 177.562 84.0176 2720.73 157.575 1010.58 350.473 1704.96 122.033 1582.93 147.815 366.398 136.263 101.392 107.716 2222.45 1828.74 1708.64 1084.96 13945.2 12772.6 512.159 12260.4 10826.8 1433.64 5728.19 5635.79 5603.28 798.846 553.468 422.685 130.782 634.791 599.96 237.282 1604.27 749.367 439.079 234.376 137.754 854.9 310.287 320.322 300.892 363.168 777.496 116.647 368.401 319.749 188.548 129.384 5098.59 162.607 1110.96 489.107 195.537 818.442 405.599 1172.63
internal_count=160737 149829 117090 111692 105868 103182 97075 32739 84376 32346 75341 6107 2686 29718 5398 198 10908 5906 4776 2628 1010 9249 4932 9035 1092 5824 5200 17871 4317 5688 3039 2649 4111 12699 5355 4990 900 64050 2244 813 1431 5036 718 4969 7924 15902 14941 7506 7435 6964 6824 1110 5714 5124 4322 11847 9392 4271 5121 7344 7037 1130 1038 4199 58687 57375 2455 623 759 378 11291 658 4472 1486 7303 519 6784 629 1594 594 427 463 9163 7600 7084 4687 56997 52203 2117 50086 44206 5880 23389 23008 22875 3284 2386 1822 564 2596 2452 1005 6625 3098 1815 965 566 3527 1283 1312 1232 1618 3195 498 1659 1424 858 607 20817 699 4705 2133 961 3608 1748 4794
is_linear=0
shrinkage=0.05


Tree=34
num_leaves=127
num_cat=0
split_feature=75 13 151 151 13 205 151 219 83 75 286 154 205 286 63 151 213 72 253 13 151 214 152 13 205 214 67 208 13 36 213 67 208 63 63 15 64 64 213 77 148 238 151 200 205 64 72 70 153 72 78 202 238 193 153 64 151 202 33 151 22 238 199 188 36 64 63 63 200 192 214 154 15 63 70 67 15 172 205 199 202 64 216 64 64 186 199 63 214 214 64 76 63 199 215 205 13 63 49 64 200 200 64 42 175 205 205 63 215 67 148 63 216 64 219 77 14 63 199 152 199 205 76 55 200 199
split_gain=117.978 111.243 170.519 135.084 88.9407 56.0656 47.9143 45.3588 44.1818 39.2623 38.8628 36.658 34.8326 33.6806 33.5352 32.7663 30.4156 28.8554 28.0924 27.2571 25.9425 28.9294 27.7784 39.0493 25.9365 25.8969 28.0455 25.8136 25.5051 25.3269 25.0674 24.8834 27.965 24.6561 23.8447 23.7699 23.1555 23.0989 25.5058 22.9026 22.6599 22.6245 24.7531 31.7397 22.4484 25.7646 22.4265 23.7488 22.3579 22.0869 24.8815 21.8425 21.6869 21.6794 25.8709 21.5793 21.4684 22.6166 21.3208 21.3191 21.0219 20.3606 20.0268 24.0404 20.2513 19.7191 20.6955 19.6125 19.9985 19.0128 19.4022 20.6148 18.9257 23.1213 18.9711 18.7885 23.4486 20.453 21.5089 20.4464 18.6036 18.5248 18.2324 24.422 18.8042 19.3352 18.1897 18.1836 22.3435 18.1466 34.9725 17.8869 17.7884 17.7479 18.1043 17.5631 17.5587 20.4428 22.3237 20.2075 25.3474 19.2076 20.0318 17.916 17.509 24.8845 17.4613 17.3955 17.3584 18.484 17.3566 17.3483 17.3441 17.2233 17.2102 17.1826 23.2197 23.5252 20.9116 19.8501 18.1397 17.0585 17.0497 17.0062 16.9905 16.9617
threshold=1.0000000180025095e-35 0.90000000596046459 0.70000001788139354 0.90000000596046459 0.5000000149011613 0.65254998207092296 0.30000000447034841 1.0000000180025095e-35 1.0000000180025095e-35 0.75000000000000011 0.87500000000000011 1.0000000180025095e-35 0.70655000209808361 0.62500000000000011 0.53865978121757518 0.70000001788139354 0.58333334326744091 1.0000000180025095e-35 1.0000000180025095e-35 0.5000000149011613 0.5000000149011613 0.41666667163372045 1.0000000180025095e-35 0.70000001788139354 0.55234998464584362 1.0000000180025095e-35 0.60025000572204601 1.0000000180025095e-35 0.30000000447034841 1.0000000180025095e-35 1.0000000180025095e-35 0.47384999692440039 1.0000000180025095e-35 0.17783504724502566 0.53865978121757518 0.83333334326744091 0.31956522166728979 0.56304347515106212 -0.25000000745058054 1.0000000180025095e-35 0.62500000000000011 1.0000000180025095e-35 0.90000000596046459 0.61956521868705761 0.36464999616146093 0.30217391252517706 1.0000000180025095e-35 1.0000000180025095e-35 0.83333334326744091 1.0000000180025095e-35 0.25000000745058065 0.51304346323013317 1.0000000180025095e-35 1.0000000180025095e-35 0.5000000149011613 0.34565217792987829 0.5000000149011613 0.6347826123237611 1.0000000180025095e-35 0.90000000596046459 1.0000000180025095e-35 1.0000000180025095e-35 0.66315788030624401 1.0000000180025095e-35 1.0000000180025095e-35 0.53913041949272167 0.51030924916267406 0.47164948284626013 0.4760869592428208 1.0000000180025095e-35 0.41666667163372045 0.75000000000000011 1.0000000180025095e-35 0.54381442070007335 1.0000000180025095e-35 0.36225000023841863 0.5000000149011613 1.0000000180025095e-35 0.012550000101327898 0.52105262875556957 0.21956521272659305 0.4086956530809403 0.25000000745058065 0.47173912823200231 0.19782608747482303 1.0000000180025095e-35 0.71578946709632885 0.28092782199382788 1.0000000180025095e-35 0.25000000745058065 0.49782608449459081 0.25000000745058065 0.51030924916267406 0.57631579041481029 0.25000000745058065 0.044350000098347671 0.70000001788139354 0.36340205371379858 1.0000000180025095e-35 0.24782607704401019 0.55652174353599559 0.38913042843341833 0.31086955964565283 1.0000000180025095e-35 1.0000000180025095e-35 0.25554999709129339 0.037100000306963928 0.71391752362251293 -1.0000000180025095e-35 0.6318500041961671 0.87500000000000011 0.56443297863006603 -1.0000000180025095e-35 0.60434782505035411 1.0000000180025095e-35 1.0000000180025095e-35 1.0000000180025095e-35 0.57474225759506237 0.18421052396297458 1.0000000180025095e-35 0.2578947395086289 0.99915000796318065 0.25000000745058065 1.0000000180025095e-35 0.34130434691905981 0.52105262875556957
decision_type=2 2 2 2 2 2 2 2 2 2 2 2 2 2 2 2 2 2 2 2 2 2 2 2 2 2 2 2 2 2 2 2 2 2 2 2 2 2 2 2 2 2 2 2 2 2 2 2 2 2 2 2 2 2 2 2 2 2 2 2 2 2 2 2 2 2 2 2 2 2 2 2 2 2 2 2 2 2 2 2 2 2 2 2 2 2 2 2 2 2 2 2 2 2 2 2 2 2 2 2 2 2 2 2 2 2 2 2 2 2 2 2 2 2 2 2 2 2 2 2 2 2 2 2 2 2
left_child=1 2 4 11 6 59 16 12 9 14 18 15 37 19 17 53 31 25 20 123 22 46 23 -6 28 26 91 41 -8 107 35 114 87 -30 67 39 -19 38 -5 52 -28 42 43 80 -27 -46 47 62 65 50 61 -50 82 54 56 -16 -3 -58 -34 106 -57 89 96 64 -64 104 -67 68 -13 70 71 -12 74 -74 -61 -17 77 78 -77 -79 -21 -70 84 -84 -15 86 125 88 -33 108 -91 -2 -56 94 -89 -39 97 98 99 -22 101 102 -101 -98 -40 -106 -4 -24 -14 -110 -44 -49 -99 -97 -1 116 118 -118 -26 124 -120 -55 -80 -7 -117 -86
right_child=8 3 5 7 10 13 24 -9 -10 -11 69 34 49 30 55 75 -18 36 -20 27 21 -23 29 -25 115 44 40 -29 33 -31 -32 32 58 -35 -36 -37 -38 95 48 -41 -42 -43 110 -45 45 -47 -48 111 51 -51 -52 -53 -54 121 92 60 57 -59 -60 72 -62 -63 63 -65 -66 66 -68 -69 81 -71 -72 -73 73 -75 -76 76 -78 79 122 -81 -82 -83 83 -85 85 -87 -88 93 -90 90 -92 -93 -94 -95 -96 113 103 112 -100 100 -102 -103 -104 -105 105 -107 -108 -109 109 -111 -112 -113 -114 -115 -116 119 117 -119 120 -121 -122 -123 -124 -125 -126 -127
leaf_value=-0.0073983416959156924 0.0070802847315478345 -0.039083071076712508 0.02906401551899376 0.06529823244442283 -0.0067435939502274557 0.01773726341303614 0.022097903627638291 -0.047822857546743272 -0.036577660968538296 0.036104901163566926 -0.015392989629477835 -0.0054082642669914015 0.030630286346680836 -0.045246020116403558 0.019257236642725092 -0.021365921478466859 -0.033327762251802021 -0.06197781275376011 -0.046447132434946296 0.020600258805569576 0.014528995194925412 -0.047933889089768054 0.0039171505677690959 -0.021306610569260476 0.032532299224591589 0.047315745204799808 0.015985294509163406 0.023589986957045592 -0.055276447846987181 -0.056218855100340949 -0.032094926442930972 -0.0057624102913580184 0.020269765194166706 0.0072960712252881643 0.04183228965619451 -0.049759248912254458 0.00069381735027165044 0.078673092710603271 0.0036587031079130979 0.022107877515302615 0.0336946796528819 0.043050470552506756 0.0062321149425188984 0.033568555378808172 0.016254222191194292 -0.027867634200297659 -0.026079149836654728 -0.032035971446972525 0.055239669903459458 -0.036356015302020622 0.02145023051682313 -0.019801839510667853 -0.068798495872312057 0.021173956323219886 -0.0061474380216867235 -0.0044380335463327846 -0.023184264482424197 0.031758368256522639 -0.041340742444047084 0.021771640872147811 -0.043687864325738762 -0.050529216906903374 0.0084788113196261183 0.045189880016238443 -0.057046684313561927 0.010577089599676404 -0.07070009127092608 -0.042392150276897488 0.079138888203012736 -0.06028218608798968 -0.048843875934381081 0.0469460601500514 0.014062070625750276 -0.038680854949732495 -0.0099560452352982845 0.030306833558835122 -0.043407925607351718 0.051834631711998883 -0.010845313726519029 -0.0035161967675136439 -0.0029525093172130391 -0.0029229427068376349 -0.036236413646950322 0.027490469900876426 0.00061984204831149728 -0.038196843653443988 -0.038626700968800491 -0.00064389181428047048 -0.043557654444740405 -0.047874869163477558 0.034580326239641176 0.028787582643013971 0.064692890950478366 0.0048723376322994984 -0.014223134661718026 0.030945434346752999 -0.0049945607192760418 0.048091140857183273 0.039175834122952891 -0.023243836594319306 0.034624265029052817 -0.028543511281240594 0.0033441943838814926 -0.048619633838926882 0.024001080200087649 -0.029114867337306123 0.0080328603390983754 0.059872368839223637 -0.010066213453205634 0.00022519870424905612 0.025643210135422242 0.013658323851155063 0.0047997335962993576 -0.002665295880413933 -0.059572750452273907 0.001428230414131538 -0.0044374330517015269 -0.03702670468403628 -0.027651783625056166 -0.031362278563234959 0.0028888773933710477 -0.048306900221420118 0.036513968296752047 -0.025301044445473854 0.024505219206269992 0.021029139636697683
leaf_weight=1178.4552696943283 825.33789995312691 238.4818129837513 104.67927169799805 16.362996473908424 1833.9761709719896 537.45092263817787 354.04041455686092 49.717394970357418 49.11013263463974 150.0856686681509 522.30891126394272 80.012571156024933 37.033650055527687 21.666630029678345 84.461897984147072 392.29045152664185 75.649813801050186 21.879795640707016 40.681800723075867 87.77464471757412 86.124918639659882 34.016144052147865 397.32214747369289 614.55821640789509 58.755465403199196 17.896406680345535 497.07474960386753 160.30832181870937 16.049220815300941 17.105198875069618 78.483221277594566 850.80402520298958 226.52647466957569 826.02179107069969 41.003350839018822 25.733105957508087 45.156008571386337 12.750758692622183 1787.0833026096225 94.814487487077713 283.73750506341457 34.940959468483925 1045.2190393358469 65.186290755867958 51.553658112883568 92.368291184306145 91.366597607731819 98.659006491303444 37.010553151369095 52.700706645846367 94.736884243786335 13.139771789312361 12.719613417983053 45.256409838795662 34.494841724634171 286.93101200461388 639.22504717111588 19.295838832855225 14.970153108239172 930.36833934485912 38.717656269669533 24.030940592288971 317.11974067986012 44.51743420958519 12.246980205178259 13.38107670843601 18.886862829327583 24.299916848540306 15.912288174033167 25.775954440236092 42.666627123951912 13.607155025005339 63.066889032721519 30.989042818546295 49.627722784876823 33.418414011597633 48.656221136450768 27.520106583833694 1499.6375615298748 42.373991146683693 1870.4340388178825 12.111916005611418 74.528042793273926 18.833089351654053 357.90737125277519 28.058316394686699 23.455615699291229 3594.3858622759581 40.987448468804359 55.565132617950439 16.732075735926628 107.22863586246967 11.925262361764906 1478.116438344121 263.44415281713009 96.662709563970566 1358.6919009238482 23.621116876602173 26.473596125841141 116.35534423589706 27.776102125644684 159.91246730089188 181.10594856739044 23.949594870209694 29.190768197178841 90.146613135933876 1726.0491454154253 14.392954751849173 734.11689957976341 1075.487707644701 129.42034202814102 26.31136192381382 1126.4892715066671 62.929201558232307 16.02044665813446 126.74090123176575 400.63048806786537 64.258242279291153 49.332384422421455 23.705502852797508 3366.1669380962849 10.976427271962164 19.247934550046921 23.976874783635139 215.17384245991707 142.26662462949753
leaf_count=4776 3486 1262 444 73 7509 2414 1483 232 207 709 2319 348 153 93 354 1744 338 92 174 358 347 144 1647 2635 238 77 2059 692 65 71 326 3426 935 3356 169 132 188 54 7408 450 1271 147 4653 268 222 391 375 407 156 222 467 56 53 210 147 1211 3100 90 61 4327 160 113 1291 181 50 55 79 105 66 122 239 63 280 137 221 138 223 113 6498 177 7639 53 352 83 1529 120 97 14461 170 264 78 481 50 5945 1098 414 5601 95 107 468 112 643 728 99 120 370 7157 60 3054 4484 599 108 4543 259 66 533 1626 259 199 98 13613 53 82 105 928 602
internal_value=7.81506e-07 -0.000739388 0.000701542 -0.00612925 -0.00168384 0.00702644 0.000756731 -0.000340576 0.0103886 0.0113103 -0.00612429 -0.0138525 0.000212546 0.00372696 0.00972832 -0.0151185 -0.00177909 0.0124716 -0.00502465 0.00569416 -0.00477056 -0.00203304 -0.00834283 -0.0103988 0.00432445 0.0136239 0.0154296 0.0040057 0.0108377 0.00339647 -0.00512906 -0.00146766 -0.000243422 0.00610349 0.00851671 -0.00248354 -0.0197616 0.00463828 0.00312855 -0.000912279 0.0224207 0.00303461 0.00259741 -0.000754219 -0.00549591 -0.0120629 -0.0016134 -0.000997491 0.00261705 -0.00439768 -0.00357115 0.0355782 -0.00412472 -0.0225481 -0.0243457 -0.00326351 -0.0262293 -0.0215743 0.0164506 0.0125163 -0.0091046 -0.00479116 -0.000233702 0.0107035 0.00604235 0.00176441 -0.0369955 -0.00180582 0.00732296 -0.0182655 -0.0163937 -0.0138102 0.0181087 -0.00331538 0.0201649 -0.0115186 -0.00920666 -0.00818082 -0.00937214 0.0182776 -0.00189678 0.0436722 -0.00289087 -0.0233812 0.00044564 0.0022401 0.00440689 -0.000890775 -0.00749951 -0.00421838 -0.0287919 0.00957624 0.0120513 0.000213736 -0.00157119 0.0222039 -0.00153997 0.00179055 -0.00571008 -0.00779015 -0.0117523 -0.0145687 -0.00705601 -0.00575022 0.00242046 -0.0161223 0.0092354 0.00587326 -0.00325631 -0.0039498 0.00837081 -0.0224155 0.00568886 0.0176923 -0.00809811 0.00251469 0.0015523 -0.00894201 0.00295654 0.0128834 0.00244776 0.00761157 -0.0102452 0.0158992 0.015951 0.00642495
internal_weight=38360.7 35809.1 28255.3 7553.81 20517.4 7737.96 13240.2 4317.67 2551.54 2502.43 7277.13 3236.14 4267.95 4833.18 2352.34 3062.8 7739.36 1942.23 6672.77 3954.71 6632.09 3754.74 2877.35 2448.53 5500.88 1875.2 1713.38 3393.28 1196.11 428.82 878.466 7663.71 6469.23 842.071 173.34 799.983 67.0358 2177.54 2005.2 774.25 780.812 3232.98 3198.03 2023.39 161.818 143.922 3720.72 3629.35 1988.84 2090.4 2037.7 50.1503 679.435 999.656 943.423 410.111 897.003 658.521 241.497 2904.78 325.649 1942.97 3504.38 373.884 329.367 1938.69 32.2679 132.337 108.037 604.359 578.583 535.916 1074.05 94.0559 979.996 2063.14 1670.85 1622.2 1552.3 69.8941 1958.21 28.0242 666.716 93.3611 573.355 551.688 523.63 6227.74 891.791 1918.94 72.2972 932.567 46.4201 5335.95 3857.83 172.343 3130.5 1747.86 597.748 571.275 485.15 457.374 297.461 1382.64 1906.42 119.337 1830.73 411.715 1846.64 1809.6 1174.64 124.97 1150.11 159.592 1194.48 4304.76 3939.14 464.889 3474.25 365.62 3415.5 56.2328 1518.89 561.428 341.915 500.174
internal_count=160737 149829 117090 32739 83812 33278 53674 18111 10908 10701 30138 14628 17879 20712 9992 13887 31276 8267 27395 16875 27221 15299 11922 10144 22398 7987 7297 14356 4904 1778 3837 30938 26096 3421 741 3511 280 9044 8317 3379 3330 13664 13517 8265 690 613 15155 14780 8244 8835 8613 212 2929 4912 4649 1725 4452 3190 996 12566 1371 8146 14265 1522 1341 8032 134 572 467 2743 2621 2382 4965 417 4548 8975 7231 7008 6718 290 7997 119 2876 435 2441 2348 2228 25100 3596 8033 342 3967 197 21504 15559 727 12743 7043 2405 2298 1951 1839 1196 5700 7898 490 7601 1707 7691 7538 5252 515 4638 673 4842 17494 15935 1885 14050 1559 13812 263 6580 2519 1461 2131
is_linear=0
shrinkage=0.05


Tree=35
num_leaves=127
num_cat=0
split_feature=75 13 151 151 13 16 151 151 219 83 75 286 13 209 31 177 201 63 62 67 63 151 198 162 61 202 106 61 214 213 61 60 198 200 60 61 250 62 23 215 198 60 253 69 199 85 60 198 13 79 160 62 214 169 151 61 202 148 67 62 199 201 61 67 198 198 192 60 62 60 63 200 67 62 200 61 148 13 215 152 199 67 85 85 201 61 202 61 123 17 35 148 60 213 193 165 62 15 63 15 202 202 60 61 198 198 63 217 201 148 13 63 148 69 112 168 32 200 202 15 202 51 175 198 201 200
split_gain=106.761 100.758 154.259 122.879 80.4209 62.371 47.345 43.2715 41.3622 39.9121 35.9882 35.4546 35.2285 31.9367 32.742 31.8214 35.955 30.6514 34.7289 32.4304 30.3675 29.741 28.8632 35.4706 28.8587 37.2365 29.0936 28.7027 28.191 27.685 34.3379 26.9853 34.9261 26.8194 26.6774 33.8143 31.9586 32.8628 31.5186 32.0606 27.6141 26.5119 25.6228 25.4107 25.2561 25.0851 25.257 31.6732 26.7613 25.1025 24.981 24.4375 24.0431 23.9086 23.8938 23.8712 33.3015 32.6125 25.7454 23.6352 24.5735 34.8431 25.426 23.5252 22.7487 33.2799 23.5926 22.5312 25.223 33.6952 29.058 25.0075 22.462 22.4118 23.8553 21.9887 21.8963 28.0529 21.8598 21.5086 21.4957 21.4003 21.3272 21.2887 20.95 23.7496 21.7569 20.8086 20.7194 20.568 21.2381 20.4063 20.3638 24.7434 20.2686 20.0518 19.9417 23.2097 19.8411 19.6766 19.6723 19.5984 19.5604 21.2492 24.5106 27.8167 19.5055 19.2289 19.201 19.0741 19.0459 24.1435 19.3031 26.4682 24.6117 18.9189 18.6931 19.4256 18.664 18.6119 30.3962 19.2495 18.7959 27.4915 20.4255 23.2636
threshold=1.0000000180025095e-35 0.90000000596046459 0.70000001788139354 0.90000000596046459 0.5000000149011613 1.0000000180025095e-35 0.90000000596046459 0.30000000447034841 1.0000000180025095e-35 1.0000000180025095e-35 0.75000000000000011 0.87500000000000011 0.70000001788139354 1.0000000180025095e-35 1.0000000180025095e-35 1.0000000180025095e-35 0.32216493785381323 0.25257731229066854 0.7130434811115266 0.27245000004768377 0.53865978121757518 0.70000001788139354 0.4450980424880982 1.0000000180025095e-35 0.28157894313335424 0.21304347366094592 1.0000000180025095e-35 0.50263157486915599 1.0000000180025095e-35 0.58333334326744091 0.3605263233184815 0.18235294520854953 0.29607844352722174 0.40652173757553106 0.30784314870834356 0.33421052992343908 1.0000000180025095e-35 0.40652173757553106 1.0000000180025095e-35 1.0000000180025095e-35 0.23137255012989047 0.61764708161354076 1.0000000180025095e-35 1.0000000180025095e-35 0.42894735932350164 1.0000000180025095e-35 0.48627451062202459 0.57647061347961437 0.30000000447034841 0.25000000745058065 1.0000000180025095e-35 0.39347825944423681 0.41666667163372045 1.0000000180025095e-35 1.0000000180025095e-35 0.36578947305679327 0.49782608449459081 0.62500000000000011 0.65834999084472667 0.39782609045505529 0.45000000298023229 0.7345360815525056 0.83421051502227794 0.43304999172687536 0.48627451062202459 0.4607843160629273 1.0000000180025095e-35 0.40588235855102545 0.42391304671764379 0.19215686619281772 0.71391752362251293 0.5978260636329652 0.47384999692440039 0.30652172863483435 0.38913042843341833 0.38157895207405096 0.87500000000000011 0.5000000149011613 -1.0000000180025095e-35 1.0000000180025095e-35 0.28157894313335424 0.60324999690055858 1.0000000180025095e-35 1.0000000180025095e-35 0.66752576828002941 0.39210526645183569 0.28913043439388281 0.29736842215061193 1.0000000180025095e-35 1.0000000180025095e-35 1.0000000180025095e-35 0.62500000000000011 0.35882353782653814 0.41666667163372045 1.0000000180025095e-35 1.0000000180025095e-35 0.30217391252517706 0.83333334326744091 0.19329896569252017 0.5000000149011613 0.56304347515106212 0.43260869383811956 0.4450980424880982 0.41842105984687811 0.4607843160629273 0.57647061347961437 0.32989689707756048 0.25000000745058065 0.49484536051750189 0.37500000000000006 0.70000001788139354 0.36340205371379858 0.37500000000000006 1.0000000180025095e-35 1.0000000180025095e-35 1.0000000180025095e-35 1.0000000180025095e-35 0.34130434691905981 0.4086956530809403 1.0000000180025095e-35 0.27173914015293127 1.0000000180025095e-35 1.0000000180025095e-35 0.40980392694473272 0.25257731229066854 0.65652173757553112
decision_type=2 2 2 2 2 2 2 2 2 2 2 2 2 2 2 2 2 2 2 2 2 2 2 2 2 2 2 2 2 2 2 2 2 2 2 2 2 2 2 2 2 2 2 2 2 2 2 2 2 2 2 2 2 2 2 2 2 2 2 2 2 2 2 2 2 2 2 2 2 2 2 2 2 2 2 2 2 2 2 2 2 2 2 2 2 2 2 2 2 2 2 2 2 2 2 2 2 2 2 2 2 2 2 2 2 2 2 2 2 2 2 2 2 2 2 2 2 2 2 2 2 2 2 2 2 2
left_child=1 2 4 13 7 6 12 29 17 10 20 42 82 14 21 16 28 18 27 -19 81 94 23 -7 25 -21 34 31 115 72 -31 32 -5 -24 36 80 40 -38 39 78 -26 45 54 -22 -29 46 48 75 49 96 -27 53 -42 76 101 56 57 -23 -57 -53 61 62 -61 -56 65 66 95 68 70 -70 71 107 -1 -17 -75 -48 77 -18 -37 -40 -36 -2 -4 88 85 -33 -87 -59 -71 90 -77 -83 -93 -94 -3 -13 -9 109 -46 102 -60 -6 103 104 -50 -106 -76 -14 -67 -98 111 -65 -113 114 -114 -8 -69 -118 -109 122 -121 -122 124 -124 -80 -126
right_child=9 3 5 8 11 22 15 41 -10 -11 -12 64 67 -15 -16 73 51 19 -20 24 43 55 33 -25 26 50 -28 44 -30 30 -32 84 -34 -35 35 38 37 -39 79 -41 52 -43 -44 -45 98 -47 47 -49 99 -51 -52 59 -54 -55 63 58 -58 87 100 60 -62 -63 -64 110 -66 108 -68 116 69 83 -72 -73 -74 74 106 89 -78 -79 119 -81 -82 91 -84 -85 -86 86 -88 -89 -90 -91 -92 92 93 -95 -96 -97 97 -99 -100 -101 -102 -103 -104 -105 105 -107 -108 118 -110 -111 -112 112 113 -115 -116 -117 117 -119 -120 120 121 -123 123 -125 125 -127
leaf_value=-0.007694771157878662 0.0069748864814322652 -0.023204160896990671 0.0097451794075986437 -0.042330872277473501 -0.04898557477352472 -0.014201475253687255 0.0038996087280757925 -0.0026399391817103295 -0.045891839099606174 -0.03473652018763005 0.034625179999250834 -0.016900848134034318 0.0026122147465457279 0.020947638675925615 0.031350656173544232 0.021465157430764315 0.050608057433723111 -0.0088165648922823147 0.044462336103440699 -0.064500064006152699 -0.00030530910889426082 -0.0052393891479553438 -0.072249562841380621 0.040189896953916254 0.039201626733109486 0.033216275284030233 0.063017044170237402 -0.024981915168552797 -0.033753743661145807 0.041586969017853505 -0.047458362906356327 -0.056768945694905641 0.039081721552110905 0.0099733563853747001 -0.088343408277143584 0.0368141883461479 -0.028356531012193011 0.023234801006083071 -0.03554303300834398 -0.018555339288127432 0.010000636750030059 -0.023320749041197235 -0.044506054354578946 -0.058526514191833516 -0.016635956614270461 -0.038813292649840042 0.050539250340898678 -0.041909478075146889 0.010115995314771168 0.043359189460205561 -0.023216123244391706 -0.035752771492883188 -0.057835171090891285 -0.050491867704822661 -0.010822769606357504 -0.021545764042799426 -0.032772578607739793 -0.0039594032934436481 -0.01088409191440958 0.0085714692030087174 0.021383064100301996 -0.075132971647646096 -0.061617836613634173 -0.0061911237247206426 -0.044675194956326096 0.084709399280635769 -0.069709180128130696 0.0065779051745671856 0.060975076402917286 -0.0094395110233919353 -0.04284027532180474 0.036855581125234439 -0.00023131692915957097 -0.054045410411231121 -0.05531087342404644 0.013059593215366481 0.038859945869948766 0.017550802093483125 0.023577575662181386 0.033675915393566423 -0.020806896624811336 0.011819547710119269 -0.044724590557135235 -0.076736819505805035 0.017990673661673947 -0.064749677408537584 -0.0080520135741535097 0.039868143702514881 -0.066899765628955429 -0.041215940701820539 0.058410372974600472 0.038082774455525104 0.019478618147679656 -0.05471100045354263 0.0072634035845573269 0.037788070941912312 0.004409644952246849 -0.055059192791091498 0.031833634782319729 0.029453099015116398 0.014984160480299925 0.0022531438022192359 -0.017875499375629884 -0.0013037846574885143 -0.031979719822135877 0.021025409965183244 0.018221705122392708 -0.061853849816049515 0.0052329621375922317 0.016359791119191808 -0.0067662358954905279 -0.00067755779880649357 0.0075305940351676681 -0.044778435558506302 0.036496706079704053 0.039210351508826222 -0.010774779967650732 0.052293133836798206 0.0093090016720266209 0.047156616810308326 -0.014786088680711594 -0.066806775809336624 -0.032496454798369018 0.0429427463209682 0.002642859164589095 0.063026488407198086
leaf_weight=1194.2574600875378 1035.9988907873631 970.61711402237415 2192.5505515486002 22.436233535408974 53.992634415626526 267.4782687574625 491.52565132081509 355.37719784677029 49.2314123660326 49.126896142959595 148.71026505529881 462.39544309675694 1360.6470707207918 66.913320064544678 39.37190854549408 35.594873055815697 68.602580681443214 620.54844503104687 25.43202930688858 11.823633223772047 390.34778936207294 264.52409484982491 35.616123795509338 33.757148683071136 82.703643456101418 174.22967702150345 19.677809715270996 57.810926392674446 47.044619783759117 13.118291765451429 61.974058255553246 94.191604912281036 31.91000397503376 13.744898125529287 15.675339907407759 48.104242131114006 105.69350630044937 43.599650382995605 91.420573547482491 182.04135005176067 851.85025975108147 86.69086080789566 40.341993317008018 19.686185762286186 30.725089028477669 33.146264135837555 60.017534106969833 19.614498287439346 929.55059656500816 51.455296710133553 22.097958624362946 27.194706484675407 13.265507400035856 11.363232851028441 1112.7979931533337 660.79812371730804 70.01308873295784 39.870935797691345 884.36772228777409 293.48451012372971 330.93331784009933 14.014339312911032 13.495893999934195 1241.4188774675131 68.088447883725166 12.18555925786495 20.486163556575775 414.80168198049068 15.978617891669272 521.12266273796558 35.578606680035591 52.260705024003983 6467.684326171875 39.871348306536674 12.273322209715841 157.09213574230671 173.07450829446316 994.97740541398525 142.83521953225136 12.793324038386343 47.434192821383476 573.55719155073166 18.119151517748833 12.67170439660549 17.632237046957016 22.076104879379272 72.447879925370216 84.436138227581978 16.175460413098335 14.538342848420141 30.892632663249969 189.87392123043537 125.97864346206188 12.33943325281143 57.839719921350479 17.39114736020565 580.61165823042393 13.312173902988432 67.496522411704063 61.129092410206795 80.156914860010147 28.520098760724068 134.13183322548866 2071.8942031115294 75.529811456799507 36.817486494779587 34.008143842220306 22.954701870679855 20.192813143134117 785.89160554111004 1970.5418825149536 1509.8592548668385 602.86402961611748 21.904538214206696 83.488867715001106 41.105682462453842 16.541575133800507 46.620704606175423 15.391977131366728 16.561651676893234 85.671054974198341 22.441279694437981 67.218971878290176 14.721433237195013 1112.20844617486 16.182767257094383
leaf_count=4842 4414 4813 9341 124 248 1123 2229 1452 232 207 709 2091 5531 283 167 156 356 2573 108 50 1644 1124 145 142 376 759 94 246 201 56 282 400 133 57 69 199 440 185 378 790 3521 352 174 81 125 135 253 80 3765 235 93 121 57 48 4569 2945 316 170 3842 1335 1533 63 58 5036 319 64 99 1690 73 2111 145 214 26096 172 54 642 850 4540 607 53 196 2379 79 52 72 94 307 351 66 59 128 860 557 57 269 76 2341 55 277 248 348 133 548 8365 306 149 154 93 94 3285 8240 6120 2447 90 338 191 67 224 64 69 354 94 283 60 4626 67
internal_value=5.65788e-07 -0.000703845 0.000667327 -0.00584213 -0.00160117 0.00669109 0.00767127 0.000719263 -0.000324093 0.00989392 0.0107722 -0.00582747 0.00468741 -0.0132343 -0.01396 0.0130536 0.014266 0.000202152 -0.012261 0.00164444 0.00926131 -0.0145331 -0.0139136 -0.00810625 0.00367289 0.0216747 0.00242056 -0.0157227 0.00334772 -0.00169073 -0.0319025 -0.0258746 0.00547145 -0.0493541 0.00201941 -0.00160365 0.00821235 -0.0132898 -0.000350719 0.00127809 0.0115992 0.00411091 -0.00477898 -0.00310057 0.00123878 0.0045504 0.00481767 0.0193794 0.00401136 0.00894258 0.0268644 0.0175501 0.00896046 0.0217035 -0.00453709 -0.0110998 -0.00102869 0.00468713 -0.013943 0.00991742 0.0118225 0.00196597 0.00548571 -0.00419989 -0.0174614 -0.0139826 -0.0171622 0.0006593 -0.00161718 -0.0106006 0.00180225 0.0028967 -0.00139464 -0.0119097 -0.0256988 0.0239583 0.0223669 0.019683 0.00364417 -0.0270457 -0.0375818 0.0118771 0.00929873 -0.0126801 -0.0341303 -0.0390001 -0.0212938 0.0258107 -0.0111694 0.0160811 0.0205124 0.0175092 0.0274526 0.0128601 -0.0214907 -0.0149185 0.00792199 0.0106423 0.0166717 0.00134887 -0.00873431 -0.0312752 0.000819918 0.00162525 0.00744988 -0.0146093 -0.0012783 0.00162813 0.0351438 0.0112823 -0.00284265 -0.000607785 0.00251706 0.00932732 0.0110541 0.00662471 0.0104364 0.0357763 -0.0332898 0.00256447 -0.0159213 -0.0255842 0.00426766 -0.018943 0.00576377 0.00350885
internal_weight=38298.5 35752.9 28221.8 7531.1 20501.2 7720.58 7369.98 13234.7 4312.19 2545.62 2496.49 7266.47 4741.42 3218.91 3152 2628.56 2506.82 4262.96 442.159 3820.8 2347.78 3112.62 350.596 301.235 3200.25 208.151 2992.1 416.727 579.676 7737.03 75.0924 260.694 54.3462 49.361 2972.42 1875.31 1097.11 149.293 1812.2 1707.99 947.819 5497.69 6665.73 410.034 156.033 5411 5377.86 282.155 5095.7 1786.65 196.328 1927.14 865.116 1248.02 6625.39 2084.17 458.844 388.831 1625.32 679.123 651.928 320.995 306.98 6542.88 600.74 532.651 500.273 2530.75 2052.78 565.948 1486.83 1451.25 7661.94 121.748 86.1528 262.541 1236.65 1063.58 1525.95 104.214 63.1095 1937.75 2210.67 549.97 206.348 188.716 94.524 124.307 537.298 202.523 187.985 901.749 328.192 138.318 1028.46 479.787 1735.19 1379.82 98.2216 3309.05 964.525 82.5127 3247.92 3113.79 1041.9 112.347 46.2815 1398.99 32.3784 1366.5 5430.08 3459.54 2218.12 708.257 686.353 532.631 477.964 63.1623 38.3467 1477.84 124.674 108.112 1353.17 81.9404 1271.23 1128.39
internal_count=160737 149829 117090 32739 83812 33278 31811 53674 18111 10908 10701 30138 19750 14628 14345 12061 11525 17879 1886 15993 9992 14178 1467 1265 13420 902 12518 1778 2621 31276 338 1130 257 202 12424 7845 4579 625 7580 7149 3954 22398 27395 1725 648 22046 21911 1162 20749 7368 852 8904 3578 5794 27221 9096 1961 1645 7135 3110 2989 1456 1393 26840 2743 2424 2266 10330 8349 2302 6047 5902 30938 536 380 1082 5746 4896 6359 431 265 8267 9420 2229 873 801 401 521 2177 829 770 3853 1474 614 5082 2167 7133 5681 402 13381 4190 381 13133 12585 4220 455 208 5688 158 5626 22271 14031 8995 2875 2785 2420 1981 291 157 6160 517 448 5643 343 5300 4693
is_linear=0
shrinkage=0.05


Tree=36
num_leaves=127
num_cat=0
split_feature=151 208 286 75 223 169 200 200 71 72 75 209 213 192 78 198 207 203 65 64 81 152 106 210 163 207 75 14 70 63 69 202 286 213 63 65 200 203 217 177 203 38 203 81 38 63 35 152 215 198 60 64 148 60 203 213 65 155 71 153 152 76 75 192 166 198 203 200 213 198 203 79 60 78 61 64 203 65 151 24 61 198 215 64 198 202 202 175 198 14 151 61 61 63 155 64 65 35 63 38 210 63 78 152 61 198 63 54 199 70 14 153 60 64 199 202 214 60 60 63 215 198 26 65 200 60
split_gain=96.9868 91.4981 82.6982 51.7419 44.8295 44.7141 44.1994 43.269 42.5914 43.0903 41.4954 41.6204 39.6472 40.3132 39.0115 38.5522 50.7814 38.1536 38.098 37.053 36.4202 37.2636 36.4547 34.7672 34.7676 34.6728 32.828 32.2699 32.6999 35.6428 32.7059 30.9992 30.9045 34.8722 36.0902 43.3202 35.182 48.6372 34.9338 32.5155 30.3628 30.3094 29.6098 29.4644 29.0801 28.9629 34.2494 38.0317 36.718 32.7034 28.8853 28.7009 28.9303 28.5084 29.1354 28.5956 28.3671 28.1128 43.4107 31.6682 28.1191 31.4708 27.6845 27.2961 33.4095 28.8889 42.4697 33.4277 27.2436 27.1973 26.7591 26.0129 26.1786 44.1876 28.7908 26.6938 25.6239 31.9495 25.2917 24.9199 24.8201 24.6229 25.4771 24.573 24.5669 33.0616 39.4728 24.9543 24.9311 33.1259 24.4855 24.4133 39.3202 26.6214 24.3247 24.3069 24.1577 29.9152 24.145 24.129 23.867 23.8569 46.4666 33.1889 37.9389 23.7799 23.6513 23.2998 23.2419 22.7711 22.7098 32.7981 27.4659 25.9462 31.8935 26.499 40.5247 39.1727 42.914 35.5398 34.7257 32.4709 31.8653 39.0943 31.4779 30.1964
threshold=0.90000000596046459 1.0000000180025095e-35 0.62500000000000011 0.25000000745058065 1.0000000180025095e-35 1.0000000180025095e-35 0.43695650994777685 0.7130434811115266 1.0000000180025095e-35 1.0000000180025095e-35 1.0000000180025095e-35 1.0000000180025095e-35 0.41666667163372045 1.0000000180025095e-35 0.25000000745058065 0.34313726425170904 1.0000000180025095e-35 0.46944443881511694 0.28055556118488317 0.38043478131294256 1.0000000180025095e-35 1.0000000180025095e-35 1.0000000180025095e-35 1.0000000180025095e-35 1.0000000180025095e-35 1.0000000180025095e-35 1.0000000180025095e-35 1.0000000180025095e-35 1.0000000180025095e-35 0.23711340129375461 1.0000000180025095e-35 0.30217391252517706 0.87500000000000011 1.0000000180025095e-35 0.49484536051750189 0.27222223579883581 0.49782608449459081 0.32500000298023229 -1.0000000180025095e-35 1.0000000180025095e-35 0.35833333432674414 1.0000000180025095e-35 0.43055555224418646 1.0000000180025095e-35 1.0000000180025095e-35 0.56443297863006603 1.0000000180025095e-35 1.0000000180025095e-35 0.58333334326744091 0.48627451062202459 0.39019608497619634 0.60434782505035411 1.0000000180025095e-35 0.99019607901573192 0.21388889104127887 0.58333334326744091 0.61388888955116283 1.0000000180025095e-35 1.0000000180025095e-35 0.5000000149011613 1.0000000180025095e-35 0.58333334326744091 -1.0000000180025095e-35 1.0000000180025095e-35 1.0000000180025095e-35 0.39019608497619634 0.65833333134651195 0.56304347515106212 -1.0000000180025095e-35 0.18235294520854953 0.59444445371627819 0.25000000745058065 0.29215687513351446 1.0000000180025095e-35 0.33947369456291204 0.60434782505035411 0.44166666269302374 0.29722222685813909 0.5000000149011613 1.0000000180025095e-35 0.3605263233184815 0.59607845544815075 0.25000000745058065 0.31956522166728979 0.29215687513351446 0.4086956530809403 0.31956522166728979 1.0000000180025095e-35 0.30000001192092901 1.0000000180025095e-35 0.70000001788139354 0.41315789520740515 0.32368420064449316 0.35824741423130041 1.0000000180025095e-35 0.34565217792987829 0.37500000000000006 1.0000000180025095e-35 0.4097938090562821 1.0000000180025095e-35 1.0000000180025095e-35 0.63402059674263012 0.25000000745058065 1.0000000180025095e-35 0.56052634119987499 0.31176471710205084 0.36855669319629675 1.0000000180025095e-35 0.65526315569877636 1.0000000180025095e-35 1.0000000180025095e-35 0.5000000149011613 0.57647061347961437 0.48695652186870581 0.25000000000000006 0.44565217196941381 1.0000000180025095e-35 0.23137255012989047 0.30000001192092901 0.67783504724502575 1.0000000180025095e-35 0.35098040103912359 1.0000000180025095e-35 0.58055555820465099 0.21956521272659305 0.34705883264541632
decision_type=2 2 2 2 2 2 2 2 2 2 2 2 2 2 2 2 2 2 2 2 2 2 2 2 2 2 2 2 2 2 2 2 2 2 2 2 2 2 2 2 2 2 2 2 2 2 2 2 2 2 2 2 2 2 2 2 2 2 2 2 2 2 2 2 2 2 2 2 2 2 2 2 2 2 2 2 2 2 2 2 2 2 2 2 2 2 2 2 2 2 2 2 2 2 2 2 2 2 2 2 2 2 2 2 2 2 2 2 2 2 2 2 2 2 2 2 2 2 2 2 2 2 2 2 2 2
left_child=1 2 10 5 12 7 90 8 9 20 11 27 13 23 17 -14 40 41 -19 42 21 22 32 24 25 26 43 28 29 50 57 -27 39 34 35 -34 37 -36 -39 110 -17 69 -11 45 -40 46 48 -48 49 109 99 52 -47 54 -23 100 -33 58 60 81 61 71 -52 64 65 67 -67 -20 -62 -3 -44 72 73 91 -74 -76 -29 -78 -25 -41 -10 82 -59 -37 85 86 -71 88 -86 -90 -6 92 -31 -94 -85 -12 -70 -98 -28 -1 -56 102 107 -103 -105 -9 -97 -54 -64 -4 111 113 -112 115 -115 116 117 124 122 120 125 -118 -119 -124 -2 -120
right_child=3 14 4 -5 6 -7 -8 105 80 19 95 -13 15 -15 -16 16 -18 18 63 -21 -22 53 -24 78 -26 31 98 76 -30 30 -32 56 33 -35 36 83 -38 38 44 79 -42 -43 70 -45 -46 51 47 -49 -50 -51 62 -53 101 -55 55 -57 -58 59 -60 -61 68 -63 108 -65 -66 66 -68 -69 96 84 -72 -73 74 -75 75 -77 77 -79 -80 -81 -82 -83 -84 94 87 -87 -88 -89 89 -91 -92 -93 93 -95 -96 106 97 -99 -100 -101 -102 103 -104 104 -106 -107 -108 -109 -110 -111 112 -113 -114 114 -116 -117 121 118 119 -121 -122 -123 123 -125 -126 -127
leaf_value=-0.013865736643793106 0.056172000984795349 -0.065143765717382521 -0.0097634987298461599 0.026122827226544677 0.029879307962959036 -0.030800810983114275 0.076332985292794517 -0.053502122874350161 -0.059319665780816322 -0.026109486395951776 0.014181758137100799 0.020007613134043645 -0.049208699476952424 -0.027112028878394513 0.071334018719606263 -0.04354900007356978 0.076953209563352859 0.041805073593475024 0.0086052099117091517 -0.047809202758038745 0.048828203305398332 0.044023454397233222 0.060996629093641112 -0.0065283887051641913 0.0095165516317707345 -0.025420077799060043 0.017551343306412302 -0.012433057177575937 -0.013861199844488857 -0.0012005500274409084 -0.015285201566384505 0.025297408798544592 -0.026551164451954237 -0.040024071587841513 -0.047590078673119644 -0.0064289153726986518 -0.059834766723881008 -0.061382839766490664 0.0049821972537257954 -0.022094783897408817 0.0089306981243197515 -0.028931044630057381 0.053373725980264942 0.052683097050255423 0.071201682024424173 -0.021588328367056122 -0.0026123983412105678 0.060334855886922049 -0.039432780493364586 -0.029415465127097029 0.0716706205226217 -0.045564977715136686 0.0010169773178271739 0.067772262991684581 0.010970556430755354 -0.064507588672675517 -0.032819113768491136 0.015030878208043897 -0.028604062573359415 -0.053764872975919448 0.059673438797616253 0.03710950013037452 -0.0036222089650004919 0.07556920977393311 -0.055151003724217162 0.047442115052567291 -0.019372155943033192 -0.062219410201903025 0.014124695715602148 0.027717596008559442 -0.023402617634385229 0.018936971321878104 -0.01190745110231356 0.027776975622061262 -0.00096537100816296024 -0.017973513700358358 -0.018934600825153105 0.0028808481571549424 0.028487339777417547 0.025393828107793427 -0.0099022107576886911 -0.047894836268106956 -0.031106225618550639 0.026530384164276374 -0.028020243790209787 0.042300219657048138 -0.030929878166406213 -0.051889674659852329 0.011865270453786061 -0.027887180298111876 -0.044847508456800078 -0.0017631508781407665 0.024875534805271701 0.0071739056466644168 -0.032131455805688235 0.012007701627033331 -0.0010403465639965816 0.042431278652816165 -0.0096983201360564073 0.02820710823403379 0.069942431387331735 -0.011698058569846119 0.062674930069374843 0.044171775092176277 -0.042594271351533847 0.001998016402555185 -0.0049698030740686254 0.044252264008471785 0.032539253927620075 -0.029613317989523536 0.00087633878948623631 0.033654353543825878 -0.039064009981620136 -0.048616285984156668 0.018680901744257763 0.014002945354500869 -0.054362990109119984 0.01064088269975539 -0.010243422514399556 0.030773384718727394 -0.025921589787819301 0.0065227984823266446 0.012234474480673727 0.065354060138423084 -0.022440833555655865 0.0067363380149456174
leaf_weight=997.63679796457291 13.672273382544516 13.372031554579733 2461.337311014533 281.32500632107258 26.644322916865349 89.771175190806389 31.403650522232056 49.040971025824547 35.131766453385353 53.945739775896072 706.67010894417763 230.80918800830841 111.15153415501118 235.27030873298645 26.06175571680069 62.82892969250679 15.170768216252325 141.57752375304699 304.9559450596571 67.866961240768433 49.909256584942341 72.650577276945114 28.332898363471031 88.500669911503792 306.82471607625484 49.623757034540176 194.93558764457703 1110.0978061556816 460.39176297187805 1054.299042403698 332.05848571658134 182.25417032837868 80.601866334676743 65.780956625938416 58.749579221010208 105.21158228814602 40.352365098893642 17.134621471166611 117.02615404129028 166.20047746598721 49.099939286708832 69.218431740999222 33.250926107168198 18.602440759539604 19.315720915794373 144.38478222489357 103.92571523785591 31.199274510145187 133.61127586662769 263.31770034134388 14.092719420790671 37.661747425794601 279.55480647087097 24.904344335198402 854.73769345879555 12.33611838519573 23.730884790420532 689.07839545607567 130.46066699922085 18.992858394980431 24.052345901727676 55.983712300658226 391.5214775800705 16.518377393484116 18.791517227888107 104.6288860142231 30.780714482069016 17.622892156243324 566.22707760334015 68.48922523856163 17.229684188961983 171.01830543577671 704.58997365832329 164.76962804794312 8773.7939361929893 236.92363233864307 210.21649919450283 832.41360786557198 123.57814532518387 33.132542818784714 91.807469442486763 16.976302683353424 31.280150264501572 240.39682191610336 56.718438044190407 99.405349999666214 49.373480632901192 21.236770421266556 428.40426559746265 59.710066139698029 18.624935984611511 2622.2545430809259 307.93329532444477 684.57542265951633 19.07368591427803 336.9093007594347 862.58511793613434 41.477966576814651 139.44056040048599 35.283348605036736 17.508732423186302 348.56734278798103 40.597720757126808 57.664010301232338 16.120832830667496 31.825063049793243 524.49650529026985 35.070577651262283 50.12294714152813 153.49101054668427 707.4425922781229 119.99879787862301 45.832437440752983 18.152535185217857 584.22587098181248 698.83153420686722 54.184563636779785 730.74474999308586 385.04266215860844 92.066672518849373 129.75888566672802 36.749828636646271 75.119684115052223 64.27336186170578 185.51864033937454 818.29660734534264
leaf_count=4083 60 55 10682 1361 117 376 132 216 149 231 2997 942 547 1034 118 312 65 602 1282 293 258 321 139 371 1311 209 818 4584 1896 4307 1362 784 379 284 258 460 196 81 506 717 220 291 143 80 90 638 446 133 704 1154 58 163 1194 123 3758 60 102 2842 540 78 101 249 1600 69 80 446 133 77 2344 289 74 735 2880 689 35881 969 867 3449 520 140 379 71 134 1128 252 420 211 88 1811 251 79 10686 1263 2795 84 1408 3545 172 588 145 76 1501 180 242 74 133 2188 152 205 660 3035 526 210 79 2546 3022 231 3146 1649 406 564 157 335 286 795 3525
internal_value=6.15473e-07 -0.00124689 -0.00187134 0.00508389 -0.00722453 0.00426786 0.0307536 0.00470734 0.00512257 0.00564637 -0.000547536 -0.00111207 -0.00773472 -0.00686494 0.0106847 -0.0277011 -0.00889224 0.00963152 0.018942 -0.0190469 0.00627358 0.00595815 0.00442105 -0.00595483 -0.00679227 -0.00785353 -0.00888004 -0.00133784 -0.000694568 -0.000375155 0.000257026 0.0100556 0.00414095 -0.00522249 -0.00194207 0.00662158 -0.0170394 -0.00890234 0.00590701 0.00558277 -0.0205277 0.00280531 -0.000354216 -0.0101014 0.0143636 -0.0103858 -0.0127046 0.0119216 -0.0138095 -0.01262 -0.00780227 -0.00278179 -0.00103411 0.0149591 0.0135851 0.0110852 0.018602 0.000557827 0.000123198 0.00998274 0.00035354 -0.00030748 0.00268318 0.0123803 0.010191 0.0128721 0.0322542 0.00473597 0.00688975 0.00556258 0.027169 -0.000449785 -0.000677667 0.00232915 -0.0021737 -0.00141258 -0.00714638 -0.00151761 0.0138752 -0.0142014 -0.023579 0.0116248 0.0130275 0.0139534 0.00676957 0.021062 0.00314977 0.00128386 0.00335648 0.00700243 -0.000865224 0.0014311 0.0055234 0.012666 0.0222182 0.00730876 0.00602627 0.00095411 0.00618777 -0.0124286 0.0121543 0.00278252 0.0123323 -0.0052494 0.0252148 -0.0316599 0.00167036 0.00583632 0.000481815 -0.0109287 0.00641128 0.00790877 -0.0015538 0.00711389 0.0166529 0.0053643 0.0030293 0.00422449 0.00607029 0.000728207 -0.00134678 -0.0297569 0.0148199 0.0367276 -0.0170449 0.00130318
internal_weight=38235.5 30701 29174.2 7534.46 5784.19 7253.14 76.6729 7163.37 7082.5 6955.56 23390 21821.9 5707.52 5469.27 1526.87 238.251 127.1 1500.8 634.876 172.293 6783.27 6733.36 5751.22 5234 5021.92 4715.09 4459.48 21591.1 19438.4 18978 17489.3 255.609 5722.89 763.643 697.862 445.284 252.578 212.226 153.476 4959.24 111.929 865.928 104.426 4125.11 136.342 4106.5 3146.88 135.125 3011.76 2878.15 1488.66 959.622 921.96 982.137 957.233 884.583 205.985 17157.3 16400.9 756.328 16270.5 14776.1 455.737 493.298 476.78 457.988 135.41 322.579 1494.34 796.71 50.4806 14720.2 14549.1 4833.83 9715.31 9010.72 2152.73 1042.63 212.079 199.333 126.939 737.335 720.359 364.682 783.338 217.268 117.863 566.07 544.833 488.114 45.2693 4669.06 2046.81 992.509 259.471 1568.08 1470.29 904.063 334.376 1032.92 872.246 777.575 355.223 422.352 73.7848 80.866 861.406 314.625 441.644 2614.83 4759.91 4006.64 753.275 3886.64 602.378 3284.26 2585.43 2494.49 2295.3 1425.16 1333.1 90.9344 870.138 139.393 199.191 1203.34
internal_count=160737 127752 121277 32985 25212 31624 328 31248 30899 30371 96065 89472 24884 23740 6475 1144 597 6357 2689 741 29630 29372 25034 22706 21815 20504 19409 88530 79630 77734 71643 1095 24895 3466 3182 2051 1131 935 677 21429 532 3668 448 18003 596 17923 13779 579 13200 12496 6091 4144 3981 4338 4215 3894 886 70281 67156 3125 66616 60454 1863 2087 2018 1938 579 1359 6162 3377 217 60205 59470 19740 39730 36850 8900 4316 891 857 528 3047 2976 1672 3322 920 500 2402 2314 2062 196 19051 8365 4058 1212 6593 6061 3717 1406 4228 3834 3343 1526 1817 316 349 3596 1346 1805 11342 20572 17327 3245 16801 2625 14176 11154 10766 9911 6144 5738 388 3767 621 855 5174
is_linear=0
shrinkage=0.05


Tree=37
num_leaves=127
num_cat=0
split_feature=77 75 208 216 151 15 286 199 153 201 202 152 60 169 202 202 83 72 14 191 198 15 76 60 60 72 172 188 202 210 78 201 198 286 205 65 148 170 60 32 216 77 199 14 153 198 70 60 62 173 151 192 153 62 170 202 217 217 71 211 201 201 201 199 199 167 166 151 202 51 199 153 201 62 198 160 201 112 65 15 153 65 60 61 17 71 60 198 198 48 177 202 112 54 14 61 148 65 163 65 198 195 202 198 201 34 61 65 192 202 201 286 286 199 202 65 201 151 61 62 62 205 151 167 44 188
split_gain=89.6251 95.7246 70.5104 69.7094 69.7853 64.3245 64.2742 55.1022 54.0718 43.8695 57.5677 38.6092 36.8918 36.0845 37.5484 36.2048 35.6867 33.0016 32.327 35.7944 31.1301 39.5194 30.3905 30.335 31.644 30.7099 29.7111 32.6169 33.7703 29.6313 28.7457 28.3143 49.1766 30.5287 28.2471 27.5203 28.5603 27.4005 27.3419 26.6361 26.5724 26.269 25.691 25.6581 27.1174 32.8734 25.6542 25.2566 25.0511 29.1304 25.043 24.781 24.744 24.5895 24.5724 24.5056 24.3837 27.9591 28.4178 27.8037 25.9888 34.8431 23.9911 23.9656 36.2692 23.6052 26.1351 23.5877 23.4717 23.2375 23.1916 26.1597 23.9623 23.0428 22.8994 25.1002 22.8491 22.6159 30.8362 27.362 22.5977 31.5097 22.5954 22.0506 21.9628 21.8216 21.7417 21.6711 22.9852 21.326 21.1768 21.1206 23.3714 21.1047 20.9147 33.2814 24.7 33.4162 20.6123 20.9696 22.7366 20.6004 20.5477 28.7849 36.6608 29.63 27.4483 25.7495 25.4084 23.8714 21.9399 20.5748 20.4656 20.4223 20.3792 20.3662 20.5385 20.0822 20.0636 19.9517 19.8669 19.7808 19.7787 19.5726 19.472 19.4412
threshold=0.25000000745058065 1.0000000180025095e-35 1.0000000180025095e-35 0.25000000745058065 0.90000000596046459 0.5000000149011613 0.62500000000000011 0.26842105388641363 0.83333334326744091 0.64690721035003673 0.4086956530809403 1.0000000180025095e-35 0.21764706075191501 1.0000000180025095e-35 0.56304347515106212 0.60434782505035411 1.0000000180025095e-35 1.0000000180025095e-35 1.0000000180025095e-35 1.0000000180025095e-35 0.30784314870834356 1.0000000180025095e-35 0.25000000745058065 0.32745099067687994 0.39019608497619634 1.0000000180025095e-35 1.0000000180025095e-35 1.0000000180025095e-35 0.58043476939201366 1.0000000180025095e-35 0.41666667163372045 0.48195876181125646 0.5000000149011613 0.87500000000000011 0.59404999017715465 0.36388888955116278 0.87500000000000011 1.0000000180025095e-35 0.25294119119644171 1.0000000180025095e-35 0.58333334326744091 -0.41666667163372034 0.28157894313335424 1.0000000180025095e-35 1.0000000180025095e-35 0.32745099067687994 1.0000000180025095e-35 0.32352942228317266 0.50217390060424816 1.0000000180025095e-35 0.90000000596046459 1.0000000180025095e-35 0.5000000149011613 0.34565217792987829 1.0000000180025095e-35 0.6608695685863496 -0.25000000745058054 -1.0000000180025095e-35 1.0000000180025095e-35 1.0000000180025095e-35 0.48195876181125646 0.61597937345504772 0.4587628841400147 0.35526315867900854 0.39210526645183569 1.0000000180025095e-35 1.0000000180025095e-35 0.5000000149011613 0.59347826242446911 1.0000000180025095e-35 0.72631579637527477 1.0000000180025095e-35 0.61597937345504772 0.30652172863483435 0.65686276555061351 1.0000000180025095e-35 0.82989692687988292 1.0000000180025095e-35 0.71666666865348827 1.0000000180025095e-35 0.5000000149011613 0.48611110448837286 0.37647059559822088 0.83421051502227794 1.0000000180025095e-35 1.0000000180025095e-35 0.55686277151107799 0.57647061347961437 0.54313728213310253 1.0000000180025095e-35 1.0000000180025095e-35 0.44130434095859533 1.0000000180025095e-35 1.0000000180025095e-35 1.0000000180025095e-35 0.44473683834075933 0.62500000000000011 0.57222223281860363 1.0000000180025095e-35 0.61944445967674266 0.37058824300765997 1.0000000180025095e-35 0.34565217792987829 0.38627451658248907 0.38402061164379125 1.0000000180025095e-35 0.36578947305679327 0.37500000000000006 1.0000000180025095e-35 0.40000000596046453 0.56443297863006603 0.62500000000000011 0.87500000000000011 0.33947369456291204 0.50217390060424816 0.71666666865348827 0.4097938090562821 0.70000001788139354 0.72631579637527477 0.33695651590824133 0.53695651888847362 0.18984999507665637 1.0000000180025095e-35 1.0000000180025095e-35 1.0000000180025095e-35 1.0000000180025095e-35
decision_type=2 2 2 2 2 2 2 2 2 2 2 2 2 2 2 2 2 2 2 2 2 2 2 2 2 2 2 2 2 2 2 2 2 2 2 2 2 2 2 2 2 2 2 2 2 2 2 2 2 2 2 2 2 2 2 2 2 2 2 2 2 2 2 2 2 2 2 2 2 2 2 2 2 2 2 2 2 2 2 2 2 2 2 2 2 2 2 2 2 2 2 2 2 2 2 2 2 2 2 2 2 2 2 2 2 2 2 2 2 2 2 2 2 2 2 2 2 2 2 2 2 2 2 2 2 2
left_child=1 2 3 4 6 16 18 -4 9 10 37 -11 62 14 20 84 23 26 30 48 34 70 47 25 54 68 27 28 51 31 46 33 43 63 -6 36 -23 41 -31 77 113 -5 -41 44 55 73 56 115 49 52 -44 93 123 -39 82 -33 -1 114 59 80 -61 -62 -9 89 -65 66 83 -47 -2 -49 71 74 112 -46 75 76 85 78 79 -26 -59 -82 90 -66 -16 87 -48 88 102 -8 -25 92 -40 -14 96 -96 97 -73 99 100 -43 -17 110 108 105 106 -105 109 118 -108 121 -112 120 -12 124 116 122 -28 -104 -7 -72 -22 -3 -20 -58 -42
right_child=5 22 7 8 13 119 29 12 -10 11 40 -13 17 -15 15 101 -18 -19 19 -21 21 35 -24 24 39 -27 117 -29 -30 38 -32 32 -34 -35 -36 -37 -38 53 91 42 125 98 50 -45 45 67 86 69 -50 -51 -52 -53 -54 -55 -56 -57 57 58 -60 60 61 -63 -64 64 65 -67 -68 -69 -70 -71 72 94 -74 -75 -76 -77 -78 -79 -80 -81 81 -83 -84 -85 -86 -87 -88 -89 -90 -91 -92 -93 -94 -95 95 -97 -98 -99 -100 -101 -102 -103 103 104 -106 -107 107 -109 -110 -111 111 -113 -114 -115 -116 -117 -118 -119 -120 -121 -122 -123 -124 -125 -126 -127
leaf_value=-0.037310267383678979 0.018899866556733133 -0.038004781462094593 -0.023415423950632744 0.061075119467260457 0.007453916260361038 0.0015938777509543678 0.00037883537465075411 0.058009517023222282 0.053039336557871623 0.022144541503857289 -0.053855292168476947 -0.042521212282514841 0.0071164553500535303 -0.032609649971938229 -0.027462145137066331 0.00081772604673978171 -0.03197370539404816 -0.039333268511225768 -0.004910795279600381 0.03863042393063984 0.033992723258775628 -0.0056861501179454503 0.022798841632128693 -0.0028863051591564025 0.024696288473296649 -0.038988352122298647 0.010093752569770464 0.031155034385168912 -0.02877169563831547 0.058358778749664109 0.054945415232282704 0.0004208548735633154 -0.036097528441253211 -0.020057723035057793 -0.0044089321893609895 -0.02363710080100755 0.056864600249202119 0.045232802266971052 -0.011922763919685797 0.050805117550445547 -0.055632168596294967 -0.03802407953401616 -0.022261192541590893 -0.017089725549596532 0.042770892945176123 0.084960967256818939 -0.015580722417182738 0.00058836010363141379 -0.023492286611377203 -0.035469853868343663 0.028144335209212543 0.039930378686951325 -0.041447652498758036 -0.010047962864688764 -0.055974278312823533 -0.050064425780821126 0.012284718637099439 -0.00092381829773149579 -0.023123773633124553 0.041220488741756954 -0.032241387639228486 0.051216096001782445 0.010336540385048981 -0.031683359385086929 -0.013330342791601746 0.015109495155708572 0.013672108542644343 0.020002868335654487 0.056121574681638711 0.039868705723627523 -0.001418927989611571 0.036383010764598482 0.034227254638866292 -0.034433507900738264 0.047437258698412775 -0.0049592989638106277 -0.058860111728734801 0.045299103515710572 -0.039652359392549796 -0.052931088599175606 0.026691576480963708 -0.0080552010247143604 -0.05501036929984876 0.035097121776258206 0.041757712073773094 -0.025222340914223963 0.039442366349172545 0.035487570634047831 -0.041055564801435705 0.063901121776485395 0.053349768490274486 0.041065529314851634 0.051003155088255481 -0.036210711872976045 -0.050984009273750491 0.036683545280953966 0.063500053393878153 -0.041789124264750004 0.036450147412105241 0.023263141936734694 1.2504616738407387e-07 0.059131472564894143 0.016998240909229041 0.03369547198108843 0.015055435846406421 -0.06979949996530925 -0.017240341040780916 -0.026516007523685138 0.058975058256604068 0.042796859885574856 -0.0071817307030123054 -0.067492569975791492 -0.061266135579898087 -0.017990543113826429 -0.021751824314339949 0.067824575845643525 0.019942726145012562 0.067664436283187343 0.058807107016979068 -0.062505483172905052 -0.061398939754556486 0.0035664395154108193 0.0069863625374039151 0.022684482099777224 0.069205044121331771 0.0076685042654117026
leaf_weight=44.77545952796936 922.87574382126331 26.384791374206543 131.24268904328346 10.903866350650786 835.35255624353886 17.819005683064461 379.3033562451601 63.971391633152962 28.009931713342667 108.61147223412991 48.728386089205742 29.311926007270813 1370.5199689418077 68.16521081328392 216.85707603394985 158.66335138678551 44.223919197916985 35.548297539353371 1587.9888798892498 41.618577405810356 60.559637174010277 71.275097966194153 358.12662744522095 220.90970729291439 205.31635378301144 22.110227927565575 26.258394181728363 140.10426108539104 66.96865339577198 26.453564375638962 23.207258924841881 1189.101918682456 108.06427888572216 796.26217430084944 1256.7535333484411 157.95874506235123 24.529339954257011 42.046189740300179 124.38055653870106 19.455781072378159 147.7842428162694 142.628044962883 106.15739135444164 217.79033580422401 15.087407171726225 27.424490064382553 393.48406352102757 1056.3783666044474 236.83583605289459 81.043660268187523 32.090668469667435 56.754911974072456 44.812936276197433 38.567950800061226 23.737818777561188 24.532611325383186 453.71685218811035 17140.687473595142 140.17976377904415 76.559188455343246 36.567860782146454 19.00644825398922 44.922460302710533 190.20485654473305 1154.0463669151068 99.149233117699623 105.15077187120914 28.496954143047333 44.390960410237312 39.042730659246445 130.91099482774734 71.005758255720139 30.05470797419548 26.890299260616302 39.381802499294281 285.65523308515549 11.727697417140005 79.172580771148205 23.704863741993904 12.015965193510054 171.55055916309357 105.29205185174942 19.194149613380432 23.994604751467705 12.098878905177115 40.599284589290619 18.811586618423462 92.313640013337135 21.20095232129097 13.689759790897368 18.113177493214607 31.09265598654747 16.742126882076263 28.694464460015297 19.115095302462578 24.964804798364639 57.394607082009315 16.930363953113556 16.017357036471367 22.645091131329536 54.273825481534004 16.743356719613075 778.05417324602604 39.660649806261063 458.95269928872585 18.534560516476631 33.294721096754074 115.10647186636925 40.814155548810959 32.934519410133362 61.887878313660622 18.329361289739609 20.343800663948059 214.05571016669273 43.111179888248444 17.00256672501564 423.88571125268936 35.799487635493279 29.794224247336388 38.090214863419533 15.433236569166182 452.95844757556915 329.32976607978344 66.966532930731773 15.539618253707884 13.214199185371397
leaf_count=189 4166 111 570 80 3604 76 1625 277 139 471 214 134 5890 285 942 689 192 156 6544 170 264 298 1649 971 927 95 109 593 285 112 102 5091 470 3638 5376 670 114 185 522 114 809 632 471 938 64 113 1617 4444 978 334 158 241 184 165 103 102 1876 70012 580 314 151 78 190 818 4952 418 449 120 206 165 562 305 131 114 170 1221 49 394 99 51 705 431 85 101 52 167 77 405 89 57 79 130 70 124 79 104 253 72 69 104 247 72 3359 181 1976 84 151 491 179 142 268 77 85 933 177 77 1797 157 128 185 66 1959 1404 276 64 62
internal_value=7.21445e-07 -0.000545654 -0.00120488 -0.00177264 -0.00137302 0.010738 -0.00250833 0.00790187 -0.0153616 -0.0175172 -0.0222781 0.00840157 0.0101004 0.00355614 0.00398353 -0.010709 0.0123844 0.0083536 -0.00132271 -0.00726825 0.00509117 0.00813718 0.00944278 0.0135059 0.00599261 0.0192763 0.00933626 0.0080687 0.00594485 -0.00785684 -0.000667368 -0.00870983 -0.00350021 -0.0117985 0.000327759 -0.0108137 0.0103291 -0.00651937 0.0110313 0.0138298 -0.034441 -0.0147959 -0.0029902 -0.00119683 0.00144231 0.0267562 -0.000736536 0.00691472 -0.00821501 -0.00618324 -0.0105609 0.00754167 -0.00478687 0.018785 -0.00729146 -0.000599663 -0.000457853 -0.0003672 -0.000700702 -0.000521596 0.0223278 -0.00369888 0.0383428 -0.00845255 -0.0112126 -0.00839588 -0.0102121 0.051859 0.0206081 0.00198838 0.00973067 0.0108882 -0.00686701 -0.00668511 0.0095965 0.00902164 0.010753 0.0221137 0.0144981 0.0204044 -0.000694936 0.0134763 -0.00281607 -0.012344 -0.0238043 0.0111087 -0.0130702 0.011763 0.01075 0.00259161 0.00137527 0.00376144 -0.00445753 0.00622792 0.0288352 -0.00133318 0.0379855 0.0213325 -0.0183078 -0.0223027 -0.0275431 0.00638403 0.0112631 0.0142976 0.00678002 -0.00907608 -0.00398331 -0.0122242 0.0204848 0.012615 0.00335584 -0.0209625 -0.0142765 -0.024641 0.0111472 0.013689 0.0125083 0.0433047 0.0185402 -0.0420762 -0.00774433 0.00715464 0.00364919 -0.00379417 0.0141697 -0.0504367
internal_weight=38193 36343.7 34093.5 32092.7 31175.9 1849.38 25339.6 2000.78 916.798 888.788 750.865 137.923 1869.54 5836.31 5768.15 404.363 1793.47 1760.65 20741.8 2059.27 5363.78 3271.68 2250.15 1749.25 759.868 989.377 1725.1 1663.04 1522.94 4597.86 18682.5 4399.19 1637.39 2761.8 2092.11 253.763 95.8044 327.082 198.669 477.914 423.783 246.468 157.704 1529.32 1311.53 97.8992 18659.3 1892.02 2017.65 1780.81 138.248 1455.97 1699.77 80.6141 281.955 1213.63 18247 18202.2 17689.8 17549.7 132.133 55.5743 108.894 1965.54 1572.55 1382.34 1283.19 55.9214 967.267 1095.42 3017.91 2821.17 196.743 41.9777 2631.76 2592.38 2306.72 320.21 241.037 217.332 17417.5 276.843 258.217 1178.04 228.956 2295 412.296 2254.4 2162.08 392.993 239.023 172.215 141.123 1399.21 189.411 44.0799 145.331 87.9361 235.564 219.547 196.902 175.407 2140.88 1547.15 698.484 239.531 220.996 181.336 848.663 66.2292 593.735 80.2172 166.688 262.784 512.368 796.603 779.6 62.0579 807.848 55.9092 146.344 513.518 355.715 1654.96 469.256 160.998
internal_count=160737 152365 142718 134126 129882 8372 104763 8592 4244 4105 3500 605 8022 25119 24834 1755 8111 7555 84859 8486 23079 14099 9647 7919 3452 4467 7399 7133 6540 19904 76373 19070 7012 12058 8980 1082 412 1482 834 2214 2018 1132 743 6542 5604 411 76271 7998 8316 7338 629 6255 7004 350 1238 5193 74577 74388 72271 71691 543 229 467 8420 6738 5920 5502 233 4372 4609 13017 12173 844 178 11360 11190 9969 1471 1077 978 71148 1136 1135 5053 994 9920 1694 9753 9348 1682 1050 722 592 6014 813 183 630 377 1052 983 879 761 9259 6691 3025 1049 965 784 3666 293 2568 345 713 1147 2117 3389 3312 266 3487 261 628 2223 1515 6820 1940 871
is_linear=0
shrinkage=0.05


Tree=38
num_leaves=127
num_cat=0
split_feature=213 215 77 14 151 201 201 153 169 214 15 200 202 208 203 201 208 76 60 201 203 261 203 63 209 154 198 215 64 38 153 153 153 170 211 16 23 200 67 199 214 199 198 152 198 286 201 15 286 202 217 151 221 202 177 217 67 155 200 198 30 63 63 17 37 17 261 154 203 199 65 151 65 48 198 167 155 202 214 60 177 63 77 198 203 198 155 221 15 198 216 198 200 151 200 199 60 16 173 215 175 60 202 63 202 61 60 64 202 201 201 85 153 76 201 215 151 60 76 65 215 200 63 202 203 151
split_gain=81.6148 83.924 83.0061 69.2489 72.2475 70.8173 71.1659 64.3976 55.2067 53.9165 52.4479 49.8394 47.2995 44.3454 39.9815 39.0661 44.7371 39.0489 38.7167 38.3282 49.5346 51.102 36.4917 36.986 35.9157 35.2572 58.5165 35.1304 34.9697 34.8988 34.7164 34.2597 34.1026 42.432 33.0148 32.4216 31.8092 31.6804 31.533 33.371 43.3442 40.5309 40.8581 43.8717 42.4453 32.6137 32.1706 31.0823 31.0194 35.2664 30.9439 30.245 30.0436 30.7926 31.7524 29.7234 29.5938 29.307 29.0467 32.9803 28.4479 28.3995 30.2556 28.3029 28.3929 28.2865 27.9198 27.7621 27.4674 40.7229 43.8604 27.0177 26.7362 27.6774 26.691 36.853 28.9062 27.3772 29.8166 28.4038 26.5245 42.9034 26.5077 26.4532 26.2766 26.2708 26.0568 25.9078 25.9063 25.8406 25.8086 25.73 25.2148 25.0714 24.9156 24.678 32.7176 24.4408 24.4372 24.4324 30.6844 32.6514 25.1515 25.4886 28.5898 24.2526 24.1846 24.1772 32.4602 23.9981 23.7881 23.6143 24.9365 23.6785 23.4079 23.3356 23.2934 23.2787 22.9055 22.8629 22.6436 35.4332 22.6346 22.3059 21.9909 21.9751
threshold=1.0000000180025095e-35 0.25000000745058065 0.25000000745058065 1.0000000180025095e-35 0.90000000596046459 0.36340205371379858 0.39432989060878759 0.5000000149011613 1.0000000180025095e-35 0.25000000745058065 0.5000000149011613 0.7130434811115266 0.6608695685863496 1.0000000180025095e-35 0.27222223579883581 0.64690721035003673 1.0000000180025095e-35 0.25000000745058065 0.61764708161354076 0.29639174044132238 0.47499999403953558 1.0000000180025095e-35 0.36944444477558142 0.26288658380508428 1.0000000180025095e-35 1.0000000180025095e-35 0.35098040103912359 0.58333334326744091 0.53913041949272167 1.0000000180025095e-35 0.5000000149011613 0.5000000149011613 1.0000000180025095e-35 1.0000000180025095e-35 1.0000000180025095e-35 0.75000000000000011 1.0000000180025095e-35 0.30217391252517706 0.25534999370574957 0.29736842215061193 0.75000000000000011 0.41315789520740515 0.23137255012989047 1.0000000180025095e-35 0.48627451062202459 0.62500000000000011 0.71391752362251293 1.0000000180025095e-35 0.62500000000000011 0.51304346323013317 1.0000000180025095e-35 0.70000001788139354 1.0000000180025095e-35 0.29347826540470129 1.0000000180025095e-35 -1.0000000180025095e-35 0.5701500177383424 1.0000000180025095e-35 0.48695652186870581 0.25882354378700262 1.0000000180025095e-35 0.38402061164379125 0.61597937345504772 1.0000000180025095e-35 1.0000000180025095e-35 1.0000000180025095e-35 1.0000000180025095e-35 1.0000000180025095e-35 0.44166666269302374 0.41315789520740515 0.45277777314186102 0.70000001788139354 0.28055556118488317 1.0000000180025095e-35 0.33529412746429449 1.0000000180025095e-35 1.0000000180025095e-35 0.56304347515106212 0.25000000745058065 0.25882354378700262 1.0000000180025095e-35 0.28092782199382788 1.0000000180025095e-35 0.39019608497619634 0.29722222685813909 0.28823530673980718 1.0000000180025095e-35 1.0000000180025095e-35 1.0000000180025095e-35 0.3980392217636109 1.0000000180025095e-35 0.33137255907058721 0.54782608151435863 0.5000000149011613 0.30217391252517706 0.52105262875556957 0.19803921878337863 1.0000000180025095e-35 1.0000000180025095e-35 -1.0000000180025095e-35 1.0000000180025095e-35 0.40588235855102545 0.42826087772846227 0.39948453009128576 0.35869564116001135 0.25000000000000006 0.27647060155868536 0.42391304671764379 0.28043477237224584 0.32989689707756048 0.7345360815525056 1.0000000180025095e-35 0.5000000149011613 0.41666667163372045 0.48195876181125646 -0.41666667163372034 0.5000000149011613 0.43333333730697637 1.0000000180025095e-35 0.68055555224418651 0.58333334326744091 0.34565217792987829 0.35824741423130041 0.26739130914211279 0.38333334028720861 0.90000000596046459
decision_type=2 2 2 2 2 2 2 2 2 2 2 2 2 2 2 2 2 2 2 2 2 2 2 2 2 2 2 2 2 2 2 2 2 2 2 2 2 2 2 2 2 2 2 2 2 2 2 2 2 2 2 2 2 2 2 2 2 2 2 2 2 2 2 2 2 2 2 2 2 2 2 2 2 2 2 2 2 2 2 2 2 2 2 2 2 2 2 2 2 2 2 2 2 2 2 2 2 2 2 2 2 2 2 2 2 2 2 2 2 2 2 2 2 2 2 2 2 2 2 2 2 2 2 2 2 2
left_child=1 2 3 4 13 18 32 12 11 31 35 14 15 17 36 25 91 24 34 107 21 29 23 60 38 27 -27 55 58 98 80 48 33 -7 68 56 67 -9 -1 40 -40 42 45 63 46 71 57 50 87 92 72 -20 53 -29 -55 -3 125 123 111 -60 -16 89 -63 -44 124 -26 -22 88 69 109 84 -41 83 99 75 76 -43 78 79 -76 105 -82 -56 122 -71 90 -61 -2 -6 -19 -57 116 -50 -91 -49 96 -11 -81 119 -74 102 -102 103 -101 106 -24 -105 -15 -109 -5 -18 112 113 -8 -94 -58 120 -83 -107 -21 121 -17 -25 -45 -65 -4
right_child=9 7 10 5 8 6 28 37 -10 95 -12 -13 -14 19 22 16 110 61 51 20 66 -23 30 47 65 26 -28 52 -30 -31 -32 -33 -34 -35 -36 -37 -38 -39 39 41 -42 74 43 44 -46 -47 -48 94 49 -51 -52 -53 -54 54 82 85 115 -59 59 86 -62 62 -64 64 -66 -67 -68 -69 -70 70 -72 -73 73 -75 77 -77 -78 -79 -80 97 81 117 -84 -85 -86 -87 -88 -89 -90 93 -92 -93 114 -95 -96 -97 -98 -99 -100 100 101 -103 -104 104 -106 118 -108 108 -110 -111 -112 -113 -114 -115 -116 -117 -118 -119 -120 -121 -122 -123 -124 -125 -126 -127
leaf_value=-0.0066645096119231778 -0.0024923735552790562 -0.053782023647497235 0.003050553255069163 0.026355350378328032 0.026673383891293437 -0.037181465047886046 -0.010854579151983165 -0.031369954069642277 -0.036464805710704561 0.038978872898722386 -0.036666800464056792 -0.035990726511956221 0.037945674928919114 0.043201832143442198 -0.016552356441444718 -0.019183761973355407 0.090394885457901919 0.035099192196194319 0.017766471786881559 0.0013351779209285436 0.025975239370286354 0.048792097153095654 0.036934664620720002 0.0072938270634617585 0.023513394320866743 -0.02722688177750815 0.062239002998678329 0.014027756013519395 0.012779400634307665 -0.050333964615063953 0.041152178719831671 0.030593058423647002 -0.074135564743479571 0.017807186062844794 0.066528264489698827 -0.053181197336563263 -0.029096686720641019 0.060112398420833935 0.005901357797873515 -0.020595242796117685 0.077597995660549479 0.001671011551728928 -0.0039674681623090196 -0.034638627295618271 -0.026034221858489571 -0.051525231483417401 0.096148989654618169 -0.075497659817501964 -0.016858869950180704 0.0349941237920013 -0.049625098944097251 -0.068141468956760029 0.052600085326449122 -0.041126066364293112 -0.031124180717166564 -0.0082028053426730762 -0.043999691252307967 -0.044348167712699137 0.051522964704401909 0.00472534565572313 -0.084769115858482846 -0.0086974980134643682 0.053334519240612749 -0.043205654869143593 0.045516870227196915 -0.053378524042959674 -0.047762142596511611 -0.043757751514184456 0.013721686514956614 0.01321999764915332 -0.021231415735193923 0.027207254234841799 0.06439435235622637 0.053793844636912114 -0.0093925901555302199 0.023518154763539884 0.017731157271018039 0.01670202363814758 -0.036613365849095907 0.00041761007015464046 -0.070389914402165049 0.010125828410373884 0.03142844576797367 0.021467094313721506 -0.016143439115716845 -0.0042097228394222816 -0.053980407563371961 0.055498905842747727 -0.010695879221399975 -0.052548730699049452 -0.034259675215492398 0.0077820560109139267 0.00067181741278153021 0.032977999755266565 -0.010461467860601058 -0.01360261086996108 -0.042013664228050043 -0.025869236811459268 -0.055195587899806914 0.022581574573833158 -0.0074731391017110599 -0.090857515243500886 0.026588741549971401 -0.026327499773337537 -0.020124843005085519 0.0077781047589689251 0.017193567967823797 -0.049625811131441516 0.029318543911062124 -0.033322315566240844 0.0071170861071653303 -0.069812162419172069 -0.041733521402696025 0.042055619000040678 0.077739905227060938 0.023513440574217562 -0.042416631942397198 -0.059295265138903076 0.03247945688593392 -0.06254023674521228 -0.052036262575829766 0.066516965252568144 -0.046271480460957116 0.021956930813243479 -0.010012030913916158 0.024095775239648454
leaf_weight=1911.6230425089598 1916.3026479333639 40.747905075550079 530.8713531345129 157.84207312762737 574.72677567601204 185.84360967576504 1589.5898187160492 11.782080873847006 71.824396580457687 13.390015438199041 51.700316220521927 64.478229522705078 49.150066211819649 128.86012388765812 129.68107025325298 28.622519344091415 20.900702148675919 183.40262055397034 14.991651609539984 406.61669087409973 277.70586150884628 43.543824747204781 77.724657416343689 28.865747436881065 217.96113896369934 35.544896394014359 37.621795699000359 35.366169296205044 191.14857387542725 43.774724066257477 83.074389412999153 66.977456852793694 45.630828082561493 43.245939776301384 21.495035529136658 17.440471470355988 31.963831663131714 48.092255100607872 1651.2800754606724 186.06286725401878 21.352709516882896 6064.8354747742414 3764.8802077770233 18.411747828125954 63.402192384004593 73.091211944818497 12.79217256605625 20.889935687184334 880.37457467615604 37.07566000521183 25.467087909579277 32.360823810100555 11.107197165489195 328.65322563052177 38.743055626749992 198.03977479040623 13.027404375374315 19.378394231200218 34.71151502430439 193.37679429352283 17.324727788567543 139.75407007336617 22.874191224575043 105.4544380903244 14.262619972229002 12.655201286077498 13.45958638191223 15.653519600629805 471.38295842707157 258.70749472081661 298.92455238103867 35.141565322875977 18.542371988296509 34.112229198217392 1012.1508971899748 213.79397325217724 293.74698489904404 197.93942131102085 62.315831646323204 4368.4377118945122 26.546689718961716 90.107460588216782 30.090336352586746 35.711328521370888 107.99403287470341 659.16325601935387 20.949322983622551 19.45504854619503 50.449567228555679 18.135085240006447 182.6983434855938 214.65143793821335 47.488982766866684 16.243760704994202 49.913648784160614 301.31863671541214 181.28012411296368 90.252498641610146 21.766884192824364 132.98057249188423 55.748833000659943 14.87202714383602 164.12605807185173 39.491165444254875 145.07449133694172 2738.6506009995937 166.52709572017193 18.812305971980095 42.298575147986412 18.85852275788784 14.541091129183767 17.468426913022995 65.021893188357353 21.430439621210098 12.431972265243528 730.60743297636509 62.365872129797935 13.944603845477102 97.181213408708572 14.50876761972904 15.673387646675108 20.844344362616539 62.257861629128456 319.92905884981155 94.709750711917877 161.85989999771118
leaf_count=7959 7958 179 2311 664 2529 790 6663 50 301 61 245 283 230 540 557 120 92 811 62 1720 1171 181 355 124 903 152 170 193 811 185 369 283 202 183 90 73 138 227 6808 756 92 24868 15487 76 267 328 52 89 3839 158 111 148 51 1629 204 836 89 86 142 812 73 592 99 435 60 52 58 65 1984 1091 1268 146 79 152 4152 878 1215 813 284 17934 119 386 135 158 454 2845 87 84 217 77 806 929 207 71 212 1358 832 371 90 590 241 62 709 168 618 11832 732 81 178 80 66 78 272 103 53 3378 268 58 448 61 72 88 276 1326 390 778
internal_value=8.26154e-07 0.000733013 0.00135507 0.000799774 0.00167924 -0.00553251 -0.0107103 -0.00899359 0.00705998 -0.00730323 0.0128211 0.00768445 -0.010505 0.000449457 0.00825432 -0.0117105 0.00275349 -3.83678e-05 0.00348711 0.0106783 0.00599718 -0.00310192 0.00646885 -0.00118252 -0.000328347 -0.0151287 0.0187758 -0.0167558 -0.00762622 -0.00774506 0.00926196 -0.00476281 -0.0346633 -0.0268011 0.00506282 0.014581 0.019583 0.0421105 -0.000548068 7.77384e-05 0.00681663 -0.000584874 -0.00453051 -0.00332761 0.0117692 -0.022569 0.0182382 0.00227753 -0.0055757 -0.0128368 0.00472462 -0.0409433 -0.0285972 -0.0306808 -0.0346587 -0.0118911 0.0154038 0.0154521 -0.00963415 0.00630973 -0.0245917 0.0158368 2.7506e-05 -0.00497381 -0.022643 0.0192939 0.0225666 0.0220111 0.00405711 -0.00135138 -0.00701576 -0.0130011 0.00626543 0.00976299 0.000924791 0.00309948 0.00241294 -0.00156912 -0.00222274 -0.00183101 0.00839168 -0.0136529 -0.00377946 -0.0150085 0.00457243 -0.0102496 -0.00101285 -0.00190954 0.0236578 0.0276424 -0.0207063 -0.00278553 -0.0147228 -0.012138 -0.0296498 -0.0225671 -0.0364427 -0.000114486 -0.00353565 0.00772602 0.00626423 -0.025033 0.00967404 0.00393907 -0.003122 0.00937982 0.00885111 0.0309181 0.0050164 0.0199862 0.0562276 -0.0119788 -0.011376 -0.0101507 0.0166614 0.0223307 -0.0205756 0.000822316 0.0086246 -0.000865481 0.000335129 0.0169288 -0.0293033 0.0188771 -0.0274997 0.00796787
internal_weight=38152.5 34676.4 32592 31086.5 27295.5 3790.97 2408.42 2084.4 5077.91 3476.1 1505.51 5006.09 2024.53 22217.6 4941.61 1975.38 377.599 21206.3 1382.56 1011.35 821.376 530.211 4268.82 1141.59 20825.9 1597.78 73.1667 1524.61 2133.7 486.667 3127.23 2980.11 274.72 229.09 1335.2 1453.81 672.794 59.8743 20595.2 18683.6 1672.63 17011 4707.52 4413.22 433.914 294.296 370.511 994.58 2913.13 977.371 923.777 47.3525 443.96 432.853 397.487 1080.65 1436.37 357.719 1942.55 249.038 147.006 380.41 162.628 3979.31 214.427 230.616 291.165 640.83 1313.71 842.327 665.626 221.204 898.31 771.475 12303.5 6572.38 6358.58 5731.1 5533.16 5470.84 3044.16 130.599 68.8334 126.835 366.702 1039.9 214.326 1935.76 625.176 217.781 380.738 342.158 940.296 34.3788 70.8036 495.989 194.67 4458.69 442.892 737.363 718.82 70.6209 648.199 484.073 351.093 2913.56 206.018 189.971 61.1109 176.701 35.4418 1693.51 1676.04 1611.02 59.921 743.635 127.506 104.052 2835.83 421.125 65.1403 49.4669 91.1236 338.341 200.164 692.731
internal_count=160737 145904 136562 129688 113704 15984 10143 9342 22051 14833 6874 21750 9065 91653 21467 8835 1635 87388 5841 4265 3466 2237 18518 4951 85738 7200 322 6878 8968 2056 13567 12582 1175 973 5631 6629 2949 277 84783 76824 6900 69924 19409 18179 1807 1230 1540 4321 12299 4257 4020 210 2212 2161 1968 4666 6556 1488 8157 1041 630 1650 691 16372 885 955 1229 2811 5541 3557 2813 902 3909 3351 50515 26961 26083 23554 22741 22457 13198 563 339 558 1545 4487 899 8042 2746 959 1642 1477 4099 148 301 2251 893 18305 1871 3199 3120 303 2817 2108 1518 12635 900 799 259 744 158 7116 7038 6766 260 3467 548 444 12280 1781 280 208 400 1402 825 3089
is_linear=0
shrinkage=0.05


Tree=39
num_leaves=127
num_cat=0
split_feature=13 151 151 13 16 13 223 154 85 151 13 15 13 13 162 13 153 154 151 39 200 151 153 198 201 201 210 151 39 203 162 16 65 67 201 176 199 151 67 61 201 203 198 50 14 219 180 213 217 203 65 76 199 203 203 60 77 199 203 70 77 198 200 216 203 198 202 173 201 199 201 203 214 207 67 60 198 217 154 203 199 199 200 64 199 215 65 216 223 65 154 193 175 201 77 70 200 170 200 200 213 152 198 64 198 60 201 201 72 77 215 161 202 153 215 202 171 198 215 67 198 60 198 202 203 60
split_gain=101.452 149.443 103.006 70.6007 52.6923 48.7624 33.1208 32.6196 32.5329 32.5117 40.5737 32.2506 47.4815 42.2956 36.0673 32.1079 31.1443 29.6984 29.0166 28.4366 30.0335 28.196 37.6695 26.9064 26.526 33.3526 27.0997 26.273 26.1656 26.8268 27.1348 26.1103 25.6792 25.3945 24.5555 36.6905 33.2874 26.9716 26.8382 24.5019 27.9654 24.3788 24.2006 23.8546 23.5568 24.4024 23.4395 23.4378 28.1413 27.3317 23.0727 22.335 38.6048 22.2743 23.0895 22.072 21.9483 21.9265 21.7104 21.5323 24.131 21.0723 23.3834 38.5927 36.2534 22.7291 22.0267 21.4953 22.2204 20.999 30.3254 32.8242 27.0431 26.2015 25.3013 22.4169 22.2299 21.5751 22.617 21.5244 26.1527 23.3867 20.917 28.3423 29.1657 27.6346 21.6674 25.4782 20.749 20.3223 20.2949 20.7412 20.2157 25.8878 20.1817 21.4486 21.0484 37.3114 23.1893 21.0532 22.1443 30.4659 20.0848 19.9265 21.0536 19.7415 22.2417 22.6637 19.7229 20.7462 31.6603 19.6526 19.3991 19.3643 36.0463 31.8976 27.2294 25.9457 23.545 23.2825 22.0866 24.2914 26.3113 20.9877 19.3043 30.6288
threshold=0.90000000596046459 0.70000001788139354 0.90000000596046459 0.70000001788139354 1.0000000180025095e-35 0.70000001788139354 1.0000000180025095e-35 1.0000000180025095e-35 1.0000000180025095e-35 0.5000000149011613 0.30000000447034841 0.5000000149011613 0.30000000447034841 0.30000000447034841 1.0000000180025095e-35 0.30000000447034841 0.5000000149011613 1.0000000180025095e-35 0.90000000596046459 1.0000000180025095e-35 0.30652172863483435 0.5000000149011613 0.5000000149011613 0.38627451658248907 0.4097938090562821 0.26288658380508428 1.0000000180025095e-35 0.90000000596046459 1.0000000180025095e-35 0.60277777910232555 1.0000000180025095e-35 0.75000000000000011 0.097222223877906813 0.60025000572204601 0.48195876181125646 1.0000000180025095e-35 0.41842105984687811 0.30000000447034841 0.52525001764297496 0.36578947305679327 0.30154637992382055 0.21944444626569751 0.25294119119644171 1.0000000180025095e-35 1.0000000180025095e-35 1.0000000180025095e-35 1.0000000180025095e-35 -1.0000000180025095e-35 0.25000000745058065 0.42499999701976782 0.71666666865348827 0.25000000745058065 0.35526315867900854 0.57222223281860363 0.77777776122093212 0.17254902422428134 0.25000000745058065 0.36578947305679327 0.097222223877906813 1.0000000180025095e-35 1.0000000180025095e-35 0.40588235855102545 0.42391304671764379 1.0000000180025095e-35 0.55277779698371898 0.23137255012989047 0.30652172863483435 1.0000000180025095e-35 0.28092782199382788 0.41842105984687811 0.64175257086753856 0.68611112236976635 0.58333334326744091 1.0000000180025095e-35 0.66435000300407421 0.19215686619281772 0.37058824300765997 -1.0000000180025095e-35 1.0000000180025095e-35 0.24722222238779071 0.48157894611358648 0.54999998211860668 0.35869564116001135 0.38913042843341833 0.29736842215061193 0.41666667163372045 0.21388889104127887 1.0000000180025095e-35 1.0000000180025095e-35 0.46944443881511694 1.0000000180025095e-35 1.0000000180025095e-35 1.0000000180025095e-35 0.32989689707756048 0.25000000745058065 1.0000000180025095e-35 0.50869563221931469 1.0000000180025095e-35 0.36739130318164831 0.43260869383811956 1.0000000180025095e-35 1.0000000180025095e-35 0.19215686619281772 0.31956522166728979 0.27647060155868536 0.48627451062202459 0.36855669319629675 0.54381442070007335 1.0000000180025095e-35 1.0000000180025095e-35 -0.25000000745058054 1.0000000180025095e-35 0.4086956530809403 1.0000000180025095e-35 0.25000000745058065 0.38043478131294256 1.0000000180025095e-35 0.30000001192092901 0.25000000745058065 0.59694999456405651 0.33137255907058721 0.41372549533844 0.39019608497619634 0.51304346323013317 0.50833335518836986 0.47450980544090277
decision_type=2 2 2 2 2 2 2 2 2 2 2 2 2 2 2 2 2 2 2 2 2 2 2 2 2 2 2 2 2 2 2 2 2 2 2 2 2 2 2 2 2 2 2 2 2 2 2 2 2 2 2 2 2 2 2 2 2 2 2 2 2 2 2 2 2 2 2 2 2 2 2 2 2 2 2 2 2 2 2 2 2 2 2 2 2 2 2 2 2 2 2 2 2 2 2 2 2 2 2 2 2 2 2 2 2 2 2 2 2 2 2 2 2 2 2 2 2 2 2 2 2 2 2 2 2 2
left_child=1 3 19 9 5 11 8 34 33 10 31 12 -3 -13 42 -11 27 28 -14 21 -21 22 90 53 25 -23 32 47 29 30 39 59 -26 44 35 37 43 -5 -39 57 89 -22 -15 -36 45 111 -38 -7 61 -50 58 108 -53 124 -55 -12 113 -6 -29 60 -1 62 63 -49 102 -65 -63 68 -68 70 71 73 75 74 -57 -71 -75 79 88 81 -81 -77 83 -62 -85 -86 -84 -88 92 -41 91 -2 -79 -94 95 96 98 -98 -25 -100 101 -101 -64 -61 -105 106 -46 -108 109 -35 -111 -4 -31 116 115 -115 118 -118 119 -34 -120 122 -122 -117 -17 -126
right_child=2 4 6 7 17 16 -8 -9 -10 15 55 13 18 14 -16 23 -18 -19 -20 20 41 24 -24 94 26 -27 -28 50 -30 112 -32 -33 56 51 36 -37 46 38 -40 40 -42 -43 -44 -45 105 -47 -48 48 49 -51 -52 52 -54 54 -56 69 -58 -59 -60 103 82 66 64 65 -66 -67 67 -69 -70 72 -72 -73 -74 76 -76 77 -78 78 -80 80 -82 -83 86 84 85 -87 87 -89 -90 -91 -92 -93 93 -95 -96 -97 97 -99 99 100 -102 -103 -104 104 -106 -107 107 -109 -110 110 -112 -113 -114 114 -116 123 117 -119 120 -121 121 -123 -124 -125 125 -127
leaf_value=0.00099685408737849911 -0.039920380971678243 0.039841901542043458 -0.0026728436522731203 -0.038053154361517627 -0.033430233553678676 0.031034972766938781 0.053010899036447873 0.017323883631944457 -0.052053414585261887 0.015519505249124852 -0.026103443717874399 -0.085130803388403134 0.0093755449410334035 0.067978653496283334 -0.04846255771400948 0.005178635546490261 0.0277636921174945 0.062129389258828688 0.020894799929497908 -0.026589799136592981 -0.043264467925943233 -0.0032682679119191492 0.041313709290732553 -0.0056305847243396942 0.052549787036611041 -0.022058081871629692 0.034705367681721742 -0.050693175910613397 -0.077682747550249537 -0.0057687999633065845 0.023769555409176354 0.041903631994279232 -0.019987524542849008 0.001729359842658441 -0.018498215165401819 -0.055780469603992203 0.0011492462119876037 -0.022220433888621289 -0.0064403350919600838 -0.026779434147874183 -0.040610742963785314 0.033422684622542158 0.0024549013309958069 0.018980725530222828 0.0061471414708484055 -0.066361589433090271 0.04450231943776814 -0.002606111857644994 -0.070591106678747545 -0.0032599010315848666 0.036904897702358656 -0.042928518069158338 0.051362347813586784 -0.0057662125690468606 0.038161021316603802 -0.021614529794539941 0.015295812462530319 0.031876220840345845 0.0078211412732435894 -0.039383340513186982 0.021412940066845465 0.0097751770051253961 -0.051188972280197156 -0.034029878954239048 0.041394956285223501 0.041274744742352959 0.026142966111445155 0.037701430840549409 -0.021068617028027585 0.035964272581132967 0.0068105749984301986 0.034581145421559496 -0.035939402274661046 -0.017812782449008975 -0.0082155476039313217 0.021032365950652138 0.045207522719152252 -0.0037675209155867643 0.020047552194158436 -0.016780561686142545 0.041592439460358205 -0.065425089796711855 -0.045704283644092819 0.038148116967130108 -0.012919454237400763 -0.086434322658631671 0.017906914760660576 0.062725367761061829 0.045688546615617345 0.037328772994973815 0.012576894277895743 0.021317555688570036 -0.0079830185295143141 0.023134294576644898 -0.035083967774780782 -0.04050936500024218 -0.023955970551855912 0.064070933457937365 0.024188048263618603 -0.00078542897114996764 -0.04892178466897 0.067353438302275567 0.0080294009954304472 -0.032761931524194654 0.0067750585599917704 -0.054642257929500705 -0.034847189532503868 0.0054368448426699882 -0.030259058994044311 -0.054904332234751441 0.025801840215225316 0.024036862245829963 0.056728717771271878 -0.030064420540918832 0.07555268486688714 0.034849030045474037 0.063050495060115994 -0.010080956050039907 -0.048354122340151573 -0.0058339017138480083 0.054848129853508024 -0.055118387685631966 -0.01906737162936771 -0.03316228276998847 0.013221023851557975 0.064050070123244887
leaf_weight=7058.7692310661077 234.29768901318312 164.45930446684361 1505.7608698308468 92.714974105358124 20.58525638282299 61.937287166714668 29.16950723528862 120.3308082818985 30.325536578893661 532.96322347223759 108.43013447523117 16.871133282780647 2204.2204514890909 17.359553441405296 29.827266685664654 1822.7005146741867 141.27471134066582 13.314731940627096 726.99149318039417 39.739206463098526 11.704254627227781 325.44671407341957 18.651327267289162 459.02784208953381 17.246861010789871 860.92879149317741 37.674188330769539 15.99071618914604 15.398080587387083 27.162503123283386 36.260549321770668 39.898159489035606 445.20183376967907 2285.3955731913447 389.97374145686626 49.126010462641716 660.02189430594444 355.16132383048534 1116.4781512320042 27.187196418642998 157.07522398233414 90.469000443816185 74.862816601991653 47.642621278762817 98.02600459754467 14.613315545022486 32.72376050055027 1314.8703615516424 27.499486818909645 33.351892396807671 68.314395815134048 13.690612375736235 52.416324406862259 574.02497260272503 31.559506103396416 498.18755622208118 89.832350432872772 34.216330394148827 1827.0941752791405 57.55261917412281 109.1294652223587 123.18360012769699 14.762119337916372 11.517344012856482 86.262814939022064 77.08685727417469 27.005093038082123 18.621491312980652 323.20454172790051 40.650378301739693 316.35884377360344 40.409630253911018 56.065748929977417 22.395460143685341 1203.3162670731544 17.100804179906849 37.297284707427025 3856.7014745622873 113.51011589169502 24.803642213344574 84.753090679645538 14.415049120783804 11.735581323504446 25.034110486507416 123.82082110643387 14.254975751042364 248.80315788090229 36.341721668839455 22.151041641831398 22.669848591089249 23.212148413062096 14.694381192326544 114.05858506262302 161.4494234919548 50.505948573350906 36.249144554138184 158.98761683702469 13.024006828665732 169.35065668821335 168.8090036213398 20.486146301031113 18.170311078429222 476.37050725519657 48.102377250790596 112.23358473181725 31.615653917193413 125.46530270576477 48.376524075865746 45.414977267384529 13.149978369474409 160.09209196269512 72.169601008296013 22.871152624487877 55.400622621178627 17.139301210641861 55.019874006509781 23.337930664420128 25.250163644552231 85.874643191695213 836.48668470978737 18.755186125636101 22.090619802474976 33.623693749308586 14.289407163858412 359.9509688615799 32.297133564949036
leaf_count=28559 1288 911 6310 467 88 253 129 506 133 2347 446 69 9339 73 154 7401 617 59 3766 175 55 1436 78 1867 73 3930 162 67 63 111 154 168 2020 9597 1659 212 2773 1512 4723 114 656 391 311 203 406 70 135 5329 114 137 311 65 250 2325 128 2055 388 145 8171 236 460 504 64 47 355 354 112 76 1349 166 1303 163 297 93 4946 71 161 15705 461 101 344 59 49 107 513 61 1040 154 91 97 105 68 463 654 211 152 646 53 684 684 83 74 1937 196 461 138 531 200 191 89 785 297 99 245 76 242 104 112 421 3733 84 112 156 63 1461 134
internal_value=7.79564e-07 0.00132226 -0.00503518 -0.000836684 0.0070544 0.00792745 -9.60663e-05 -0.00815622 -0.000440579 0.000262896 -0.000876067 0.0126417 0.0136993 -0.0109264 -0.000668955 0.00400585 0.00464704 -0.0112133 0.0122325 -0.0116166 0.0102928 -0.0125719 -0.0274277 0.00243851 -0.011114 -0.0169037 -0.00724908 0.00392244 -0.0139004 -0.0110784 -0.0167666 0.00155785 -0.00815771 -9.0126e-05 -0.00927364 -0.0132327 -0.00362248 -0.0118966 -0.0102487 -0.0223824 -0.0302551 0.0246379 0.0147888 -0.0144179 -0.00447977 -0.00204685 0.00319715 0.000646562 -9.62844e-05 -0.0336877 0.00837108 0.00314815 0.0318349 0.0050207 -0.00347698 -0.00372707 -0.00876562 0.00734499 0.00731347 0.00135268 0.00179539 0.000730315 0.00303062 -0.000453797 0.0115002 0.0314862 -0.0085308 -0.0146447 -0.0174281 -0.00336077 -0.00746698 -0.00997409 -0.00143057 -0.0109964 -0.0121387 -0.000995748 0.0215636 -0.00133652 -0.00197243 0.0179017 0.0283768 -0.0185124 0.0116996 0.00168958 -0.0115064 -0.0205091 0.0208787 0.023619 -0.00257408 0.00237038 -0.0321379 -0.0363064 -0.0028328 0.0102519 -0.00421513 -0.00272193 -0.00136284 -0.0172909 0.00191506 0.011107 0.000429115 0.00583618 0.00624946 -0.0141455 -0.00508643 -0.0172466 -0.0128979 -0.023637 0.00239082 0.00299391 0.0196758 -0.00145123 0.0227998 -0.0100897 0.00756333 -0.00178067 -0.0117696 0.0250457 -0.01301 -0.0107502 -0.0310733 -0.0111459 0.00739938 0.0208272 0.00734403 0.0174062
internal_weight=38111.7 30189.7 7922.05 21930 8259.68 7882.94 4525.68 2864.17 4496.51 19065.8 14617.7 3234.59 3095.67 138.921 122.05 4448.11 4648.35 376.741 2931.21 3396.37 141.912 3254.45 290.856 3915.14 2963.6 1186.38 1777.22 4507.07 363.426 348.028 297.994 7885.68 1739.55 4466.19 2743.84 1613.48 1130.36 1564.35 1471.64 261.734 206.932 102.173 92.2224 437.616 1896.03 1592.54 692.746 2595.67 2533.74 60.8514 1911.4 2570.16 66.1069 2820.53 605.584 6732.05 1722.3 54.8016 1843.08 7845.78 7627.89 2472.88 1980.87 1403.47 577.395 88.6042 492.015 368.831 350.21 6623.62 2117.97 1801.61 4505.66 1761.2 1701.5 4449.59 59.6927 4408.94 4267.87 141.073 109.557 31.5159 569.12 272.239 163.11 138.076 296.88 285.145 4154.36 49.857 272.204 248.992 4132.21 275.508 1094.61 1044.1 1007.86 172.012 835.844 376.816 207.465 186.979 491.133 217.889 160.336 303.483 271.868 173.842 2504.05 2458.64 173.242 1577.93 50.0337 1632.47 141.849 124.71 1490.62 48.5881 1442.03 1281.69 160.344 74.4695 52.3789 69.3093 2214.95 392.248
internal_count=160737 126029 34708 90023 36006 34420 19191 12190 19062 77833 59583 14623 14016 607 538 18250 19797 1586 13105 15517 621 14896 1539 15903 13357 5366 7991 19180 1527 1464 1254 32004 7829 18929 11684 6914 4770 6702 6235 1100 867 446 384 1862 7952 6677 2908 10631 10378 251 8549 10977 315 11449 2453 27579 7756 233 8238 31836 30943 10127 8086 5730 2356 401 2041 1537 1461 27133 8721 7418 18412 7255 7001 18115 254 17949 17374 575 445 130 2384 1141 681 574 1243 1194 16913 211 1461 1356 16822 1117 4454 4243 4091 699 3392 1525 841 758 2001 893 657 1275 1137 731 10662 10471 874 6607 210 7368 626 550 6742 216 6526 5753 773 352 240 305 8996 1595
is_linear=0
shrinkage=0.05


Tree=40
num_leaves=127
num_cat=0
split_feature=13 205 70 31 75 213 14 244 153 203 62 215 77 15 213 60 153 153 153 81 209 219 223 216 198 32 50 65 60 60 65 64 202 32 60 64 62 202 210 65 67 205 14 191 79 79 75 77 64 64 208 203 199 198 60 213 216 199 60 148 64 62 170 62 214 214 62 198 205 65 60 60 214 214 50 170 203 198 202 203 199 198 217 202 71 200 200 181 65 153 200 60 76 67 60 69 75 62 200 198 199 64 65 62 202 60 199 199 152 65 199 198 152 60 148 203 13 112 64 65 64 60 208 202 160 210
split_gain=91.8462 71.8186 57.0906 49.6632 45.5833 42.2838 40.1501 56.1435 49.8552 55.1033 49.0155 39.4803 45.2066 40.8936 38.238 37.9363 43.7841 36.7993 36.4068 35.1545 35.2491 33.6913 32.6756 32.2853 32.1545 35.7718 31.4326 32.2913 38.5052 31.2283 41.765 33.8106 30.9619 32.1684 30.1301 29.6812 29.4995 29.068 28.745 28.018 27.745 25.7356 25.7255 28.1871 25.9824 25.7126 25.6836 35.2668 31.0722 26.5406 25.4666 26.5858 26.0332 25.2509 24.1303 23.928 23.8947 27.7645 23.8568 23.4856 37.2426 23.3368 26.1539 23.2924 23.1688 23.0012 22.9258 22.8884 22.8167 22.7454 48.955 45.6965 47.5986 29.5996 26.541 25.7053 22.7094 22.6994 22.4889 24.3367 33.5 22.3178 22.1155 43.6089 23.198 21.9582 25.5083 21.8926 21.8478 21.5465 21.033 20.9987 20.6412 21.4163 20.5903 28.5011 23.542 20.5102 20.2047 22.4214 20.1291 20.05 19.773 28.5547 24.9961 35.7627 22.8828 20.8592 19.5146 20.9494 19.3765 19.2358 19.4395 19.1409 22.8037 19.0568 19.0238 18.8534 18.8263 18.6607 23.5186 25.0754 18.6433 20.9063 18.5111 21.7481
threshold=0.90000000596046459 0.52285000681877147 1.0000000180025095e-35 1.0000000180025095e-35 0.25000000745058065 0.41666667163372045 1.0000000180025095e-35 1.0000000180025095e-35 0.5000000149011613 0.36388888955116278 0.7130434811115266 0.25000000745058065 0.25000000745058065 0.5000000149011613 1.0000000180025095e-35 0.48627451062202459 0.5000000149011613 0.83333334326744091 1.0000000180025095e-35 1.0000000180025095e-35 1.0000000180025095e-35 1.0000000180025095e-35 1.0000000180025095e-35 0.41666667163372045 0.63725492358207714 1.0000000180025095e-35 1.0000000180025095e-35 0.31666667759418493 0.37647059559822088 0.4294117689132691 0.29722222685813909 0.49782608449459081 0.6347826123237611 1.0000000180025095e-35 0.4294117689132691 0.28043477237224584 0.38913042843341833 0.51304346323013317 1.0000000180025095e-35 0.65833333134651195 0.22735000401735309 0.88155001401901256 1.0000000180025095e-35 1.0000000180025095e-35 1.0000000180025095e-35 1.0000000180025095e-35 1.0000000180025095e-35 0.25000000745058065 0.6347826123237611 0.30217391252517706 1.0000000180025095e-35 0.61388888955116283 0.44473683834075933 0.27647060155868536 0.31176471710205084 1.0000000180025095e-35 0.41666667163372045 0.33947369456291204 0.26470589637756353 0.62500000000000011 0.49782608449459081 0.11956521496176721 1.0000000180025095e-35 0.35869564116001135 0.41666667163372045 0.25000000745058065 0.34130434691905981 0.19215686619281772 0.43565000593662268 0.55277779698371898 0.54313728213310253 0.30392158031463629 1.0000000180025095e-35 0.58333334326744091 1.0000000180025095e-35 1.0000000180025095e-35 0.34722222387790685 0.40980392694473272 0.49782608449459081 0.46944443881511694 0.45526316761970526 0.31176471710205084 -1.0000000180025095e-35 0.50217390060424816 1.0000000180025095e-35 0.31956522166728979 0.39782609045505529 1.0000000180025095e-35 0.49722221493721014 0.83333334326744091 0.43260869383811956 0.41372549533844 0.41666667163372045 0.53835001587867748 0.34313726425170904 1.0000000180025095e-35 0.58333334326744091 0.51739129424095165 0.49782608449459081 0.23725490272045138 0.47631579637527471 0.58043476939201366 0.39166666567325598 0.49782608449459081 0.26304347813129431 0.28431373834609991 0.48157894611358648 0.54473683238029491 1.0000000180025095e-35 0.65833333134651195 0.52105262875556957 0.43333333730697637 1.0000000180025095e-35 0.40980392694473272 0.62500000000000011 0.38333334028720861 0.5000000149011613 1.0000000180025095e-35 0.36739130318164831 0.33055555820465093 0.29347826540470129 0.33137255907058721 1.0000000180025095e-35 0.42391304671764379 1.0000000180025095e-35 1.0000000180025095e-35
decision_type=2 2 2 2 2 2 2 2 2 2 2 2 2 2 2 2 2 2 2 2 2 2 2 2 2 2 2 2 2 2 2 2 2 2 2 2 2 2 2 2 2 2 2 2 2 2 2 2 2 2 2 2 2 2 2 2 2 2 2 2 2 2 2 2 2 2 2 2 2 2 2 2 2 2 2 2 2 2 2 2 2 2 2 2 2 2 2 2 2 2 2 2 2 2 2 2 2 2 2 2 2 2 2 2 2 2 2 2 2 2 2 2 2 2 2 2 2 2 2 2 2 2 2 2 2 2
left_child=1 45 4 5 11 6 7 8 10 41 19 12 14 64 22 16 18 50 29 20 21 24 23 34 38 -26 27 36 101 32 -31 -32 33 102 42 -11 63 65 40 -30 -2 88 44 87 82 55 47 69 49 -49 52 56 92 -40 -12 122 57 -52 -22 -36 67 -54 -63 -4 119 -16 -15 -61 -35 -42 71 72 74 75 78 81 -60 -17 79 80 -71 -73 83 -3 89 -62 -87 108 -10 91 -91 124 93 -13 96 100 -6 -51 99 -37 -96 -29 103 106 105 -104 -8 -108 -44 -110 -23 112 -55 114 -7 -106 -97 -46 -38 -14 -121 -122 -1 -124 125 -84
right_child=3 2 26 -5 94 113 15 -9 9 35 54 17 13 66 37 77 -18 -19 -20 -21 58 110 -24 -25 25 -27 -28 28 39 30 31 -33 -34 68 59 98 118 -39 53 -41 46 -43 43 -45 117 -47 -48 48 -50 97 51 -53 61 111 -56 -57 -58 -59 76 60 85 62 -64 -65 -66 -67 -68 -69 -70 70 -72 73 -74 -75 -76 -77 -78 -79 -80 -81 -82 -83 84 -85 -86 86 -88 -89 -90 90 -92 -93 -94 -95 95 116 -98 -99 -100 -101 -102 -103 104 -105 115 -107 107 -109 109 -111 -112 -113 -114 -115 -116 -117 -118 -119 -120 120 121 -123 123 -125 -126 -127
leaf_value=0.0054189446350280807 -0.014929444356895888 0.01967940047323594 0.014958128107812101 0.031410804701137246 0.01301815593429877 -0.039063655425905223 -0.01536922901518052 -0.061242603395374066 0.028394165250879223 -0.026538317153980875 0.062396950923750652 -0.030164698057082995 0.037662371734113444 0.021044209282751008 -0.0064364815261614555 -0.028545227253476912 -0.053776737925709445 0.059837785493430634 0.036619629392220437 0.044118776659829904 0.067523991599378219 -0.049038688681797622 0.030326523892329683 -0.041712853962576915 0.030713828652194859 -0.06294094034630196 -0.045454244393336646 -0.011352196293127302 -0.047411239085854838 -0.063013495510648082 0.048527301602079811 -0.019622634603329067 0.039768148801930969 0.064599744238344484 0.0031082088275494451 -0.0060531004611088504 0.02162099132269929 0.027426368844072065 0.056706343301757861 0.017467549752511535 -0.0084766003914997969 -0.049514815810169505 -0.010362838031247389 0.042174833416303271 0.005914727734289151 0.018979688064067794 0.011234365908742557 -0.02945462126489903 -0.047643973042155278 0.029803921578181566 -0.044248183003090968 -0.04847976477521547 -0.069271065949639402 -0.012161410741984922 -0.0042968382742496038 -0.0022565395228277036 0.055832503057203248 0.030490304616985688 -0.024579627554434588 -0.044508431358644449 0.019086422644167468 -0.0061294913895774831 0.027026402343971447 0.078425252746749122 0.063586028022471083 -0.024041068257244759 -0.070228941331019298 0.02316266776028076 -0.0005116836934528717 0.02195166489018658 0.077038695989304337 -0.020084821960289649 -0.053033859527029374 0.053033079896689088 0.040712128197963805 -0.043180623989753447 0.028685939164096549 -0.08182472979232637 -0.019289285752775265 0.024779337307872778 -0.018095165019150102 -0.0014172331719984543 0.00023440364599012763 -0.038129801977551059 -0.023917385276825257 -0.060034748817283538 0.0028756852502954183 0.04048959449802212 -0.021567719840834363 0.0077925048215664282 0.055102100365756072 -0.014818782979155731 -0.072558074462196254 -0.010951171991238318 -0.0039149780067437735 -0.070035536029091336 0.041279754641820328 -0.039543944118312219 -0.0094478297629217098 0.066728611831146076 0.019298226405934146 0.036430403361386338 0.053604558685856223 -0.037982422534322324 -0.041919518478584487 -0.023894449276710764 0.049563284796288215 0.0022238487770324554 0.010048943867900364 -0.055696821796741548 0.021141280723994241 0.044929094147987972 0.051408933217236955 -0.061692455973265309 0.012926831587805636 -0.019740156069836232 0.0028267258940226003 0.027838592189915502 -0.025322156922362657 -0.021015722292572359 0.022528222470403619 0.0010243217937628902 0.0079309626203422617 0.032033613201799191 -0.0062848378046545111 0.016794519088862044
leaf_weight=5451.3208746165037 708.83875418454409 281.53266425430775 82.901444032788277 93.576764419674873 421.02505211532116 59.250936783850193 104.04616462439299 41.462017923593521 51.259892925620079 14.019330382347105 41.533487439155579 199.69203788042068 70.952602922916412 9.9060677587985975 1209.4720960855484 80.954883009195328 55.237409487366676 19.180715635418892 43.638129264116287 37.450703889131546 23.813840746879578 63.748684048652649 91.994199767708778 45.286395043134689 104.20947244763374 11.301511362195013 69.078555271029472 360.20923979580402 124.81299839913845 14.424690276384352 62.708793237805367 25.641375049948692 26.533772870898247 19.047715976834297 2012.753731906414 12.017408818006514 29.900644972920418 56.50758758187294 30.602241024374962 19.200643792748451 3163.2549519687891 25.920721977949142 1292.2351628988981 29.32958522439003 407.20971456170082 343.33530029654503 250.82861515879631 24.727510303258896 18.894458413124084 177.37306777387857 19.703120559453964 14.735660150647162 12.013425901532171 88.573527574539185 20.13809198141098 983.93476301431656 35.485229060053825 33.646141350269318 29.694937095046043 12.874581411480902 35.200525596737862 252.78231796622276 77.778397500514984 17.509549468755722 23.786774881184101 219.16086108982563 22.520549699664116 424.25315621495247 45.823103159666061 96.816595390439034 19.947571098804474 265.14610068500042 29.588991612195969 18.151936829090118 70.475629806518555 59.220079518854618 61.355304285883904 26.54633067548275 65.844234511256218 198.00001357495785 113.37307949364185 404.16065202653408 10968.307245746255 36.898466944694519 103.65304896235466 33.750370591878891 30.833435744047165 23.584528252482414 38.178044348955154 81.569197043776512 32.996893465518951 246.3113229572773 16.622782841324806 529.87940929830074 197.72613883018494 21.122403860092163 89.319189704954624 11.344029784202574 12.466965869069098 88.576842293143272 176.97737526893616 23.379017740488052 23.523288518190384 59.384481258690357 167.4969198256731 40.541255965828896 34.508980244398117 71.447044298052788 198.27835319936275 12.9050445407629 11.629548177123068 25.59190671145916 13.915132254362105 40.83007288724184 32.748072296380997 229.61303482949734 15.556014001369475 129.16559244692326 74.756941139698029 53.742886796593666 327.0673965215683 231.53692397475243 245.30431813001633 142.07613191008568 1092.7436603009701 201.90931956470013
leaf_count=22889 3072 1170 347 400 1848 297 458 207 218 58 180 880 337 43 4999 358 242 105 190 195 102 319 386 203 453 54 296 1517 532 63 282 110 115 82 8226 51 128 234 129 82 13840 115 5335 121 1701 1492 1088 142 89 830 83 64 53 381 86 4159 175 143 124 57 154 1107 345 74 153 975 123 1834 209 418 85 1163 134 87 303 258 256 121 285 850 483 1761 44996 158 423 154 137 98 167 347 138 1012 106 2304 867 88 440 49 53 372 775 98 98 262 736 177 155 306 840 53 52 109 60 217 145 1007 65 538 314 235 1454 1027 1052 621 4487 832
internal_value=5.47516e-07 0.00125802 -0.000104519 -0.00479815 0.000369213 -0.00523213 -0.00474805 -0.00324443 -0.00287459 0.0193724 -0.00373624 -0.000102698 0.000426925 0.0125591 -3.76813e-05 -0.0134464 -0.0104789 -0.00886777 -0.00800918 -0.00417759 -0.0044712 -0.00499253 0.000604533 0.000450348 -0.00457312 0.0215507 -0.0132121 -0.0101722 -0.0167164 -0.0101152 0.0158695 0.0287485 -0.0133642 -0.0151366 0.000558297 0.0420838 0.00666468 -0.00774594 -0.00508853 -0.0387613 -0.0056733 -0.00564666 -0.000288591 -0.00637756 0.000409116 0.00562844 -0.00435769 -0.00518342 0.0138129 0.0192532 -0.00997301 0.0137192 -0.0122268 0.0159018 0.0406189 0.00495656 0.0240366 0.00288765 0.0229676 0.00558669 0.0148779 -0.000815997 0.00167184 0.0260254 0.015077 -0.00913713 -0.0423457 0.0211696 0.0186067 -0.00616335 -0.000705572 -0.00187974 0.00872672 -0.0100347 0.0120828 -0.0116061 0.011314 -0.0417021 0.00782645 0.0122004 0.00035102 -0.0088124 -3.43088e-05 0.0129807 -0.000359934 -0.0126841 -0.0300002 -0.00731012 0.00706712 -0.000166506 0.0214184 -0.000364191 -0.0174654 -0.0162101 0.0112549 0.00293136 0.0179644 0.0256353 0.0505928 0.0580338 0.00704892 -0.00843993 -0.0181328 -0.00737011 -0.0244197 0.00456172 0.00128645 0.0176419 -0.00805997 0.00603134 -0.0382111 0.00615241 -0.00353031 -0.0332016 -0.0205571 -0.0290952 -0.0391333 0.0111943 -0.0119105 0.0133883 0.0105757 0.013615 0.00617211 0.0167709 -7.38595e-05 0.000533739
internal_weight=38052.2 30151.2 22985.2 7900.97 22183.5 7807.39 7674.56 6543.45 6501.98 242.439 6259.54 21261.7 20050.2 739.513 19310.7 1131.12 1023.62 1211.52 968.379 6197.87 6160.42 6045.56 17825.6 17733.6 5970.18 115.511 801.749 732.67 527.602 924.741 102.775 88.3502 821.966 795.432 17688.3 127.081 205.069 1485.14 5854.67 144.014 5695.99 115.359 15138.6 1556.33 13582.3 7165.97 4987.15 4736.32 232.339 213.445 1192.34 103.57 1088.77 158.683 61.6716 6822.64 88.8345 53.3493 114.864 2549.67 536.912 342.574 330.561 100.411 707.087 1428.63 32.4266 437.128 64.8708 4503.98 1340.72 1320.78 574.099 746.679 544.51 728.527 91.0502 107.501 474.034 408.19 210.19 669.307 13045.9 318.431 12727.5 99.7843 64.5838 1527 89.4379 12623.8 114.566 12509.3 746.194 729.571 921.726 411.382 510.344 188.717 113.061 100.594 374.704 383.588 730.561 269.387 461.174 64.0645 210.002 105.956 1503.42 211.183 75.3782 128.081 102.489 132.829 91.999 397.11 36.6784 536.375 104.658 683.3 612.347 558.604 5838.7 387.38 12263 11170.2
internal_count=160737 126029 95816 34708 92428 34308 33649 28678 28471 1034 27437 88345 82980 3372 79608 4971 4492 5365 4250 27171 26976 26494 73400 73014 26123 507 3388 3092 2229 4060 455 392 3605 3490 72811 534 863 6208 25616 614 24937 500 62249 6447 55802 30213 21865 20777 1110 1021 5260 465 4795 679 266 28721 401 226 482 10562 2336 1505 1452 421 3206 5974 166 1891 291 19667 5827 5742 2473 3269 2339 3182 380 479 2036 1751 901 2924 53563 1328 52235 445 291 6326 385 51812 485 51327 3290 3184 4083 1795 2288 879 476 423 1642 1615 3199 1181 2018 275 919 461 6228 893 371 550 441 659 442 1743 153 2239 442 3053 2716 2481 24562 1673 50315 45828
is_linear=0
shrinkage=0.05


Tree=41
num_leaves=127
num_cat=0
split_feature=205 286 208 79 75 208 81 201 201 200 62 200 152 54 199 286 200 199 170 199 14 173 214 70 79 69 14 213 172 200 22 203 64 152 106 43 26 203 63 60 250 65 63 217 63 201 167 203 286 64 23 192 65 199 0 209 213 63 250 153 214 64 201 62 65 71 65 63 62 200 60 205 15 201 213 200 203 216 152 64 62 15 62 58 199 217 214 85 211 69 64 153 213 207 199 160 200 217 213 63 199 174 65 201 216 60 203 199 71 199 64 214 261 199 192 200 167 75 62 65 62 62 29 199 65 199
split_gain=73.5865 68.6729 47.1169 40.0477 39.0519 37.0664 35.0437 33.2423 40.2909 38.2718 36.9457 35.9986 37.4269 38.517 38.1125 37.4014 45.1707 34.3528 34.6878 34.1845 32.8675 42.2518 32.6344 32.0744 31.868 34.5004 31.6922 29.4571 29.0671 28.4271 28.2699 27.8003 27.6696 27.3357 33.72 27.2673 27.2353 26.554 26.46 30.3962 26.1022 25.8205 24.9642 24.8452 26.5715 25.7389 23.7234 25.5142 23.5554 23.5266 23.3767 22.9984 23.92 22.9356 22.6564 22.3116 22.0614 43.4465 23.0324 32.9121 25.9139 29.7422 26.0172 24.5574 21.6566 21.2898 21.1627 27.3019 22.1555 21.5275 21.8432 21.0123 24.5663 28.3534 23.0174 20.6509 20.6433 20.6069 20.5906 32.3155 39.1003 22.6924 20.5111 20.3397 20.3373 20.1705 34.177 21.8521 21.5992 19.6548 19.6254 19.3921 19.3315 19.1917 19.3018 29.5212 35.701 24.9435 23.284 23.3829 21.0917 20.643 19.1911 19.2911 19.1837 23.6614 18.7853 20.2488 18.6757 18.4692 18.3417 18.2924 18.2579 18.5078 18.2359 20.012 28.6793 22.0407 19.4722 18.1981 18.1753 24.9986 28.0564 18.0349 17.7013 17.654
threshold=0.52285000681877147 0.62500000000000011 1.0000000180025095e-35 1.0000000180025095e-35 0.25000000745058065 1.0000000180025095e-35 1.0000000180025095e-35 0.27061854302883154 0.47164948284626013 0.26521739363670355 0.32391305267810827 0.42826087772846227 1.0000000180025095e-35 1.0000000180025095e-35 0.66315788030624401 0.87500000000000011 0.23478260636329654 0.36578947305679327 1.0000000180025095e-35 0.26842105388641363 1.0000000180025095e-35 1.0000000180025095e-35 -0.41666667163372034 1.0000000180025095e-35 1.0000000180025095e-35 1.0000000180025095e-35 1.0000000180025095e-35 0.25000000745058065 1.0000000180025095e-35 0.4760869592428208 1.0000000180025095e-35 0.47499999403953558 0.36304347217082983 1.0000000180025095e-35 1.0000000180025095e-35 1.0000000180025095e-35 1.0000000180025095e-35 0.21944444626569751 0.23711340129375461 0.37058824300765997 1.0000000180025095e-35 0.35833333432674414 0.28092782199382788 -1.0000000180025095e-35 0.54381442070007335 0.64175257086753856 1.0000000180025095e-35 0.4083333313465119 0.37500000000000006 0.30217391252517706 1.0000000180025095e-35 1.0000000180025095e-35 0.65833333134651195 0.57105264067649852 1.0000000180025095e-35 1.0000000180025095e-35 -1.0000000180025095e-35 0.24484536051750186 1.0000000180025095e-35 0.5000000149011613 1.0000000180025095e-35 0.50217390060424816 0.5850515365600587 0.32391305267810827 0.33055555820465093 1.0000000180025095e-35 0.61388888955116283 0.64690721035003673 0.50217390060424816 0.37826086580753332 0.35098040103912359 0.079450000077486052 0.5000000149011613 0.57989689707756054 0.58333334326744091 0.30217391252517706 0.47499999403953558 1.0000000180025095e-35 1.0000000180025095e-35 0.48695652186870581 0.34565217792987829 0.5000000149011613 0.43260869383811956 1.0000000180025095e-35 0.36578947305679327 -1.0000000180025095e-35 1.0000000180025095e-35 1.0000000180025095e-35 1.0000000180025095e-35 1.0000000180025095e-35 0.2326086908578873 0.5000000149011613 0.25000000745058065 1.0000000180025095e-35 0.39210526645183569 1.0000000180025095e-35 0.36739130318164831 -1.0000000180025095e-35 0.25000000745058065 0.30154637992382055 0.35526315867900854 1.0000000180025095e-35 0.24166666716337207 0.42010308802127844 1.0000000180025095e-35 0.31764706969261175 0.67499998211860668 0.29736842215061193 1.0000000180025095e-35 0.71578946709632885 0.28043477237224584 0.58333334326744091 1.0000000180025095e-35 0.59999999403953563 1.0000000180025095e-35 0.65652173757553112 1.0000000180025095e-35 1.0000000180025095e-35 0.33695651590824133 0.73611110448837291 0.39347825944423681 0.35869564116001135 1.0000000180025095e-35 0.26842105388641363 0.68055555224418651 0.53421053290367138
decision_type=2 2 2 2 2 2 2 2 2 2 2 2 2 2 2 2 2 2 2 2 2 2 2 2 2 2 2 2 2 2 2 2 2 2 2 2 2 2 2 2 2 2 2 2 2 2 2 2 2 2 2 2 2 2 2 2 2 2 2 2 2 2 2 2 2 2 2 2 2 2 2 2 2 2 2 2 2 2 2 2 2 2 2 2 2 2 2 2 2 2 2 2 2 2 2 2 2 2 2 2 2 2 2 2 2 2 2 2 2 2 2 2 2 2 2 2 2 2 2 2 2 2 2 2 2 2
left_child=3 2 4 5 20 22 7 10 11 17 37 15 13 28 111 93 26 18 -10 -12 23 46 -1 24 25 38 -17 30 29 -13 50 91 89 34 48 114 120 64 39 75 77 -39 -35 44 45 -11 47 54 -24 -25 -21 56 -53 125 55 -22 57 -45 60 63 62 -62 66 -60 -3 78 67 68 90 -68 124 -50 74 -74 108 -2 -69 -33 85 81 -81 -80 -42 -44 -70 86 -40 88 -87 -6 -58 112 -64 94 100 96 97 -96 99 -99 -9 -102 -49 119 -105 -106 107 -26 109 -73 -19 -14 -4 -114 115 116 117 -31 -119 -104 121 122 -27 -7 -71 -41
right_child=1 6 31 -5 32 123 -8 8 9 43 19 12 14 -15 -16 16 -18 110 -20 27 21 -23 33 49 106 36 -28 -29 -30 35 -32 40 -34 42 -36 -37 -38 41 65 53 82 -43 83 51 -46 -47 -48 102 71 -51 -52 52 -54 -55 -56 -57 58 -59 59 -61 61 -63 92 -65 -66 -67 69 76 84 70 -72 72 73 -75 -76 -77 -78 -79 79 80 -82 -83 -84 -85 -86 87 -88 -89 -90 -91 -92 -93 -94 -95 95 -97 -98 98 -100 -101 101 -103 103 104 105 -107 -108 -109 -110 -111 -112 -113 113 -115 -116 -117 -118 118 -120 -121 -122 -123 -124 -125 -126 -127
leaf_value=-0.048629484886142493 0.0015430814831706961 0.015633287763954937 0.00073430039447401445 0.018171740110931121 0.020374289703684365 -0.021027769964441861 0.037378723881953367 -0.012838428416773469 -0.044132105505013487 -0.056134710754703776 0.039692600132278551 0.0033844023948631872 0.035121952619325707 0.032500382545658534 -0.04276510136970154 0.037714321681954148 -0.033723464016708345 -0.050923147391665508 0.035476346998145662 0.010409543030318484 -0.012108659370626657 -0.038566722945005731 0.005103485132139529 0.0082351270926062283 0.034891480268845164 -0.0038442196303707724 -0.040173059534640981 -0.031005333261449126 0.061018590611876949 -0.025364296824507374 0.066471319267819462 0.03549444275779657 5.8652838986270215e-05 -0.0085026408968186546 0.04769640360287019 0.055786671941305044 -0.063656645047735355 -0.037515092896515556 0.016732120310345582 0.00032353577267342395 -0.033970456946493845 0.0087443865463413782 0.013768113407470939 -0.057475664949053033 0.035722209530829843 0.02438359315193445 0.020379483858813122 -0.020373190487493316 0.0069852596503677065 -0.018233007828315533 -0.042150073405092969 -0.012284291617973921 -0.079096463640985423 0.022184324831317524 -0.061044406037651266 0.052306640217731293 -0.021765996576266353 0.038169733300218271 -0.04160242629840398 0.058238662663702506 -0.032836603183824697 0.034333557510587941 -0.0069595100843138184 -0.006906821954879714 -0.059366174829819533 -0.018093862985352389 -0.035007476877834086 -0.039437521305791416 0.040278421644627964 -0.053323666944126914 0.067408280913282076 4.4587379872899052e-05 -0.031733253779847558 0.038477812310546214 -0.027062801340608723 -0.0165103223170881 0.028754719347106234 -0.012765570000128571 0.0082127866419708529 0.025259898421297035 -0.023670450701794431 0.048640623927648008 0.040042133365028348 -0.023696122807119416 -0.018721383870221309 -0.00029541129513409932 -0.024228906745083198 -0.030506069643042213 0.022379474610695997 -0.024119798655299896 0.022702271825812817 0.051965482909266184 0.038879388031294572 0.01928919637935339 -0.060624413602270881 -0.029139364872709614 -0.024972820831986861 -0.01515200273477261 -0.022730319744501893 0.021468331441500108 -0.043682375797219959 0.02461667587670548 0.011195666579233267 -0.0076695555383807599 -0.0080556675696434096 0.066600362108147113 0.042233905309105459 0.0054893011974343521 -0.032706009660798473 -0.015947611292913097 0.017273754562173765 -0.031452918112798593 0.058722389278558586 -0.012106395025884141 0.024323985073821976 -0.053341562096037055 0.046712024827804843 -0.031098919979462715 0.035566991333049809 -0.049760437166563365 -0.025236487515878894 0.03122726330873641 -0.066079458639888566 0.015999780295539501 0.030049192221976863 -0.042392746944516974
leaf_weight=31.553502351045609 207.28980748355389 12.299168318510054 520.58908034861088 456.58077815175056 449.95491828769445 34.616846039891243 45.237874917685986 217.9535535722971 137.04934699833393 53.844506606459618 86.902557574212551 188.868707023561 112.36297319829464 51.720626339316368 21.746980667114258 40.386250108480453 456.95012418925762 11.82854902744293 15.201313853263853 284.86188186705112 902.72640646994114 99.773614585399628 2357.4744004383683 106.09405861794949 63.913204327225685 163.94026628136635 19.302734211087227 49.587751872837543 13.358578771352766 416.09462064504623 20.995757609605789 216.51927860081196 398.07801908254623 166.97992542386055 38.802079617977142 11.914137423038481 26.759054824709892 40.595427960157394 357.9821987003088 283.28266742825508 30.551788955926895 117.4028807580471 970.64658640325069 13.806099012494085 13.48810902237892 12.168194383382795 86.466261744499207 115.53272680938244 720.46385736763477 402.35608729720116 22.852471441030502 100.11042821407318 15.466116949915884 123.16809442639351 23.331151381134987 13.646121904253958 26.087460741400719 84.80498306453228 75.882798597216606 14.959713518619536 88.635502733290195 20.244171336293221 422.46326571702957 155.53453136980534 44.274231970310211 152.82776089012623 47.793261036276817 39.250826865434647 18.438696697354317 12.804714396595957 13.187386840581892 3963.2538136094809 118.64181159436703 16.362241268157959 86.696043454110622 671.63677076995373 15.473144650459288 24.636431023478508 1222.2016848623753 54.37465888261795 163.88686932623386 35.724949881434441 13.49596446752548 37.633074298501015 70.268640011548996 13649.316532023251 59.371101289987564 59.426833838224411 105.8383264541626 26.269232511520386 507.41670141369104 21.225944429636002 24.324812471866608 47.241808369755745 13.41038231551647 128.11705502867699 124.86128489673138 53.877750799059868 49.41220586001873 228.3046013712883 127.24448074400425 12.116782590746878 401.63047111034393 505.98340864479542 22.425422519445419 20.149472117424011 42.173137098550797 698.75249402225018 46.036864668130875 189.15550637245178 59.224756211042404 11.361107438802717 27.740178272128105 13.816909596323965 21.629251703619957 47.876988038420677 15.842951729893683 17.431814014911652 29.472529128193855 12.62925963103771 145.72027519345284 44.000135198235512 20.357967957854271 657.52843374013901 12.661725372076033 26.445907697081566
leaf_count=140 857 53 2201 1993 2027 147 232 975 622 248 405 841 516 242 94 185 2218 50 65 1238 3771 418 9872 439 272 679 100 232 58 1943 88 922 1727 713 184 61 111 188 1490 1165 131 510 4178 62 57 56 362 480 3058 1682 104 452 72 506 96 56 115 379 331 62 439 134 1854 679 192 633 208 170 79 54 57 16824 498 69 400 2775 70 103 5113 229 680 149 58 159 308 56248 248 243 440 112 2236 90 108 206 57 562 554 231 224 969 558 52 1683 2109 98 85 183 2971 192 799 260 64 120 58 94 220 67 78 125 53 603 184 85 2840 53 110
internal_value=3.34955e-07 -0.00130447 -0.000115594 0.00370939 -0.000567243 0.00300959 -0.0064398 -0.00681802 -0.00835527 -0.00322817 0.00349695 -0.0126624 -0.00508138 -0.00925505 0.0182789 -0.0174514 -0.0283801 -0.0227864 -0.0361837 0.0114135 -0.000996485 -0.0067741 0.00212789 -0.000322176 2.05448e-05 -0.000425028 0.0125264 0.00491724 -0.0120874 -0.013391 0.0103364 0.0113062 0.00978752 0.00231172 0.00120575 -0.0190461 -0.0149268 -0.0136665 -8.65861e-05 -0.0069111 0.0240996 -0.00314133 0.00940426 -0.000878963 -0.0282263 -0.0412927 -0.00526684 -0.00636569 0.000965162 -0.0127101 0.00650619 0.000342727 -0.0212249 0.00393382 -0.0123882 -0.0111494 0.00184072 0.0247788 0.000395773 -0.0136373 0.00301693 -0.0203475 0.00511904 -0.0182837 -0.0430611 0.000477854 0.0107277 0.0137027 0.0166806 -0.0125684 0.0151762 -0.000932665 -0.00222325 -0.0232238 -0.00156163 -0.0122525 -0.0201562 0.0305642 0.000658542 0.00627941 -0.0114806 0.00936093 -0.0112934 0.0123698 -0.00645769 7.55252e-05 0.0109052 -0.00025165 -0.000120941 0.0179199 0.0205278 0.00505163 -0.00446387 -0.0118195 -0.013358 -0.00786406 -0.00206299 0.00622835 0.00893202 0.0144763 -0.0225522 -0.0377441 -0.00111749 0.00119309 -0.00495728 0.0272769 0.00974956 0.00795327 -0.00103504 -0.000683908 0.00592072 0.0290086 0.00328022 0.0351732 -0.020672 -0.0225198 -0.019438 -0.0217016 0.0107909 0.00933734 -0.0114404 -0.00263454 -0.0107189 0.0141479 -0.0118713 -0.00332376
internal_weight=38012.7 28120.3 22834 9892.43 21965.4 9435.84 5286.29 5241.05 4561.28 2082.42 679.772 2478.86 959.681 814.21 145.471 1519.18 516.639 223.304 152.251 465.2 21091.1 2204.29 8743.7 18886.8 18378.4 17573.6 59.689 378.298 762.49 749.131 328.71 868.576 874.302 8712.15 7536.89 560.262 400.778 214.572 17172.8 1311.82 285.203 157.998 1175.26 1859.12 79.5008 66.0127 2104.52 2018.05 7498.08 508.45 307.714 1779.61 115.577 432.897 939.704 916.373 1664.04 98.6111 1565.43 246.377 1319.05 108.88 1210.17 231.417 56.5734 15861 763.383 676.935 622.211 86.4471 38.6538 5140.61 4420.15 135.004 4285.14 878.927 54.724 241.156 15708.1 1476.19 218.262 1257.93 44.0478 1008.28 88.7073 14231.9 417.353 13814.6 13755.2 476.224 533.504 583.372 446.788 1002.54 955.298 597.983 469.866 345.005 331.595 282.182 357.315 139.361 1078.35 962.818 548.558 42.5749 804.839 762.666 4198.45 4152.41 71.0533 123.724 562.146 41.5571 548.348 526.719 478.842 462.999 46.9043 414.26 374.019 228.298 184.298 692.145 25.4664 309.729
internal_count=160737 118671 94855 42066 91172 40073 23816 23584 20574 9280 3010 11294 4403 3729 674 6891 2503 997 687 2067 87306 9211 37086 78095 75974 72548 285 1662 3487 3429 1430 3683 3866 36946 31896 2588 1662 943 70886 5413 1214 698 5050 8283 361 304 8793 8431 31712 2121 1342 7922 524 1781 3923 3827 7398 441 6957 1072 5885 573 5312 1010 245 65473 3350 2978 2738 372 164 21840 18782 567 18215 3632 240 1025 64840 6171 909 5262 189 4337 387 58669 1738 56931 56688 2139 2351 2469 1962 4388 4182 2597 2035 1481 1424 1200 1585 610 4508 4028 2292 183 3426 3243 17815 17623 310 580 2379 178 2527 2433 2213 2146 203 1736 1551 948 764 2987 107 1275
is_linear=0
shrinkage=0.05


Tree=42
num_leaves=127
num_cat=0
split_feature=13 148 31 213 16 76 65 63 60 63 209 67 76 75 85 62 13 16 60 219 213 202 67 199 203 198 201 183 70 83 54 153 170 213 14 148 199 148 17 38 208 199 201 201 14 199 199 81 153 171 208 202 148 201 201 202 171 199 199 198 65 62 203 200 62 202 201 214 201 198 36 200 188 171 14 37 200 214 202 65 63 65 60 33 65 199 62 198 63 14 63 62 199 63 63 198 60 214 153 200 22 203 152 198 62 203 63 69 63 75 22 14 24 50 65 154 63 203 35 60 63 160 202 106 198 203
split_gain=82.7604 60.7354 44.7727 38.7231 36.5384 40.8 37.6742 38.2836 48.1217 37.7306 36.111 39.2728 44.572 35.1889 39.2967 38.7662 40.2689 34.467 36.1455 33.4008 31.9443 32.4591 31.6821 30.4324 39.9915 38.2889 34.7893 29.9667 29.3652 28.7786 28.5719 30.1039 28.1831 27.7114 27.3067 32.8541 27.1886 26.6298 43.535 59.8753 28.773 38.1698 26.523 33.1438 33.8805 26.4488 26.3744 26.21 25.6955 25.3826 25.2534 42.6884 24.9011 24.7629 24.7224 24.3506 24.2336 26.2976 24.2013 23.6085 22.9384 22.1218 21.9523 27.9918 25.4334 21.7411 23.7794 21.3429 37.5372 26.8315 21.224 21.2175 22.0168 23.811 24.27 21.1589 20.6786 26.6643 21.609 20.4263 20.2408 21.8778 20.1561 20.0464 20.0209 35.6173 21.6448 20.6371 22.743 21.2094 19.8133 19.7723 19.6264 19.5973 19.572 21.438 18.962 18.9124 18.7986 18.7085 18.5914 18.4981 24.8384 34.437 20.8771 19.3808 18.3702 24.5021 26.4978 31.265 27.1987 36.9406 33.5471 19.8865 34.2335 22.007 19.9008 19.1746 19.0925 26.5352 24.6087 27.0412 23.6934 19.0098 18.8882 18.2688
threshold=0.90000000596046459 0.62500000000000011 1.0000000180025095e-35 0.75000000000000011 1.0000000180025095e-35 0.25000000745058065 0.61388888955116283 0.35309277474880224 0.40588235855102545 0.45103092491626745 1.0000000180025095e-35 0.60025000572204601 0.25000000745058065 0.75000000000000011 1.0000000180025095e-35 0.43695650994777685 0.70000001788139354 0.75000000000000011 0.29215687513351446 1.0000000180025095e-35 1.0000000180025095e-35 0.51304346323013317 0.370049998164177 0.49473683536052709 0.37500000000000006 0.23725490272045138 0.16494844853878024 1.0000000180025095e-35 1.0000000180025095e-35 1.0000000180025095e-35 1.0000000180025095e-35 0.5000000149011613 1.0000000180025095e-35 -0.25000000745058054 1.0000000180025095e-35 0.87500000000000011 0.39210526645183569 0.62500000000000011 1.0000000180025095e-35 1.0000000180025095e-35 1.0000000180025095e-35 0.28157894313335424 0.48195876181125646 0.4097938090562821 1.0000000180025095e-35 0.3605263233184815 0.48684209585189825 1.0000000180025095e-35 0.5000000149011613 1.0000000180025095e-35 1.0000000180025095e-35 0.39347825944423681 1.0000000180025095e-35 0.36855669319629675 0.48195876181125646 0.54782608151435863 1.0000000180025095e-35 0.48157894611358648 0.52105262875556957 0.28039216995239263 0.48611110448837286 0.38478259742259985 0.24166666716337207 0.48695652186870581 0.52391305565834057 0.25652173161506658 0.24484536051750186 1.0000000180025095e-35 0.40463916957378393 0.25882354378700262 1.0000000180025095e-35 0.52391305565834057 1.0000000180025095e-35 1.0000000180025095e-35 1.0000000180025095e-35 1.0000000180025095e-35 0.51739129424095165 1.0000000180025095e-35 0.30652172863483435 0.21388889104127887 0.28092782199382788 0.66388890147209179 0.26470589637756353 1.0000000180025095e-35 0.55277779698371898 0.13157894462347033 0.39782609045505529 0.22156862914562228 0.61597937345504772 1.0000000180025095e-35 0.66752576828002941 0.61956521868705761 0.36578947305679327 0.52577319741249096 0.26288658380508428 0.52941179275512706 0.4294117689132691 1.0000000180025095e-35 0.5000000149011613 0.35217390954494482 1.0000000180025095e-35 0.52500000596046459 1.0000000180025095e-35 0.31176471710205084 0.19347825646400454 0.38333334028720861 0.22938144207000735 1.0000000180025095e-35 0.44587628543376928 -0.25000000745058054 1.0000000180025095e-35 1.0000000180025095e-35 1.0000000180025095e-35 1.0000000180025095e-35 0.39166666567325598 1.0000000180025095e-35 0.59020617604255687 0.66388890147209179 1.0000000180025095e-35 0.29215687513351446 0.36855669319629675 1.0000000180025095e-35 0.46304346621036535 1.0000000180025095e-35 0.35882353782653814 0.43055555224418646
decision_type=2 2 2 2 2 2 2 2 2 2 2 2 2 2 2 2 2 2 2 2 2 2 2 2 2 2 2 2 2 2 2 2 2 2 2 2 2 2 2 2 2 2 2 2 2 2 2 2 2 2 2 2 2 2 2 2 2 2 2 2 2 2 2 2 2 2 2 2 2 2 2 2 2 2 2 2 2 2 2 2 2 2 2 2 2 2 2 2 2 2 2 2 2 2 2 2 2 2 2 2 2 2 2 2 2 2 2 2 2 2 2 2 2 2 2 2 2 2 2 2 2 2 2 2 2 2
left_child=1 20 3 10 13 6 7 -6 9 -9 11 19 37 14 22 16 -16 18 -11 34 23 32 92 28 26 -26 -25 42 29 46 31 33 52 -24 35 48 53 40 39 47 -13 -42 43 70 -45 -12 50 56 -2 67 61 62 -22 -14 59 71 57 84 -44 -37 -32 80 -52 64 -64 66 -54 106 100 -70 96 72 73 76 -75 -61 78 -78 -27 -36 81 -1 -47 -33 85 -39 -87 -86 89 -89 -53 -88 -3 -56 95 -80 -28 -43 -81 -23 -69 102 -82 105 -103 -104 124 108 110 -110 111 118 -113 115 -115 123 -116 -112 119 122 121 -121 -108 -111 -35 -59
right_child=2 4 -4 -5 5 -7 -8 8 -10 17 45 12 36 -15 15 -17 -18 -19 -20 -21 21 99 30 24 25 55 27 -29 -30 -31 60 83 -34 49 79 54 -38 38 -40 -41 41 97 58 44 -46 82 -48 -49 -50 -51 51 90 65 -55 93 -57 -58 125 -60 75 -62 -63 63 -65 -66 -67 -68 68 69 -71 -72 -73 -74 74 -76 -77 77 -79 94 98 101 -83 -84 -85 87 86 91 88 -90 -91 -92 -93 -94 -95 -96 -97 -98 -99 -100 -101 -102 104 103 -105 -106 -107 107 -109 109 113 117 112 -114 114 116 -117 -118 -119 -120 120 -122 -123 -124 -125 -126 -127
leaf_value=-0.0035544850829900055 -0.010675739114922353 -0.0092367905657405828 0.029865060782227278 -0.050454566724680676 -0.055688026572980866 0.0633078795312359 0.038797670099523833 0.037531804294980473 -0.062304180541019362 -0.070445818151502457 0.057730873936981231 -0.0064038365426794851 -0.053166521987874638 0.04258283999313809 -0.043759643390890807 -0.069693474408258002 0.043730926132605569 -0.073845319351568184 0.025555529968795083 -0.057528558777087506 -0.016784841926479298 -0.011948349426091796 0.055542250844550195 0.033320979772055358 0.018586819799876961 -0.00043496348653328134 -0.0037295992849539282 0.032870611689495198 -0.015262525636773475 -0.032168718152704896 0.043641923833116915 0.04315666156298683 0.044741056906505539 -0.021344552922280796 -0.058554365422088521 0.02106066667645428 0.050529624719792637 0.04043885744159946 0.041124763361333 -0.0562827276200972 -0.047578565822186843 0.024149850239173459 -0.021014553919923806 -0.011681334255554694 -0.048361621575429663 0.057475369973649951 -0.038128605275628967 0.057379606478667071 0.017387669389319512 0.025029026243646363 -0.038380576437109709 0.031024857402257817 0.0053756375737663582 0.041901416088840043 0.030688687440288815 0.01962738525114531 0.04117629298145932 -0.0012972301490045989 0.0080720231590779689 -0.019332167770291692 0.0075443043068335785 -0.0034921337434036821 -0.0091384129588448337 0.061527985555247293 0.05513597006188891 -0.0022516224231992105 -0.034097139071036439 -0.028194971855035802 -0.055965257876209408 0.029535429976460699 -0.029188601430528628 0.013542852908696232 -0.0088114080364461722 0.012271622076348692 0.058456833817048109 0.039749250042939992 -0.0056817358999799441 -0.069868411969768215 -0.00066519130331922107 -0.014693609106849468 0.0026075220029485877 -0.030377583716900816 -0.0018546486762073045 -0.021957197200895132 -0.042453406025938396 -0.024110922314572132 0.0087181610958422164 0.033997336921288326 -0.029147506070934127 -0.036117843675613659 -0.021352494829998021 -0.052924843148256268 0.0035872054235693801 -0.010144327877879635 0.0085813593316737581 -0.0456781349347214 0.011091416599207303 -0.040553602898476183 -0.058777506408950547 0.040651930418221204 0.022195643698990283 0.03925310067467503 0.043069101712019969 0.0027315664410744911 -0.0031106895543468261 0.008844415600223858 0.0092663048615450692 -0.011225216900142233 -0.071288927639827832 0.0049615741404326072 0.031558969555738649 -0.016765990039825294 0.052495289992666894 -0.072245580775226845 -0.011235938992258301 0.047653049628779788 0.034182882653411566 -0.019328617032259375 0.044012030450260614 0.015011170269757053 0.029970915893775981 -0.027033873258319591 -0.019343072801929557 0.047650678096782986 0.013259832657685114 0.020071153684913211
leaf_weight=655.5135365575552 2011.7571148127317 374.92810732126236 93.306461915373802 46.528495639562607 67.297265604138374 16.666704297065735 26.630983501672745 49.93206699192524 35.195750415325165 12.922478809952734 35.486152350902557 3158.4812051430345 14.748149529099466 66.233597487211227 26.817497208714485 33.447608083486557 25.809313461184502 20.497680515050888 40.640263929963112 35.962455838918686 538.85532723367214 23.902439832687378 29.480804219841957 69.473673284053802 480.58983188867569 1868.6099144667387 1732.0045073926449 59.059962272644043 354.61490018665791 71.976914197206497 103.81859283149242 89.842237293720245 26.123757287859917 109.94773037731647 32.559541329741478 67.464375279843807 63.112104132771492 30.202439770102501 72.500391751527786 43.623968228697777 23.459612369537354 177.4450948536396 79.791155681014061 374.86284466087818 75.660569101572037 17.09844858944416 46.261024057865143 22.107288546860218 85.014407619833946 183.24516561627388 38.388192012906075 209.11848755180836 56.956069633364677 12.790005996823309 124.60221177339554 236.55033531785011 38.625216484069824 181.11173040419817 689.43104157596827 159.52716210484505 76.393171012401581 4454.357024282217 163.42663787305355 18.478911593556404 16.991230636835098 1393.8729073777795 115.58169950544834 145.80818805098534 10.467469573020933 74.361797042191029 73.819237753748894 460.2981693893671 407.70554067194462 169.96501162648201 34.162186905741692 16.74481238424778 372.99917913973331 16.913729056715965 282.54548497498035 389.71540470421314 3572.1014579236507 85.992001712322235 87.943614825606346 13.611069917678831 16.816954299807549 260.83583573251963 108.39621865749359 94.961235895752907 22.614297688007355 12.167603448033331 19.761792793869972 14.782587960362433 1460.8511144369841 38.452007785439491 2019.8611673563719 29.183513626456261 246.52513071894646 12.061257839202879 25.782555878162384 57.739389345049858 20.931993514299393 29.616280540823936 123.08809894323349 234.50080884993076 1611.4650159776211 62.302146628499031 278.89617665112019 159.53138706088066 13.657806366682051 1189.702579587698 250.76654289662838 173.68456364423037 19.439673453569412 20.083663165569305 134.25739875435829 32.395528197288513 29.39916767179966 19.987030833959579 50.282598033547401 357.88013619184494 273.5971802175045 42.816813811659813 97.727133736014366 26.662987813353539 61.486501693725586 223.40901182591915
leaf_count=2698 8767 1627 400 248 282 83 113 213 149 54 153 13846 71 362 116 144 113 86 175 182 2291 99 137 289 1968 7665 7115 241 1476 297 467 426 108 477 145 302 301 169 328 198 108 760 329 1548 313 71 188 125 364 806 159 890 239 54 546 978 166 799 2843 695 334 18353 684 77 72 5821 492 645 61 372 302 1887 1671 696 140 70 1538 78 1162 1729 14696 355 367 62 85 1217 497 433 97 53 83 65 6377 164 8309 121 1012 56 117 238 98 122 514 980 6626 262 1228 696 63 5253 1118 763 86 85 593 142 125 92 226 1548 1213 182 427 120 265 960
internal_value=3.35008e-08 0.00119346 -0.00456451 -0.00497748 0.00553812 -0.0124675 -0.017457 -0.0240716 -0.0107056 0.00394082 -0.00470383 -0.00516871 -0.00227189 0.00633729 0.00593798 -0.0276033 -0.000852397 -0.0187065 0.00239437 -0.0096331 3.27354e-05 -0.00568789 0.00642517 0.000620258 0.00268144 0.00501583 -0.00169775 -0.00242809 -0.00109273 -0.000652471 0.00887445 0.00797728 -0.00687303 0.007254 -0.00904954 -0.00701502 0.0324416 -0.00296906 0.00362933 0.00108791 -0.00520442 0.012584 -0.00306522 -0.00556082 -0.0178414 0.0204107 -0.000452456 0.00352715 -0.0095379 0.0068771 -0.000298147 0.0110967 -0.0075135 -0.00901253 0.00598893 0.00391017 0.00234127 0.000787339 0.00505488 -0.00409281 0.0283399 -0.000788672 -0.0037635 0.00291779 -0.00308524 -0.00432409 -0.0210669 0.00595153 -0.00809306 0.0189851 -0.00286503 0.00325355 0.0023431 0.00329168 0.0200011 -0.0137198 0.0025486 -0.00846604 0.00357111 -0.0204176 0.00110042 -0.00666515 0.00780292 0.0345898 -0.00622193 -0.0118416 -0.0159534 0.00966071 0.0164156 0.0260337 0.0265025 0.00132043 0.000968112 0.0210593 0.00678171 -0.00487922 -0.0018829 0.0200318 -0.0174291 0.025252 -0.0218691 0.00212264 0.00395973 0.0154632 -0.00234616 0.0315676 0.00700868 0.00787062 0.00888229 0.00400294 0.0133909 0.0103762 -0.00979423 0.00472079 -0.0106374 0.00698056 -0.00307693 0.0278024 0.0139136 0.0124735 0.0184113 0.0105184 0.00184267 0.00589733 -0.00893336 0.0105041
internal_weight=37981.2 30109 7872.2 7778.89 6348.03 269.783 253.116 226.486 159.188 123.992 7732.36 7591.83 4604.25 6078.25 6012.02 86.0744 52.6268 74.0604 53.5627 2987.58 23761 2213.03 5925.94 21548 9780.01 6379.38 3400.63 3331.15 11768 11413.3 4090.16 3909.95 2131.39 3806.5 2951.62 2503.56 90.6503 4513.6 1142.15 1069.65 3371.45 212.966 3272.09 2502.87 450.523 140.528 11341.4 1026.03 2096.77 3777.02 11295.1 466.165 2105.27 27.5382 406.791 5898.79 1003.92 965.298 769.222 243.736 180.212 10828.9 237.285 198.897 180.418 1566.41 172.538 3593.77 251.569 84.8293 2052.35 5662.24 5201.95 4794.24 204.127 176.272 4590.11 389.913 4200.2 448.058 6374.58 741.506 105.042 103.453 560.777 414.217 384.015 146.56 129.743 107.129 228.88 123.179 1835.78 163.054 2331.59 311.729 1978.53 189.506 415.498 81.6418 166.74 5633.07 3991.99 419.891 1641.08 185.39 3342.2 3170.77 3011.24 1446.16 1565.08 1294.32 193.124 1432.5 183.74 1248.76 163.657 270.754 1101.2 1050.92 674.294 400.697 376.623 1216.37 171.434 404.521
internal_count=160737 126029 34708 34308 28004 1155 1072 959 677 528 34060 33469 20388 26849 26487 373 229 315 229 13081 98025 9288 26114 88737 40205 26213 13992 13703 48532 47056 18110 17309 8951 16821 12899 10908 426 19962 5192 4864 14770 924 13462 10290 1861 591 46759 4666 9131 16684 46571 1965 8843 125 1777 24245 4541 4375 3172 1067 801 44606 992 833 756 6552 731 15878 1176 433 8429 23267 21380 19709 836 765 18873 1616 17257 1991 26253 3053 438 488 2616 1948 1779 668 583 486 973 562 8004 710 9592 1283 8127 816 1846 337 743 23200 16452 1756 6748 776 14702 13960 13264 6381 6883 5673 849 6318 803 5515 718 1210 4824 4598 2943 1730 1655 5373 742 1759
is_linear=0
shrinkage=0.05


Tree=43
num_leaves=127
num_cat=0
split_feature=151 286 205 205 177 14 191 148 244 215 153 60 199 155 256 148 71 75 201 207 160 67 213 153 205 209 253 211 201 201 202 75 203 62 202 173 216 200 61 213 199 160 201 62 200 201 62 70 60 201 199 85 216 202 201 65 200 286 217 198 67 61 64 213 75 198 187 152 203 81 25 16 75 203 151 200 202 201 199 198 201 199 261 203 199 65 67 60 64 202 199 202 200 65 60 253 203 244 64 67 14 202 200 200 224 60 61 199 15 203 61 202 62 64 202 172 22 202 203 198 175 56 202 60 201 16
split_gain=73.6575 44.3539 39.2132 31.9777 30.6261 30.064 38.6106 33.8099 29.6124 29.3992 64.2672 33.1267 28.0139 27.5795 27.4474 27.4301 25.7038 25.6568 24.5833 27.7288 30.8672 26.7444 24.869 24.2343 23.4945 24.2317 25.7355 23.1304 33.0358 32.2374 22.6517 22.0031 21.9009 27.6145 26.8849 25.584 21.8102 24.9377 23.9786 21.5084 32.543 29.3513 28.5583 29.1568 27.7056 32.2037 40.8052 36.7242 28.7301 23.8316 23.5255 23.4945 23.4723 25.7954 25.9404 22.8063 23.2641 22.4385 21.668 22.2613 21.4498 20.9906 21.4502 20.9284 26.4614 32.5324 22.8203 27.6603 29.1673 20.7569 20.4283 22.7153 20.2012 20.1476 20.1046 20.1088 19.3169 22.6415 37.3027 36.9298 22.1398 26.2164 21.0959 22.1089 21.0954 21.0249 21.0023 19.9386 19.5683 19.3129 18.9325 24.7996 24.7965 21.4409 18.8442 18.7508 18.6672 19.0097 18.6152 20.885 19.6765 22.5434 19.965 19.9636 18.477 18.4455 18.164 18.0257 17.9356 37.5661 17.7476 17.6822 17.5265 20.8053 20.0513 34.1107 25.1467 28.6453 27.7906 18.5262 17.3579 17.3071 17.1743 37.2775 17.0591 16.7547
threshold=0.90000000596046459 0.62500000000000011 0.60124999284744274 0.47765000164508825 1.0000000180025095e-35 1.0000000180025095e-35 1.0000000180025095e-35 0.62500000000000011 1.0000000180025095e-35 0.58333334326744091 0.5000000149011613 0.22156862914562228 0.33947369456291204 1.0000000180025095e-35 1.0000000180025095e-35 0.62500000000000011 1.0000000180025095e-35 0.41666667163372045 0.44587628543376928 1.0000000180025095e-35 1.0000000180025095e-35 0.75814998149871837 -0.25000000745058054 0.5000000149011613 0.037100000306963928 1.0000000180025095e-35 1.0000000180025095e-35 1.0000000180025095e-35 0.48195876181125646 0.61597937345504772 0.33913043141365057 0.25000000745058065 0.44166666269302374 0.64130437374115001 0.20434782654047015 1.0000000180025095e-35 1.0000000180025095e-35 0.30217391252517706 0.58421051502227794 1.0000000180025095e-35 0.45000000298023229 1.0000000180025095e-35 0.7345360815525056 0.33260868489742285 0.7130434811115266 0.25257731229066854 0.18260869383811953 1.0000000180025095e-35 0.88235294818878185 0.31443297863006597 0.46578946709632879 1.0000000180025095e-35 0.25000000745058065 0.6608695685863496 0.64175257086753856 0.48055554926395422 0.36739130318164831 0.37500000000000006 0.25000000745058065 0.4607843160629273 0.50405001640319835 0.53947368264198314 0.54782608151435863 0.91666665673255932 0.41666667163372045 0.27254903316497808 1.0000000180025095e-35 1.0000000180025095e-35 0.50277778506279003 1.0000000180025095e-35 1.0000000180025095e-35 1.0000000180025095e-35 0.58333334326744091 0.66388890147209179 0.30000000447034841 0.56304347515106212 0.42391304671764379 0.37371133267879492 0.39210526645183569 0.5000000149011613 0.48195876181125646 0.49473683536052709 1.0000000180025095e-35 0.29722222685813909 0.49473683536052709 0.53611111640930187 0.48925000429153448 0.39019608497619634 0.4760869592428208 0.43260869383811956 0.48157894611358648 0.21956521272659305 0.42826087772846227 0.18888889253139499 0.27254903316497808 1.0000000180025095e-35 0.70277777314186107 1.0000000180025095e-35 0.39347825944423681 0.60025000572204601 1.0000000180025095e-35 0.36739130318164831 0.26521739363670355 0.33260868489742285 1.0000000180025095e-35 0.37058824300765997 0.38157895207405096 0.47105263173580175 0.83333334326744091 0.53611111640930187 0.42368420958518987 0.29347826540470129 0.64130437374115001 0.58043476939201366 0.49782608449459081 1.0000000180025095e-35 1.0000000180025095e-35 0.43260869383811956 0.46944443881511694 0.39019608497619634 1.0000000180025095e-35 1.0000000180025095e-35 0.31086955964565283 0.55686277151107799 0.61597937345504772 0.75000000000000011
decision_type=2 2 2 2 2 2 2 2 2 2 2 2 2 2 2 2 2 2 2 2 2 2 2 2 2 2 2 2 2 2 2 2 2 2 2 2 2 2 2 2 2 2 2 2 2 2 2 2 2 2 2 2 2 2 2 2 2 2 2 2 2 2 2 2 2 2 2 2 2 2 2 2 2 2 2 2 2 2 2 2 2 2 2 2 2 2 2 2 2 2 2 2 2 2 2 2 2 2 2 2 2 2 2 2 2 2 2 2 2 2 2 2 2 2 2 2 2 2 2 2 2 2 2 2 2 2
left_child=1 5 31 36 9 7 32 13 17 11 106 15 -6 14 16 -5 24 39 19 20 63 -21 -20 90 -1 26 27 60 -29 -30 -23 69 34 35 -7 -34 38 -38 -3 40 42 49 44 -44 45 46 -4 48 51 107 -51 52 98 54 58 56 -49 -41 59 -54 -26 125 121 64 66 -66 67 112 74 95 71 72 104 -59 89 -76 80 79 85 84 82 124 83 -36 87 -79 -80 -78 -83 -69 91 -15 -92 -93 -37 -2 97 -24 100 -100 101 -47 -102 -103 -9 -98 -11 -42 -52 -110 -105 -27 113 114 116 119 117 122 -119 -116 -101 -63 -13 -124 -82 -62
right_child=2 3 8 4 12 6 -8 70 -10 10 -12 18 -14 23 -16 -17 -18 -19 22 21 -22 30 96 -25 25 111 -28 28 29 -31 -32 -33 33 -35 76 94 37 -39 -40 57 41 -43 43 -45 -46 47 -48 55 -50 50 108 -53 53 -55 -56 -57 -58 73 -60 -61 61 62 -64 -65 65 -67 -68 68 -70 -71 -72 -73 -74 -75 75 -77 77 78 86 -81 81 88 -84 -85 -86 -87 -88 -89 -90 -91 92 93 -94 -95 -96 -97 105 -99 99 120 102 103 -104 110 -106 -107 -108 -109 109 -111 -112 -113 -114 -115 115 -117 -118 118 -120 -121 -122 -123 123 -125 -126 -127
leaf_value=0.014102026362574219 0.0084118065100094556 0.0013193466239445418 -0.067090489767356376 -0.0010289689304190132 -0.025033357594145544 0.039142068374961932 0.038756696852796563 0.0062915408477749318 -0.047764786781331788 -0.054898906490394986 0.078226753689283668 -0.0053538145893939288 0.019178269923058908 -0.04879054844377681 0.069347371771498995 0.0358622686542696 -0.024658407115936528 0.032002231449910351 0.058280403043112862 -0.013461348760877593 -0.027956710219974153 -0.012357611194246604 -0.0028638369224919069 -0.04987503685603889 -0.0051557091749415002 -0.0075486947660523621 -0.030759214592973608 0.042921829022104313 -0.043168152654530126 0.040721651984498598 0.062411366520101701 0.035512102569517097 0.0015755768098094658 -0.058421891822570876 -0.011111185869714796 0.022639652271482857 -0.0092159345050230167 0.025432416889936912 -0.011159418263355295 0.0091974418928259839 -0.058495657658498512 -0.01010018347002066 0.0091469933059814008 -0.072301299703210919 -0.057303911664808353 0.01126527696280535 0.023227530405353147 0.0079111806670189456 0.060916587438056106 0.047340212012004571 0.012130999599988923 -0.052193534425283176 -0.051404446866208479 0.046847699063766464 0.027636391864273521 -0.057699992734481981 -0.042965119287701026 -0.024769328960923355 0.011842046320507489 0.02166464115757227 0.00093906313693791713 -0.0033390912183775684 -0.025905341632574009 -0.057046754561791084 -0.036335568023043795 0.049590319135052185 -0.039977940474771656 -0.055458999233544359 0.048411560515305901 0.067381769647298681 -0.010247155745088658 -0.015971172046312883 0.032997448702218553 0.02771627439415374 0.00066648491684833517 0.06107815582867502 0.043085221297566714 -0.022087057605089735 -0.03298670426408816 0.056619938185590905 -0.0073976522685685574 0.0037007059983352863 -0.069402652445258492 -0.031152536500473501 -0.030933246855706004 -0.077705884301266931 0.013483842333101355 -0.031260085779811514 0.056334266432717876 0.01500896161010697 0.028018303363604887 -0.044377054393520389 0.0012833419978624753 0.0087195516658722435 -0.045294538480415834 -0.040030429798901888 -0.068549392087304775 -0.044028156856777891 -0.0031472367160966467 0.018536570071222402 -0.058303067208729978 -0.018317683789986754 -0.010837435760393222 -0.015075085916941768 -0.054838106078644491 0.0017404280477464704 -0.022379609136021435 0.0011503631242780405 -0.064301491512664219 0.048211607351152083 0.010163157938576995 0.030468627920576408 0.030530820471952741 -0.051171137756839784 -0.037900550196135065 0.044364765548312715 0.016646269148953334 0.031845801444073653 -0.036996015740806062 0.013578027696707252 -0.037845363127054499 0.0081950562678991534 -0.024563395204079332 0.053557000994991028 -0.043641978279282068 0.033496739397914997
leaf_weight=263.8579747825861 2703.9970977008343 1539.9547784551978 13.318395212292669 160.09105533361435 44.745738998055458 26.29583914577961 48.558707788586617 3156.2341485470533 30.148139432072639 72.740642659366131 13.305992029607294 260.02173353731632 179.80731771886349 22.384998962283134 13.932801172137259 73.530448146164417 112.71580436825752 69.945276826620102 15.863320052623747 46.047001734375954 326.79504653811455 14.506059095263479 1352.7546369284391 17.094663545489311 2769.9873208999634 43.359545648097992 72.86325940489769 70.230055704712868 29.672787919640541 18.649774163961411 33.576541438698769 76.790339291095734 1065.3127110749483 20.775879725813866 323.99734577536583 12.848339661955832 76.797838360071182 160.3870919495821 513.27506326884031 94.629176363348961 13.011667877435682 225.89971835911274 17.939196333289146 28.356678038835526 21.651307344436646 282.37645092606544 204.92891688644886 53.069707408547401 18.763792991638184 46.609134823083878 1266.7891064733267 22.372800514101982 91.597238533198833 13.637734800577162 20.10809925198555 43.105278149247169 38.969065710902214 198.76634593307972 21.725835785269737 11.762300714850424 9062.3965023010969 4462.2075932621956 99.909110069274902 24.209470383822918 15.575720444321631 37.625154346227646 66.944400817155838 27.949935913085938 35.53008759021759 14.823180012404917 208.88441161811352 114.97885224223137 71.11983548104763 20.136892080307007 96.394990727305412 16.071382194757462 29.770121693611145 60.601165801286697 30.591508060693741 37.696255579590797 110.81626558303833 102.68650361895561 22.119191870093346 239.20988744497299 37.217119172215462 23.611755326390266 118.48039425909519 12.93756817281246 21.326581731438637 14.909799143671988 236.97745411098003 20.220480382442474 136.7959086894989 318.38664376735687 49.673675015568733 20.124848991632462 22.268310442566872 28.639956280589104 234.60686985403299 329.64678768068552 28.108741834759712 207.25706911087036 104.5732414573431 104.82453781366348 12.410014465451239 16.068426713347435 104.81727350503206 478.03250465542078 21.420912206172943 11.349368512630461 207.62374609708786 103.81648534536362 22.597581595182419 36.308061107993126 169.55850078165531 15.5852675139904 84.14141534268856 62.856741979718208 19.119100332260132 19.485745951533318 14.240504607558249 350.80084691941738 410.54795578122139 15.860624596476553 45.916923642158508 39.688766852021217
leaf_count=1091 11874 6597 71 697 215 109 203 13458 148 419 73 1132 788 95 58 337 464 371 68 202 1504 66 5941 70 11395 176 306 288 123 77 146 386 4434 86 1342 53 332 704 2219 413 59 970 79 122 105 1232 934 240 85 210 5597 101 472 65 91 186 178 887 104 55 36978 18228 409 135 70 166 331 126 152 77 873 482 357 86 430 70 124 259 128 156 463 425 94 992 155 98 489 55 89 72 978 84 567 1317 213 85 96 132 1041 1499 122 890 450 502 52 70 537 2078 92 54 914 424 101 162 774 71 363 276 88 86 60 1428 1836 67 193 163
internal_value=2.2374e-07 -0.00108655 0.00446572 -0.00484365 -0.00756529 -0.000119449 -0.00538261 0.000468948 0.00162675 -0.00864427 -0.0277594 -0.00761407 0.0103684 -0.000400201 -0.000802749 0.0105822 -0.000858599 0.00195179 -0.00889923 -0.0126737 -0.0140738 0.013773 -0.00397677 0.00897687 -0.000704314 -0.000932466 -0.0011076 -0.000979781 0.0210281 -0.0107914 0.0398543 0.00911509 -0.0062787 -0.00130101 -0.0108774 -0.00024878 -0.00014183 0.0142137 -0.00180015 0.00148586 0.00242941 0.00690744 -0.00189873 -0.0407409 -0.00103762 -0.000448134 0.0177159 -0.00259287 -0.000613425 0.00899867 0.012438 -0.00129478 -0.000613751 -0.0188992 -0.0250747 -0.0276863 -0.0136298 -0.0111467 -0.0335483 -0.0430892 -0.00113522 -0.000340596 -0.00297442 -0.0109477 -0.0101656 0.0244336 -0.0115054 -0.010047 0.007543 0.00837501 0.00492391 0.00586855 0.00664363 -0.0199412 -0.00180548 0.00929928 -0.0119582 -0.00206175 -0.0110801 0.0158249 -0.0159679 -0.00442483 -0.0215044 -0.0196233 -0.003416 -0.0376816 0.00394748 0.0205636 0.0127521 -0.030945 0.0103461 0.00217924 0.0182337 0.0055488 -0.031334 0.00805393 -0.0046724 -0.00371728 0.00130549 0.00835483 -0.00305711 -0.000106656 -0.0208931 -0.00628548 0.00605213 -0.0390882 -0.0357019 -0.000430135 0.0111862 -0.0253347 0.00169588 0.0192683 -0.013055 -0.0139557 -0.0126776 -0.0267329 -0.00930397 -0.0121456 0.0157899 -0.0325944 0.0162018 -0.00249841 -0.0154817 -0.0216576 -0.0180159 0.00108103
internal_weight=37944.3 30517.3 7427.04 6247.27 3956.85 24270 2440.44 21829.6 4611.3 3732.3 190.864 3541.43 224.553 18265.9 17514.1 233.622 17500.2 4581.15 3307.81 1872.22 1778.09 94.1296 1435.59 751.86 17387.4 17123.6 16976.4 16903.5 118.553 48.3226 48.0826 2815.74 2391.89 1148.61 1243.27 1127.83 2290.41 237.185 2053.23 4511.21 4197.68 2063.11 2134.56 46.2959 2088.27 2066.62 218.247 1848.37 1713.23 1837.21 1346.17 1694.46 1672.09 158.831 145.193 135.144 92.0388 313.532 125.085 103.36 16785 14015 4912.92 1451.29 1427.08 53.2009 1373.88 1306.94 190.856 2738.95 3563.63 3354.74 3239.76 218.903 155.326 112.466 1216.98 350.906 233.285 117.621 866.073 280.746 585.326 563.207 79.9248 84.2129 149.072 42.7077 124.013 42.8597 734.765 360.992 373.773 338.607 62.522 2724.12 1419.73 1381.39 1513.26 578.494 934.764 802.082 132.682 519.705 3168.64 38.3367 177.558 491.044 1299.56 32.7703 312.448 147.176 1116.08 1093.49 1057.18 204.63 852.548 768.406 81.9758 189.044 343.887 4813.01 686.43 426.409 156.733 9102.09
internal_count=160737 127752 32985 27651 17799 100101 10160 89941 20563 16796 1029 15767 1003 74719 71608 1034 71550 20415 14733 8426 8012 414 6307 3111 71086 69995 69395 69089 488 200 212 12422 9957 4786 5171 4700 9852 1036 8816 20044 18658 9060 9598 201 9397 9292 1005 8287 7683 8090 5953 7598 7497 787 722 604 418 1386 631 527 68601 57206 20065 6508 6373 236 6137 5806 850 12036 15222 14349 13867 973 698 500 5062 1464 974 490 3598 1170 2428 2334 334 357 617 179 514 198 3041 1496 1545 1401 266 11959 6239 6073 6710 2600 4110 3538 572 2306 13510 166 956 2137 5743 146 1416 600 4956 4855 4693 931 3762 3399 364 860 1559 19656 3035 1903 656 37141
is_linear=0
shrinkage=0.05


Tree=44
num_leaves=127
num_cat=0
split_feature=13 148 31 213 210 209 67 76 57 75 63 60 60 63 15 77 60 61 60 60 63 219 199 67 200 213 202 49 61 200 202 199 76 202 63 61 13 170 199 104 64 77 199 13 215 155 198 167 194 79 148 201 164 198 148 201 13 26 48 63 61 201 29 63 64 201 61 213 60 13 286 13 81 101 208 202 199 199 198 202 199 171 63 286 13 64 200 63 202 201 208 60 199 17 148 38 63 208 198 64 61 221 17 155 200 60 198 13 155 63 200 60 76 61 213 60 186 201 75 13 63 198 217 15 63 64
split_gain=78.0545 51.6709 40.309 35.2 34.9579 32.976 35.1259 39.4708 31.038 33.4838 39.6408 53.2964 33.2715 36.3008 46.0964 47.8293 43.4805 42.2714 31.6878 31.4299 31.6629 31.0283 30.2894 30.037 29.0696 28.2073 29.3266 27.6965 29.506 30.0463 27.1275 26.7071 28.5291 26.6036 26.4382 28.7664 26.4307 25.3387 25.1828 24.2607 24.232 28.66 24.0093 23.9338 23.7454 23.3746 24.5434 24.1702 27.1006 23.1548 22.9838 26.6344 26.8599 22.9705 22.7183 22.453 22.1238 27.4251 24.7199 24.1821 37.089 31.7902 27.9603 26.7622 23.9717 23.3147 23.2109 22.0048 25.702 26.4277 21.0489 21.0266 20.9707 20.6684 20.5055 24.7672 20.3772 20.3345 23.0028 21.4919 40.8002 24.775 21.2151 20.1835 19.8576 19.6754 19.5512 19.5123 19.4843 21.6463 19.4617 36.7629 37.7028 35.1164 28.9686 35.6369 32.6303 19.3029 20.8635 20.2779 19.2662 19.1001 19.0369 18.7629 18.4171 19.7147 18.3748 18.2695 18.2096 18.1999 26.9821 18.153 20.6541 18.147 18.1285 18.1214 17.8457 17.7954 17.7704 18.2792 23.8529 17.7434 19.1488 17.7193 17.6198 17.593
threshold=0.90000000596046459 0.62500000000000011 1.0000000180025095e-35 0.41666667163372045 1.0000000180025095e-35 1.0000000180025095e-35 0.60025000572204601 0.25000000745058065 1.0000000180025095e-35 0.25000000745058065 0.27061854302883154 0.19803921878337863 0.47450980544090277 0.4097938090562821 1.0000000180025095e-35 0.41666667163372045 0.44901961088180548 0.49473683536052709 0.35490196943283087 0.52941179275512706 0.66752576828002941 1.0000000180025095e-35 0.39210526645183569 0.47384999692440039 0.45000000298023229 1.0000000180025095e-35 0.51304346323013317 1.0000000180025095e-35 0.69999998807907116 0.56304347515106212 0.49782608449459081 0.49473683536052709 0.25000000745058065 0.35869564116001135 0.37886597216129309 0.68157896399497997 0.70000001788139354 1.0000000180025095e-35 0.47631579637527471 1.0000000180025095e-35 0.4086956530809403 0.41666667163372045 0.3605263233184815 0.30000000447034841 0.25000000745058065 1.0000000180025095e-35 0.30392158031463629 1.0000000180025095e-35 1.0000000180025095e-35 1.0000000180025095e-35 0.87500000000000011 0.46649484336376196 1.0000000180025095e-35 0.30000001192092901 1.0000000180025095e-35 0.28092782199382788 1.0000000180025095e-35 1.0000000180025095e-35 1.0000000180025095e-35 0.55927833914756786 0.52105262875556957 0.55927833914756786 1.0000000180025095e-35 0.64175257086753856 0.38913042843341833 0.64690721035003673 0.54473683238029491 0.41666667163372045 0.35098040103912359 0.30000000447034841 0.37500000000000006 1.0000000180025095e-35 1.0000000180025095e-35 1.0000000180025095e-35 1.0000000180025095e-35 0.38043478131294256 0.3605263233184815 0.29736842215061193 0.20784313976764682 0.43260869383811956 0.33947369456291204 1.0000000180025095e-35 0.43298968672752386 0.62500000000000011 0.5000000149011613 0.28478260338306433 0.30217391252517706 0.61597937345504772 0.25652173161506658 0.24484536051750186 1.0000000180025095e-35 0.22156862914562228 0.28157894313335424 1.0000000180025095e-35 0.62500000000000011 1.0000000180025095e-35 0.28092782199382788 1.0000000180025095e-35 0.25882354378700262 0.6347826123237611 0.54473683238029491 1.0000000180025095e-35 1.0000000180025095e-35 1.0000000180025095e-35 0.5673913061618806 0.29607844352722174 0.34705883264541632 0.5000000149011613 1.0000000180025095e-35 0.43298968672752386 0.31956522166728979 0.40980392694473272 1.0000000180025095e-35 0.57631579041481029 -0.25000000745058054 0.23137255012989047 1.0000000180025095e-35 0.36855669319629675 -1.0000000180025095e-35 0.5000000149011613 0.32989689707756048 0.28431373834609991 -1.0000000180025095e-35 0.83333334326744091 0.23711340129375461 0.45217391848564154
decision_type=2 2 2 2 2 2 2 2 2 2 2 2 2 2 2 2 2 2 2 2 2 2 2 2 2 2 2 2 2 2 2 2 2 2 2 2 2 2 2 2 2 2 2 2 2 2 2 2 2 2 2 2 2 2 2 2 2 2 2 2 2 2 2 2 2 2 2 2 2 2 2 2 2 2 2 2 2 2 2 2 2 2 2 2 2 2 2 2 2 2 2 2 2 2 2 2 2 2 2 2 2 2 2 2 2 2 2 2 2 2 2 2 2 2 2 2 2 2 2 2 2 2 2 2 2 2
left_child=1 25 3 4 5 6 21 39 9 10 24 109 13 16 15 27 17 102 104 20 43 50 117 -17 67 31 37 28 56 -30 103 38 45 83 115 -36 -21 54 44 49 41 -16 -7 -14 77 47 121 71 -49 72 -2 52 53 -52 -27 -34 57 70 59 62 85 63 65 -62 -59 66 -58 68 84 -70 -15 -33 90 114 101 -76 -64 -1 108 118 -81 82 97 -6 -3 -61 -48 -38 89 -56 -8 -92 -93 94 -94 96 -96 98 -82 -100 -44 -46 116 -18 -11 -106 107 -71 -79 110 -12 112 -5 -77 -73 -19 -13 -9 119 120 -80 122 -47 125 -120 -42
right_child=2 8 -4 111 33 42 7 22 -10 18 11 12 19 14 40 23 30 34 -20 36 -22 -23 -24 -25 -26 26 -28 -29 29 -31 -32 32 55 -35 35 -37 87 -39 -40 -41 123 -43 100 -45 74 46 86 48 -50 -51 51 -53 -54 -55 88 -57 58 64 -60 60 61 -63 76 -65 -66 -67 -68 -69 69 106 -72 73 -74 -75 75 113 -78 78 79 80 81 -83 -84 -85 -86 -87 -88 -89 -90 -91 91 92 93 -95 95 -97 -98 -99 99 -101 -102 -103 -104 -105 105 -107 -108 -109 -110 -111 -112 -113 -114 -115 -116 -117 -118 -119 124 -121 -122 -123 -124 -125 -126 -127
leaf_value=0.0049355690700686383 -0.011151404533831639 0.0089304896407483205 0.028287162635477384 -0.027109420460142822 -0.018434072735269268 0.054708749907892387 -0.0055564973365486159 -0.050862333591575715 -0.01253134496683308 0.030519013745817267 0.0075359295800112502 0.021246349639782166 0.00010881820388335402 0.0036276220799427552 0.00077038509908710045 -0.00030828352937186559 -0.013470935885361621 -0.056066092313989173 0.0027530716785557365 0.020714647547392551 -0.042359783038106336 -0.056865740728552598 0.051700717901751674 0.034928826878902697 -0.023710430160746233 -0.015899054603334985 0.024132845965271269 0.03136360503570422 0.010620915572563958 0.069862225003595152 -0.072686562533583118 0.0083865349087612964 0.079653269986404152 0.036630741187172765 0.033694665482704715 -0.041709721789258809 -0.001659540796862083 0.042508822277573702 -0.014508961761507802 0.049377797467602763 -0.063615916547681381 -0.076013503192938883 0.021482389211194573 0.055299446955210246 -0.011613246101101558 0.034031366012259916 0.038834485296905995 0.020602837061505647 -0.026375283765585573 0.016310888818534285 0.015797750769173387 0.015083990392078087 -0.056121544502431564 -0.015515022034959233 0.0053456374054065081 0.018034391034136437 -0.010400680965805438 -0.015225323647335188 0.020890405504496834 0.044165463213747411 0.018966413057844664 -0.047226093047803439 0.018774921998702863 -0.023849541004941775 -0.094445603028937286 0.018792870914765655 0.0089781385767413648 -0.060435260759968995 0.059902872989325187 -0.05574898268998895 -0.035962905248558961 -0.057265490320102079 0.042410023766819363 -0.041370342530890357 -0.022209634679976692 0.055359076590594372 -0.054029389205563466 -0.011803914156989202 0.048606724632669511 -0.016706544940286304 0.028740437887493864 0.034752427139441697 -0.00015977989358848248 0.027217615488695696 -0.016887346292873775 0.0093872819473523293 -0.00044345750117501985 -0.060182053956029193 -0.0020217558772928097 -0.032364216002255981 0.066522156733256552 -0.049398331671698527 0.016311144764451304 0.060728973754970765 -0.057745116503928086 -0.073048672788109656 0.010461287561165024 0.03532152983852585 0.0063451727411341224 -0.040341657301752404 -0.024780450680740446 0.050046326441787095 0.053313700279577686 0.054103938042755206 -0.051841745005106826 0.037851527152988382 0.030532094157820641 0.0047680032930515212 -0.071131609542941635 0.01265246390207167 0.057713400845479934 -0.05949144132140502 0.048064450677013218 -0.014653419338359683 0.00072880604160899904 -0.00082024709716287049 -0.023647633320495191 0.03263084542462355 -0.011553319068748557 -0.045908734758282721 -0.021660239408875823 0.051549301166244593 -0.016427616428196967 -0.07401367084561887 -0.00099144959786638264 -0.0042432187431898178
leaf_weight=1800.3450794816017 2362.1898612901568 122.38685882091522 92.960576668381691 79.618111647665501 62.470876961946487 35.353762984275818 3771.2107449695468 14.262028723955156 238.1483152359724 311.55134770274162 38.234200283885002 619.82909955084324 24.14262118935585 105.753482863307 107.74281489104033 93.054436251521111 111.21430791914463 15.419892385601996 218.67051258683205 157.79710079729557 11.270682260394095 34.464697286486626 57.465246617794037 172.75368183106184 182.81697750091553 537.15883380174637 81.558574050664902 69.50406502187252 128.63170710206032 25.675587743520737 18.176298767328262 938.57557541131973 17.993991836905479 89.31835626065731 100.62574124336243 14.466714784502981 71.31550507247448 26.136666521430016 333.42154482007027 21.779702536761761 19.606810614466667 13.697854787111281 72.211591899394989 105.41150020062923 810.58016140758991 51.673668473958969 36.832553654909134 278.91178959608078 34.496210187673569 142.25566956400871 93.158087909221649 195.09887237846851 27.289696082472801 157.74266217648983 56.911664471030235 82.868175998330116 836.58740221709013 18.453421458601952 125.61912053823471 44.565759465098381 77.128447785973549 50.720039933919907 11.997398778796194 69.278237581253052 19.790025562047958 97.259712472558022 189.5217486768961 14.764622688293455 30.30914294719696 15.729845955967901 49.187951982021332 13.49786891043186 23.990895122289658 29.39816839993 26.693715423345566 36.597724705934525 48.319586291909218 288.11011581122875 15.79831489920616 238.65196055173874 104.23260848224163 67.637531459331512 1369.1333535760641 39.533443242311478 190.25966690480709 464.95970417559147 226.57260604202747 17.797579824924469 1392.8123644813895 114.85688547790051 23.779252231121063 32.073832452297211 164.08475640416145 28.214651569724083 22.020702600479126 22.149194300174713 86.085968360304832 65.568565189838409 1008.5955666005611 23.807110235095024 32.693454340100288 12.757200345396994 44.912354841828346 11.317679308354853 14.516772247850897 10.599926590919493 53.293930605053902 60.203043580055237 13.541704103350638 83.258180558681488 89.520849019289017 38.552352122962475 10.321762472391127 12.38834163546562 7972.727758564055 397.01939468085766 22.955712124705315 11.550182878971098 428.69584564864635 46.479201406240463 51.280918046832085 59.850914195179939 29.556491792201996 29.538356810808182 5005.3604752123356 34.310387179255486
leaf_count=7394 10341 519 400 397 263 153 16661 70 1042 1520 171 2720 116 456 495 446 501 64 1012 711 48 180 281 880 783 2291 337 303 548 117 80 3779 76 382 448 61 328 108 1360 106 82 58 301 480 3495 219 151 1144 141 637 416 854 121 699 239 352 3630 78 549 194 339 217 51 294 84 426 821 64 130 65 212 58 137 124 115 160 207 1204 64 976 424 276 5638 174 809 2020 943 75 5821 492 103 150 705 131 99 107 392 284 4145 97 137 54 204 84 69 52 226 254 58 380 411 217 45 53 32851 1698 99 49 1753 193 208 247 120 123 20581 150
internal_value=-2.7496e-08 0.00115889 -0.00444185 -0.00483438 -0.0043969 -0.00494022 -0.00540219 -0.00260595 0.00517604 0.00586923 0.00469351 0.00626557 0.00514966 0.00387326 0.000719047 0.00245491 0.0106278 0.0136745 0.0175729 0.019172 0.0380217 -0.00970958 0.031491 0.022593 -0.00670994 8.92745e-05 -0.00529094 0.000254761 -0.000660085 0.0204782 -0.015685 0.000641331 0.00257294 0.0167059 0.00302723 0.0242166 0.00842114 -0.00641871 -0.000963945 -0.00326057 -0.0221446 -0.00789042 0.0190739 0.0450146 -0.000568697 0.00229707 0.0140627 0.00178356 0.015432 -0.00352621 -0.00913641 0.000920445 -0.00901265 -0.00388876 -0.00702716 0.0290273 -0.00213658 -0.0183003 -0.000587646 -0.00201493 0.00530425 -0.0131119 -0.00638443 -0.00129369 -0.0562198 -0.00460377 -0.00682142 -0.000327355 0.00155215 0.0178825 -0.00894085 0.00130584 -0.00420234 0.000476744 -0.00836846 0.0165385 -0.0395482 9.73956e-05 -0.000900712 -0.000414985 0.00309134 0.00488174 0.004096 -0.000741014 -0.00678084 0.0124292 0.00504887 -0.0133476 -0.00398123 -0.0198699 -0.00447183 0.00633792 0.00230234 0.00744328 0.00233547 -0.0152698 -0.00343196 0.00894272 0.00742101 0.00526858 0.00706466 -0.0106579 0.021842 -0.00722938 0.0271986 -0.0139888 0.00802698 -0.00776837 -0.0144672 0.0308422 0.0426964 -0.0307865 -0.0184822 0.0376533 0.000630787 -0.00288573 0.0196431 -0.0135017 -0.00223377 -0.0218095 -0.00511116 0.0308919 0.0156713 -0.0428867 -0.00182468 -0.0258339
internal_weight=37907.6 30063.7 7843.9 7750.94 7622.45 7431.13 7290.87 4420.92 6321.59 6083.45 5528.11 4858.34 4647.33 4259.59 2903.66 2698.76 1355.94 1215.23 555.339 387.735 140.825 2869.94 83.2775 265.808 669.764 23742.1 2209.43 2432.95 2363.45 154.307 140.708 21532.6 9772.96 191.323 527.532 115.092 246.91 2127.88 11759.7 4337.65 204.896 121.441 140.259 129.554 11426.3 9672.09 404.486 9267.61 313.408 4315.87 2835.48 473.289 278.19 250.901 2101.74 100.862 2209.14 193.185 2015.96 1890.34 706.652 197.127 1183.69 146.407 38.2434 1123.37 1026.11 486.947 472.182 159.536 154.941 8954.2 4173.61 8015.62 899.017 75.6798 60.317 10527.2 8726.89 8425.24 2877.63 2638.97 2571.34 102.004 312.647 509.525 263.405 89.1131 1564.58 171.769 4149.62 378.408 354.629 322.555 294.341 130.256 108.107 1202.2 1136.64 1032.4 104.905 823.337 687.697 122.532 336.668 25.1167 129.227 75.9329 301.652 211.013 127.755 128.492 89.9399 48.9861 7986.23 412.439 642.785 25.8122 5547.61 113.558 67.0792 141.081 81.2302 83.4556 5434.06 53.9172
internal_count=160737 126029 34708 34308 33649 32830 32239 19628 28004 26962 24309 21459 20497 18739 12780 11872 5959 5294 2653 1758 644 12611 400 1326 2850 98025 9288 10546 10243 665 665 88737 40205 819 2271 509 1114 8951 48532 19228 908 553 591 596 47172 39777 1680 38097 1285 19122 12431 2090 1236 1115 8843 428 9578 830 8748 8199 3064 850 5135 633 162 4877 4451 2067 2003 675 668 36812 18485 33033 3877 328 258 43295 35901 34639 11840 10864 10588 437 1328 2214 1094 403 6552 731 18348 1687 1584 1434 1303 598 491 4950 4666 4242 438 3549 3023 585 1641 121 545 319 1262 962 582 659 442 213 32909 1762 2819 119 22799 465 272 586 339 355 22334 232
is_linear=0
shrinkage=0.05


Tree=45
num_leaves=127
num_cat=0
split_feature=13 151 151 13 16 13 151 205 223 151 223 63 69 39 148 85 151 38 31 205 63 214 64 208 203 75 208 60 63 217 58 76 199 67 201 63 62 201 216 63 69 37 172 64 69 62 62 208 14 13 173 70 153 199 286 75 36 60 63 199 167 201 63 60 189 62 198 16 207 164 198 199 64 199 201 199 67 203 174 60 198 38 198 196 60 63 63 63 148 67 198 32 63 286 201 203 201 46 112 64 69 63 201 201 62 224 63 64 205 63 14 168 164 64 37 62 198 199 64 148 199 203 286 203 63 201
split_gain=70.5827 129.563 88.7028 64.0595 43.7746 44.0931 33.4673 30.2536 29.5039 30.621 28.4187 27.8089 36.056 32.2481 30.0664 27.1013 26.8528 26.0477 25.9025 25.896 25.6906 25.6755 33.4565 27.1902 29.0855 24.3274 25.1346 23.6593 23.3653 25.3002 23.0164 22.8826 26.3408 24.9594 22.6138 31.1983 27.09 22.8698 35.9891 30.6497 37.5673 26.2161 22.6469 23.1603 22.8 22.5246 22.4318 21.5063 21.404 21.3605 21.2719 21.2011 20.9303 23.077 21.649 20.672 20.8461 20.5712 20.4283 20.462 40.2367 26.5007 20.3467 19.9968 26.0398 19.7849 19.6585 19.6253 19.6984 33.1242 23.6637 19.6149 23.2138 19.6085 22.6794 24.8116 19.6048 19.6015 19.2767 19.2326 18.9406 20.2395 20.7604 18.9342 18.934 18.8853 18.8531 29.9972 28.3236 23.6441 23.5815 25.406 22.3429 28.6687 20.9309 18.8024 36.2872 18.6073 18.4695 18.4295 18.3064 24.2483 22.1657 25.6635 24.683 18.7285 18.5185 18.1414 18.1409 18.1108 31.4808 18.0382 18.0237 19.6214 21.3941 19.4367 17.981 17.8325 17.8184 18.8236 17.7608 17.4357 27.8804 19.6477 22.0451 29.4148
threshold=0.90000000596046459 0.70000001788139354 0.90000000596046459 0.5000000149011613 1.0000000180025095e-35 0.70000001788139354 0.5000000149011613 0.64605000615119945 1.0000000180025095e-35 0.30000000447034841 1.0000000180025095e-35 0.48195876181125646 1.0000000180025095e-35 1.0000000180025095e-35 0.87500000000000011 1.0000000180025095e-35 0.70000001788139354 1.0000000180025095e-35 1.0000000180025095e-35 0.23875000327825549 0.59536081552505504 0.25000000745058065 0.31956522166728979 1.0000000180025095e-35 0.18888889253139499 -1.0000000180025095e-35 1.0000000180025095e-35 0.24901961535215381 0.5850515365600587 0.25000000745058065 1.0000000180025095e-35 1.0000000180025095e-35 0.33947369456291204 0.40674999356269842 0.25257731229066854 0.48195876181125646 0.27173914015293127 0.46649484336376196 0.58333334326744091 0.24484536051750186 1.0000000180025095e-35 1.0000000180025095e-35 1.0000000180025095e-35 0.56304347515106212 1.0000000180025095e-35 0.33260868489742285 0.38913042843341833 1.0000000180025095e-35 1.0000000180025095e-35 1.0000000180025095e-35 1.0000000180025095e-35 1.0000000180025095e-35 0.5000000149011613 0.41842105984687811 0.87500000000000011 0.41666667163372045 1.0000000180025095e-35 0.23137255012989047 0.67783504724502575 0.38157895207405096 1.0000000180025095e-35 0.7345360815525056 0.35824741423130041 0.23725490272045138 1.0000000180025095e-35 0.36304347217082983 0.17254902422428134 0.75000000000000011 1.0000000180025095e-35 1.0000000180025095e-35 0.35490196943283087 0.4342105239629746 0.60434782505035411 0.33947369456291204 0.53865978121757518 0.2578947395086289 0.96504998207092296 0.33055555820465093 1.0000000180025095e-35 0.61764708161354076 0.35098040103912359 1.0000000180025095e-35 0.35882353782653814 1.0000000180025095e-35 0.33529412746429449 0.56443297863006603 0.27061854302883154 0.39432989060878759 0.87500000000000011 0.15974999964237216 0.35882353782653814 1.0000000180025095e-35 0.53350514173507702 0.62500000000000011 0.56443297863006603 0.17500000447034839 0.69329896569252025 1.0000000180025095e-35 1.0000000180025095e-35 0.30652172863483435 1.0000000180025095e-35 0.64690721035003673 0.56443297863006603 0.38917525112628942 0.35869564116001135 1.0000000180025095e-35 0.30670101940631872 0.47173912823200231 0.34964999556541448 0.36340205371379858 1.0000000180025095e-35 1.0000000180025095e-35 1.0000000180025095e-35 0.56304347515106212 1.0000000180025095e-35 0.19347825646400454 0.19215686619281772 0.50263157486915599 0.42391304671764379 0.62500000000000011 0.76842105388641369 0.21944444626569751 0.62500000000000011 0.22777777910232547 0.32216493785381323 0.26288658380508428
decision_type=2 2 2 2 2 2 2 2 2 2 2 2 2 2 2 2 2 2 2 2 2 2 2 2 2 2 2 2 2 2 2 2 2 2 2 2 2 2 2 2 2 2 2 2 2 2 2 2 2 2 2 2 2 2 2 2 2 2 2 2 2 2 2 2 2 2 2 2 2 2 2 2 2 2 2 2 2 2 2 2 2 2 2 2 2 2 2 2 2 2 2 2 2 2 2 2 2 2 2 2 2 2 2 2 2 2 2 2 2 2 2 2 2 2 2 2 2 2 2 2 2 2 2 2 2 2
left_child=1 3 16 6 5 11 67 120 9 52 15 12 14 18 17 19 78 66 20 -4 28 34 -23 24 -24 -6 30 -14 29 46 51 33 62 -11 35 36 -21 38 39 40 -36 55 43 44 98 -16 -13 109 86 -8 57 73 54 -54 116 56 63 -48 59 60 83 79 -33 64 -41 -50 -3 68 100 70 107 72 -45 74 75 -27 -60 -26 -2 80 95 82 111 -51 -72 -43 -9 88 89 -88 91 -91 93 -89 -90 -61 -97 121 -39 -86 105 102 103 104 -102 108 -105 -70 -1 110 -35 -82 113 115 -115 -111 -5 -38 119 -49 -7 122 -18 -123 125 -125
right_child=2 4 10 8 25 7 49 48 -10 31 -12 13 27 -15 45 -17 97 -19 -20 21 -22 22 23 -25 77 26 -28 -29 -30 -31 -32 32 -34 47 37 -37 117 42 -40 41 -42 85 -44 71 -46 -47 50 118 65 58 -52 -53 53 -55 -56 -57 -58 -59 76 61 -62 -63 -64 -65 -66 -67 -68 -69 69 -71 84 -73 -74 -75 -76 -77 -78 -79 -80 -81 81 -83 -84 -85 99 -87 87 92 94 90 -92 -93 -94 -95 -96 96 -98 -99 -100 -101 101 -103 -104 106 -106 -107 -108 -109 -110 112 -112 -113 -114 114 -116 -117 -118 -119 -120 -121 -122 123 -124 124 -126 -127
leaf_value=0.0058515681676811985 -0.018069234140011891 -0.036096428914657433 0.0099160449858590963 0.051361162074416544 -0.05738463912837425 0.0083167947844989942 0.034263543936087652 -0.0094367586814740889 0.036955966260795371 -0.010929477057074108 0.050295829288870025 0.011021629384602378 -0.087902793303204829 0.04328366866449998 0.011675380621159163 -0.047955568338047046 -0.0073425887279204467 0.049239791233237934 -0.056216834997502657 -0.014058156923739526 0.014652508838325135 -0.061098410787407444 -0.056784893513067106 -0.057338375134808862 0.049706801266691844 -0.071254226370578225 0.038520001399108827 -0.0073608125062854914 -0.034337140992114067 -0.055070725689258707 0.048930456667425154 0.0094406671696701389 0.02049202130366325 -0.0051936107188454818 -0.029491512152461326 -0.0059767537050200437 0.044872849760693008 -0.00083309856476887305 -0.057664547761808474 -0.027515897590877133 0.064178110280651082 0.032329475896213794 0.049877162258541947 0.070267697888146949 -0.032243520312849154 0.042577111739904777 0.038797566785433196 0.010083690711945427 0.0013432282616380393 0.022107191160079143 -0.06866484316601959 -0.06452511729448468 -0.028680929131085959 0.058221637445333901 -0.032540333980304717 0.051989026285583523 -0.031248702994560798 -0.008237742518777633 -0.031013191286578808 0.056823246929427765 -0.071171492193889865 0.047719064736815822 -0.078060742368378122 -0.0010616878680503761 0.037273428745002314 -0.020218695443079134 0.013734842165012119 0.030693291131533823 0.0035219161921668353 0.073308181639682529 0.0039872054729642751 0.0040626698521884523 0.0050490787643065827 -0.0040815029386756007 -0.084256411493026373 0.015962078982992647 0.018942439029908512 -0.0046918779736005549 0.018973398423018484 -0.041623647601620302 -0.036998147161898483 0.038049649064066521 -0.00080520280140843514 -0.012441125561999063 -0.0083289316843088799 -0.021939636905276352 -0.028347894105577601 8.5814701932745085e-05 0.054580468980674417 0.0012890770327964969 0.026485519921326851 0.062570509043301067 0.007236190920771924 -0.022103806243226175 -0.010912409887211786 0.0092485654836887941 -0.06938656261763565 0.022656157686409217 0.016391531862156285 0.057134492837741503 -0.02947259451054144 0.043963703702508281 0.011720498344590255 -0.005016748992507097 0.027034805416078889 -0.033635836312100507 -0.046342804516546751 -0.039613212397969201 -0.00061898060610207498 0.037172067130096041 -0.026110173309493459 0.024079521650429064 -0.011701111521973196 -0.01955849026429262 0.046777315318696923 0.00056727750128066643 -0.012450360770186564 0.011468281721848918 -0.0082608565980251958 0.045914241110990676 0.03802868061631029 0.025667624927272609 -0.049028943766551723 0.039612137910208643 -0.010391131259107548 -0.0021551721139043858
leaf_weight=1211.1563713997602 1053.0281751379371 20.061600238084793 612.17772710323334 11.217542588710783 25.51845908164978 1764.2316425517201 69.287832975387573 280.77816101908684 42.479092374444008 1132.4890113174915 28.323899909853935 420.07474184036255 11.329743206501005 56.302572041749954 87.795505858957767 29.203225582838058 104.30030466616154 51.478304043412209 17.261504501104355 38.216160446405411 473.13746003806591 39.515216618776321 14.995292410254477 21.26482780277729 30.615927442908287 12.608164608478544 28.112970590591431 46.70621246099472 46.857110843062401 18.872537568211555 15.356168314814566 13.681363731622698 168.53772369027138 1564.7456011250615 174.7330320328474 148.06848040223122 107.84836656600237 1196.8632073700428 32.565430097281933 137.1382299810648 11.402673348784445 84.095834851264954 25.056422367691994 34.274405643343925 52.250306576490402 179.60977792739868 25.534667290747166 147.28944131731987 212.55707150697708 408.01913325488567 13.321548938751219 19.29922915995121 12.199978083372114 20.435522615909576 146.76174089312553 16.27556848526001 70.167932465672493 259.38122493028641 67.814663589000702 19.999853014945984 12.792781352996824 34.141008257865906 12.915087446570395 1175.0633046478033 17.485991515219212 213.00178959965706 1472.0970340296626 52.125466600060463 120.94675451517105 20.940786421298981 59.417573675513268 64.668292716145515 22.667636916041374 231.55861508846283 17.557084798812866 23.085386008024216 27.646159619092941 36.068917661905289 36.332971900701523 23.598001420497894 74.811394870281219 28.66764160990715 466.40221972763538 43.927954196929932 13.665988132357596 19.806596919894218 38.579327031970024 602.85129553079605 62.067529238760471 327.92635923624039 187.11115518212318 17.832661375403404 648.20812118053436 191.89691165089607 15.183856427669523 752.51925675570965 14.962713465094565 50.755534753203392 178.89212416112423 50.405993968248367 37.319239482283592 17.76512748003006 56.287346825003624 36.248934671282768 40.080817073583603 41.37511895596981 107.497728317976 30.527624443173409 10254.622500345111 36.753205791115761 203.25637321174145 14.418179005384443 372.79725576937199 185.63824132084846 13.006093040108679 2729.4279621988535 696.15139020979404 63.461370900273323 86.326637610793114 48.799606785178185 51.773121640086174 45.878828898072243 65.172877281904221 46.69723217189312 1511.9041440039873 433.21498970687389
leaf_count=4946 5357 89 2575 48 105 7617 346 1179 175 4701 129 1896 49 257 444 133 453 233 76 163 2147 193 79 104 142 52 126 202 211 85 64 57 702 6469 796 621 508 5031 209 571 48 355 103 154 225 946 118 604 916 1711 57 88 53 84 801 86 291 1156 280 82 52 141 53 4924 96 901 6657 220 496 85 241 277 93 981 72 98 112 159 171 98 308 120 1933 180 57 81 163 2535 324 1378 802 78 2747 869 66 3119 61 213 781 214 152 72 229 148 164 169 448 125 41698 151 847 59 1541 767 53 11225 3049 264 365 212 222 195 305 199 6715 1909
internal_value=3.33916e-07 0.00110237 -0.00422759 -0.000907384 0.00646725 0.00726616 0.00107822 0.0041383 -0.00459797 -0.00483015 0.000370727 0.0117764 0.0157095 0.00625225 0.0169526 5.33035e-05 -0.0103863 0.0142713 0.00461626 0.000370097 0.00545152 -0.00116232 -0.0219888 -0.00697662 0.0061347 -0.0102645 -0.00680506 -0.0230842 -0.000100901 0.00207523 -0.0107937 -0.00367706 0.0131944 -0.00418196 -0.000354111 0.0115915 0.0240066 -0.00164332 -0.00559646 -0.00460264 -0.0237533 -0.00225755 0.0027217 0.00195922 0.000175403 0.0324313 0.00357665 -0.00276373 0.000876519 0.00697287 -0.00690978 -0.0138095 -0.0135627 0.0257353 -0.0150643 -0.00403619 -0.00468757 -0.00402235 0.00602253 0.00715985 0.016274 0.00419683 -0.0330495 -0.00328594 -0.0201891 -0.009449 0.0130649 7.93056e-05 -5.2595e-05 0.0126892 0.0080726 0.0229056 0.0443053 -0.0103729 -0.0377308 -0.0148457 -0.0165457 0.0202833 -0.0168338 0.00313197 0.00390187 -0.0029188 -0.00503256 0.0187492 0.0243179 0.0219843 0.00272867 0.00436173 0.0132921 0.00945073 0.0121873 0.00444969 0.000346954 -0.00527201 0.0417078 0.00896271 0.00771551 -0.00727568 0.00140665 0.0431717 -0.000372054 -0.0126666 -0.0162929 -0.023423 -0.000210823 -5.66548e-05 -0.0359215 -0.00517139 6.45182e-05 -0.00350667 -0.00759826 -0.0271289 -0.00133928 -3.63859e-05 -0.0152152 0.00105363 -0.0114384 0.0324982 0.0106676 0.0190006 0.00916386 -0.00796399 -0.0233736 -0.00668239 -0.00742753 0.00190894
internal_weight=37871.7 30041.2 7830.45 21854.3 8186.92 7813.82 14209.4 4614 7644.91 7602.43 4483.17 3199.82 1869.08 1330.74 1811.04 4454.84 3347.29 1543.64 1274.44 4425.64 1257.18 3813.46 142.46 102.945 81.6801 373.096 347.578 58.036 784.042 737.185 319.465 6715.66 195.134 6520.53 3671 357.594 209.526 3313.41 1738.73 1706.17 186.136 1520.03 1574.67 1549.62 1428.01 267.405 718.312 5388.04 2797.99 2059.01 298.237 304.108 886.766 32.6355 854.131 1416.13 1399.86 284.916 1989.72 1894.26 464.74 1429.52 26.5965 1329.69 154.624 425.559 1492.16 12150.4 12098.3 295.905 274.964 121.61 56.942 284.809 53.2506 35.6936 95.4608 66.6848 1089.36 1395.38 1371.78 584.299 555.632 451.947 123.49 103.902 2372.44 2091.66 648.701 571.45 532.87 345.759 1442.96 794.748 77.2514 787.482 767.482 2257.92 1375.76 64.072 11802.4 295.199 277.434 221.147 77.4001 11507.2 143.747 151.474 11465.8 5105.62 1768 89.2296 3337.62 2964.83 198.644 2766.18 707.369 171.31 282.416 196.089 1816 2207.17 169.473 2037.7 1991.82 479.912
internal_count=160737 126029 34708 90023 36006 34420 58066 19797 31957 31782 19191 14623 8620 6003 8369 19062 15517 6979 5746 18929 5670 16354 677 484 380 1586 1481 251 3523 3312 1355 27747 812 26935 15677 1556 935 14121 7457 7248 844 6404 6664 6561 6037 1390 3227 22234 11958 8602 1331 1291 4035 137 3898 5968 5882 1274 8256 7864 1943 5921 110 5591 667 1817 6746 49464 49244 1218 1133 524 247 1203 222 150 392 301 5528 5780 5682 2420 2300 1891 512 436 10141 8962 2811 2421 2258 1456 6151 3404 390 3262 3180 9989 5812 271 48026 1213 1141 912 316 46813 596 621 46644 21053 7316 367 13737 12196 820 11376 3097 772 1181 816 7839 9776 758 9018 8823 2108
is_linear=0
shrinkage=0.05


Tree=46
num_leaves=127
num_cat=0
split_feature=151 208 286 169 213 215 153 72 75 200 71 205 15 199 188 203 202 200 207 170 63 61 65 202 60 32 63 199 210 151 201 286 198 62 202 199 198 203 61 198 202 198 15 205 65 199 200 201 216 62 198 201 183 203 200 200 77 205 200 201 200 60 216 151 61 213 199 217 215 200 77 62 202 153 61 62 77 172 201 14 201 77 26 198 201 65 286 203 286 200 199 199 202 72 60 151 65 155 217 63 15 202 15 215 67 148 61 62 200 60 160 43 198 75 69 14 63 202 200 165 61 65 203 199 63 203
split_gain=66.0302 57.0892 49.9888 37.844 36.4281 38.7305 66.986 35.531 35.4857 33.8673 34.5569 34.1482 32.2831 33.6304 31.2155 30.6629 38.5223 39.3687 30.14 32.494 31.9288 35.9497 42.6066 31.7044 38.87 30.2592 29.6995 28.9035 28.4669 36.1215 32.5146 35.3938 34.6938 30.0876 29.3215 28.3905 27.9233 33.1606 27.8129 27.0294 38.753 26.9788 27.8421 28.5097 30.9591 26.9419 26.365 28.3961 26.2679 28.8559 25.1621 25.075 27.0304 25.2351 25.0414 25.0064 25.0024 24.926 24.7642 23.8185 24.9814 23.8083 23.7638 23.6856 23.6209 22.6275 23.4226 24.3245 23.2461 31.4463 26.5096 25.4889 27.3547 22.5524 22.3416 21.8088 21.7883 21.7537 21.0046 22.3181 22.3025 20.7108 20.6153 21.9094 26.9494 21.5637 20.8323 20.6075 20.5686 20.4124 20.2772 20.1512 19.9919 19.8918 21.1824 19.6361 19.5314 19.753 19.7371 19.3971 23.62 19.1989 19.1243 20.1505 19.1054 18.9778 18.868 19.7216 18.7752 18.7729 18.6664 19.0541 18.6328 18.5455 19.8136 19.2675 18.372 18.3171 37.45 18.9085 18.1533 18.1332 18.0042 18.0032 17.9062 17.831
threshold=0.90000000596046459 1.0000000180025095e-35 0.37500000000000006 1.0000000180025095e-35 0.75000000000000011 0.25000000745058065 0.5000000149011613 1.0000000180025095e-35 0.25000000745058065 0.7130434811115266 1.0000000180025095e-35 0.44455000758171087 0.5000000149011613 0.43947368860244757 1.0000000180025095e-35 0.31666667759418493 0.55434781312942516 0.43260869383811956 1.0000000180025095e-35 1.0000000180025095e-35 0.56443297863006603 0.51052629947662365 0.55833333730697643 0.27608695626258856 0.40588235855102545 1.0000000180025095e-35 0.47164948284626013 0.67105263471603405 1.0000000180025095e-35 0.5000000149011613 0.42010308802127844 0.87500000000000011 0.48627451062202459 0.4760869592428208 0.20434782654047015 0.28157894313335424 0.37647059559822088 0.65833333134651195 0.49473683536052709 0.32745099067687994 0.55434781312942516 0.4607843160629273 1.0000000180025095e-35 0.26514999568462377 0.36944444477558142 0.63684210181236278 0.38913042843341833 0.51030924916267406 1.0000000180025095e-35 0.39782609045505529 0.29215687513351446 0.23711340129375461 1.0000000180025095e-35 0.46944443881511694 0.67826086282730114 0.33695651590824133 0.41666667163372045 0.67135000228881847 0.45000000298023229 0.61597937345504772 0.21304347366094592 0.31764706969261175 0.58333334326744091 0.5000000149011613 0.31052631139755255 1.0000000180025095e-35 0.68684211373329174 -1.0000000180025095e-35 0.25000000745058065 0.51739129424095165 0.25000000745058065 0.25652173161506658 0.31956522166728979 1.0000000180025095e-35 0.3605263233184815 0.22826086729764941 0.41666667163372045 1.0000000180025095e-35 0.42525772750377661 1.0000000180025095e-35 0.30670101940631872 1.0000000180025095e-35 1.0000000180025095e-35 0.47450980544090277 0.25257731229066854 0.35833333432674414 0.87500000000000011 0.49722221493721014 0.87500000000000011 0.45000000298023229 0.28157894313335424 0.57631579041481029 0.4760869592428208 1.0000000180025095e-35 0.5000000149011613 0.70000001788139354 0.66388890147209179 1.0000000180025095e-35 -1.0000000180025095e-35 0.29639174044132238 1.0000000180025095e-35 0.34565217792987829 1.0000000180025095e-35 -0.25000000745058054 0.26354999840259558 0.62500000000000011 0.45526316761970526 0.31086955964565283 0.25652173161506658 0.28431373834609991 1.0000000180025095e-35 1.0000000180025095e-35 0.31176471710205084 0.25000000745058065 1.0000000180025095e-35 1.0000000180025095e-35 0.56443297863006603 0.44130434095859533 0.56304347515106212 1.0000000180025095e-35 0.75000000000000011 0.37500000000000006 0.44722221791744238 0.52105262875556957 0.8015463948249818 0.63333332538604747
decision_type=2 2 2 2 2 2 2 2 2 2 2 2 2 2 2 2 2 2 2 2 2 2 2 2 2 2 2 2 2 2 2 2 2 2 2 2 2 2 2 2 2 2 2 2 2 2 2 2 2 2 2 2 2 2 2 2 2 2 2 2 2 2 2 2 2 2 2 2 2 2 2 2 2 2 2 2 2 2 2 2 2 2 2 2 2 2 2 2 2 2 2 2 2 2 2 2 2 2 2 2 2 2 2 2 2 2 2 2 2 2 2 2 2 2 2 2 2 2 2 2 2 2 2 2 2 2
left_child=1 2 57 7 5 12 39 8 9 10 11 -2 18 117 15 46 36 26 20 23 28 25 76 24 -20 56 64 50 30 33 31 51 35 -30 -33 48 73 106 45 62 41 42 43 -41 116 -25 47 -3 49 92 -24 53 96 -4 65 -8 82 -1 -48 60 95 89 81 -61 -18 68 67 101 70 71 -13 -70 -73 108 -12 -62 124 -60 80 -80 -9 120 83 93 -85 -86 -84 -47 -69 -40 -64 -39 -32 94 -22 -34 97 98 -53 -74 -101 -67 103 -72 -16 -10 107 -38 -17 -94 111 -100 -11 115 -115 -59 -45 119 -119 -14 -7 -112 -99 -5 -23 -37
right_child=3 14 4 123 -6 6 55 78 105 112 74 54 13 -15 104 16 17 -19 19 -21 21 22 27 38 -26 -27 -28 -29 29 -31 32 34 59 -35 -36 125 37 91 61 40 -42 -43 -44 44 -46 87 58 -49 -50 -51 -52 52 -54 -55 -56 -57 -58 113 77 63 75 -63 90 -65 -66 66 -68 88 69 -71 102 72 99 -75 -76 -77 -78 -79 79 -81 -82 -83 86 84 85 -87 -88 -89 -90 -91 -92 -93 109 -95 -96 -97 -98 122 110 100 -102 -103 -104 -105 -106 -107 -108 -109 -110 -111 121 -113 -114 114 -116 -117 -118 118 -120 -121 -122 -123 -124 -125 -126 -127
leaf_value=0.0040052924050656361 0.011438843424578151 -0.010716195529941817 -0.0029210385021915235 -0.047338153242030077 -0.029782108780084651 -0.020487387758066494 -0.01188749678942491 0.00020922455913847211 0.0051220762032849407 -0.048221438967166179 -0.055387461917627979 0.0039777717629998167 -0.019733935619835025 -0.034060046737424327 -0.015765811683423947 0.064911113796141021 -0.026298685551320852 -0.059702778857053412 -0.033330052551003811 -0.053697172740509773 0.0069867344414956088 -0.011160660924921342 0.026565225400718401 0.035734834350188614 0.057170422287768821 -0.017811800340038323 -0.044759342227415455 0.068754291885661331 -0.022561376988853264 0.024534775441468273 0.042537917432666272 0.033673942846913864 -0.02299878783847803 0.029050632887828654 -0.02287204064455706 0.00019452524645668503 0.025754274750582968 0.038715101343904129 -0.031397007930615763 0.028700049243710973 0.041543699918958107 -0.026898261139975517 0.075152586170178268 -0.0014808332367403946 -0.023713041316529106 -0.02938259711489918 0.030601236407164258 -0.0626794428973379 0.048299756639705399 -0.020512593456015166 -0.0078825508029891998 0.02691004796404145 0.018948284225270617 0.022050225155501788 0.04530408655531195 0.071429753087297182 0.043723097714603566 -0.00050932366676374274 -0.020283708142957699 -0.025425148946356325 0.029227091941283142 0.017768602563319219 0.00027454553101039571 0.028184742818530874 0.06152400538882951 0.02699690255329102 -0.034750362066732432 0.0087799167369758038 0.026958733673293562 0.04350002207057066 -0.041501758347174601 0.024060595665631453 0.014369433954175831 -0.026490826232605375 -0.0081360446878518799 -0.042433658814378654 -0.073044873107946384 0.029559119549947901 0.011245923443938419 -0.058396107966344084 -0.052155522248982879 0.011365211095867295 0.017422910795230669 0.031296680591285077 0.016979568268291664 -0.041769479771832457 0.069924215553405236 0.041407252151327019 -0.044434956260164832 0.037640471090239935 -0.053568962931495906 -0.040551815337943019 0.035090242811930072 -0.040861582376874844 0.038337104723833997 0.032810330932479793 -0.025921559891091517 -0.039108990387143154 -0.0064156263018721156 -0.034340734718614416 0.028250098820342628 -0.048304596203657311 -0.028844213688962159 0.029499805375251466 0.038924425452351585 0.033482104391380003 0.01978198998174047 0.067401943719319027 0.0093099297260626889 -0.043388800375372488 -0.0032038125163133093 0.035463906712699576 0.0016958970792260285 0.01117460399664261 -0.0320481973549996 -0.0075183779177381465 0.044170066302026974 0.070989330768529729 -0.039152009996213426 0.036605793238573721 0.032205019838827502 -0.030509587942348083 -0.0032489647278418944 -0.0024212646171135107 -0.061657116230991904 -0.011184633159806542
leaf_weight=3527.0208011344075 1721.011949390173 138.38771824538708 362.13523015379906 51.382254615426064 134.71110463142395 586.71447879076004 12.440646961331366 30.833460822701454 91.474242925643921 46.772739812731743 34.455766692757607 3983.2499144077301 93.542684778571129 164.18579518795013 18.508264899253845 15.57411442697048 11.193245008587835 37.476107835769653 65.646445423364639 19.608049243688583 984.72275275737047 457.60452599823475 86.586100369691849 205.55652269721031 14.481979042291639 113.63673128932714 18.236782103776932 19.632117182016373 105.60940077900887 187.27508969604969 57.536806300282478 24.036156520247459 38.815327346324921 38.542943105101585 496.21872413903475 2754.1715614944696 50.954126387834549 11.634502395987509 61.622159749269485 55.814865469932556 41.022557690739632 149.23410020023584 11.408551484346388 101.69603237509727 177.55171680450439 31.53417532145977 68.149868175387383 32.457219868898392 53.277403712272644 56.900521472096443 136.70719736069441 42.62320251762867 89.633674532175064 140.39691165089607 35.161305710673332 32.617639049887657 50.056793749332428 11443.079785749316 85.098936751484871 36.309060573577881 11.459662199020384 101.99670760333538 22.291303232312202 47.630832806229591 24.230248242616653 10.571241214871405 71.532454341650009 212.29985985159874 34.934418678283691 26.499683007597923 10.529261231422423 33.317024871706963 28.590505942702293 43.614665478467941 91.315232008695602 144.42070412635803 15.656285941600798 29.472708210349083 72.37164905667305 13.678434029221533 59.710974603891373 61.828183025121689 124.27052615582943 24.18324801325798 20.275733381509781 68.01195003092289 22.28244112432003 15.253726720809935 19.856791943311691 12.958463743329046 81.108576953411102 25.79260627925396 14.064010530710222 20.644758015871048 56.999014586210251 26.536070704460144 159.722640812397 92.730021923780441 2090.5831440836191 195.2495601028204 16.333920121192932 42.476810976862907 17.299381151795387 196.15873744338751 116.39397296309471 166.10801646113396 106.32011865079403 64.288741663098335 604.57415610551834 16.631327778100967 98.153419747948647 27.517195880413055 31.141513213515282 469.4414599686861 28.10136042535305 1072.3817296773195 28.137056395411491 21.471027821302414 12.048658311367033 17.71238349378109 16.813938543200493 159.76532697677612 56.224422246217728 39.426161110401154 18.256189465522766 393.44679634273052
leaf_count=14605 7650 589 1523 222 678 2614 54 133 435 213 149 17406 402 742 80 67 58 166 274 85 4147 1947 368 887 61 479 76 82 439 791 240 107 166 158 2310 11602 221 53 260 242 182 730 50 451 799 131 289 144 284 242 578 181 383 585 164 166 228 46759 362 152 51 433 110 203 103 45 314 931 164 126 83 191 135 192 379 635 75 127 317 58 264 262 519 100 89 292 98 63 92 56 442 111 60 88 241 116 671 402 8825 942 79 200 75 1033 506 890 464 285 2582 71 412 115 131 2061 118 4428 123 91 52 73 76 682 237 164 80 1663
internal_value=4.90262e-07 -0.00102856 -0.00152201 0.00424216 -0.00392301 -0.00363883 -0.0115339 0.00464159 0.00519136 0.00450713 0.00488375 0.00537444 -0.00263835 -0.0185696 0.00847459 0.00621088 0.0106323 -0.0203796 -0.0021727 0.00946355 -0.0027853 0.00250759 -0.00654106 0.0118964 -0.0169735 0.00698257 0.0070836 0.0105891 -0.00428711 0.0100527 -0.00492155 -0.00813379 -0.00154344 -0.00876154 -0.0202596 -7.15181e-05 0.0136952 0.0276196 0.0172897 -0.0135597 -0.00525561 -0.0089205 -0.00175863 -0.00417451 -0.0101439 0.0279403 -0.00646796 -0.0205882 0.0182728 0.00725002 0.00547521 -0.00623335 -0.00806882 0.00405541 0.00325916 0.0484258 0.00903701 0.000276975 0.00673449 -0.0176822 -0.0262865 0.00206907 -0.0196614 0.00499524 0.0337735 0.00295739 -0.00916802 -0.00275169 0.00390971 -0.00876792 0.00491894 -0.0132587 -0.0183959 0.00826212 -0.0210809 -0.0371655 -0.0150074 -0.00746201 -0.0175129 0.000175697 -0.0343235 -0.0161959 0.00772303 0.00551727 -0.015468 -0.0282775 0.0254054 -0.00630379 0.00422835 -0.0194017 -0.0419612 -0.0159111 0.025154 0.00773894 0.00870211 -0.000337379 -0.00895674 -0.00790141 -0.00681307 -0.0242855 -0.0295088 -0.0332988 0.021656 0.0258828 0.0314211 0.0234107 0.0349729 0.0489876 0.0107063 -0.00743122 -0.00741803 -0.00587155 -0.02827 -0.000733541 0.00873337 -0.00110989 0.0084125 -0.00100228 0.031399 -0.0107644 -0.0190194 -0.0201181 -0.0255732 -0.0278367 -0.0130979 -0.00122785
internal_weight=37819 30435.3 28932.9 7383.74 12392.9 12258.2 1378.68 7292.93 7116.34 6858.76 6780.84 6655.07 10879.5 308.961 1502.36 1367.46 1013.89 91.1364 10570.6 528.658 10041.9 2219.53 734.442 509.05 80.1284 1485.08 53.6603 242.925 7822.37 331.427 7490.94 3839.74 3651.2 144.152 520.255 3346.03 922.753 258.99 428.922 1333.62 564.865 523.842 374.608 363.2 307.385 252.344 353.566 170.845 198.41 145.133 223.293 3319.49 2816.95 502.532 4934.06 45.0583 1371.45 16540 182.722 305.172 221.232 176.577 768.756 83.9399 35.4235 4898.9 356.737 285.205 4542.16 334.925 4207.24 308.425 273.491 663.763 125.771 155.88 491.517 114.572 176.595 86.0501 90.5444 665.357 1321.39 1174.84 112.471 88.2877 146.553 46.7879 232.157 74.5806 103.4 37.4271 88.2321 1062.37 1041.72 65.3514 2727.32 2567.6 2418.64 240.174 211.583 53.0481 223.987 206.688 134.902 257.582 221.563 115.243 620.148 30.6953 2376.02 2118.1 77.9143 13013 497.543 12515.5 129.833 144.775 33.5197 111.255 603.528 257.919 148.954 90.8084 475.861 3147.62
internal_count=160737 127752 121277 32985 53306 52628 6301 32599 31827 30502 30158 29630 46327 1360 6475 5889 4378 403 44967 2250 42717 9411 3130 2165 335 6281 237 1028 33306 1388 31918 16433 15485 597 2417 14162 3975 1134 1830 6081 2577 2395 1665 1615 1373 1081 1511 733 897 613 946 14016 11908 2108 21980 220 5802 67971 778 1323 968 749 3504 355 161 21816 1582 1268 20234 1637 18597 1511 1347 2841 528 686 2102 489 772 375 397 2952 5574 4957 481 381 617 194 1023 316 552 164 371 4476 4388 282 11525 10854 10215 1156 1021 245 1191 1116 586 1325 970 506 2649 131 10034 8940 344 53366 2179 51187 574 618 143 475 2690 1094 639 386 2027 13265
is_linear=0
shrinkage=0.05


Tree=47
num_leaves=127
num_cat=0
split_feature=13 151 151 13 16 13 205 154 152 34 205 154 15 13 13 162 205 253 76 61 214 199 223 83 14 15 65 47 85 39 200 208 65 151 199 199 153 46 205 153 199 75 208 198 162 199 200 200 199 65 67 65 32 76 60 85 208 78 77 215 213 64 151 13 72 163 64 64 60 214 153 65 213 36 155 200 171 199 250 213 60 77 162 45 215 180 43 123 64 173 64 200 60 60 199 199 182 75 65 23 60 14 153 198 67 215 33 199 151 213 198 67 65 177 65 199 198 25 198 65 45 153 65 65 37 24
split_gain=66.639 113.947 76.0021 60.6535 38.8985 40.4699 29.0792 27.9752 26.6481 33.7573 26.3956 26.2763 26.235 41.2331 36.5242 30.4075 26.6165 26.1268 27.0561 50.6132 26.6965 48.9425 26.0075 25.1769 25.094 25.7867 25.7477 24.9157 24.8672 24.8652 26.0184 25.2437 29.4248 25.2777 23.9513 23.6962 23.1943 22.9083 22.5802 22.3097 22.107 21.9654 24.8791 21.7026 21.0086 27.4891 24.3177 20.9685 20.5841 32.7264 20.4411 20.1258 19.8113 19.8113 19.7216 19.2149 19.2074 19.9546 19.016 21.3877 18.9748 18.8913 18.7325 21.6075 18.6251 18.567 23.3274 18.5107 18.9578 18.243 17.967 21.5618 17.8917 24.0873 18.7229 31.1927 17.8814 23.6844 27.4955 17.6981 19.6253 17.6543 17.3862 17.197 17.1572 17.0649 18.7166 20.1453 17.039 17.0191 16.971 16.7096 16.5145 16.4643 17.7605 20.6904 23.741 18.0496 18.7855 16.4385 21.705 18.7614 23.6921 19.5589 16.9276 16.4026 16.3249 22.3914 18.2854 27.2322 23.7678 18.7342 18.7835 19.6716 30.0783 18.7229 18.6934 19.7158 20.3835 16.2807 33.4601 23.5681 23.8723 22.3339 20.5355 19.9178
threshold=0.90000000596046459 0.70000001788139354 0.90000000596046459 0.70000001788139354 1.0000000180025095e-35 0.70000001788139354 0.44875000417232519 1.0000000180025095e-35 1.0000000180025095e-35 1.0000000180025095e-35 0.21175000071525577 1.0000000180025095e-35 0.5000000149011613 0.30000000447034841 0.30000000447034841 1.0000000180025095e-35 0.52285000681877147 1.0000000180025095e-35 0.58333334326744091 0.28157894313335424 0.41666667163372045 0.28157894313335424 1.0000000180025095e-35 1.0000000180025095e-35 1.0000000180025095e-35 0.5000000149011613 0.31666667759418493 1.0000000180025095e-35 1.0000000180025095e-35 1.0000000180025095e-35 0.30652172863483435 1.0000000180025095e-35 0.37500000000000006 0.70000001788139354 0.31052631139755255 0.48684209585189825 0.5000000149011613 1.0000000180025095e-35 0.70655000209808361 1.0000000180025095e-35 0.68684211373329174 -1.0000000180025095e-35 1.0000000180025095e-35 0.25294119119644171 1.0000000180025095e-35 0.47105263173580175 0.33695651590824133 0.5978260636329652 0.33421052992343908 0.36388888955116278 0.054250000044703491 0.46944443881511694 1.0000000180025095e-35 -1.0000000180025095e-35 0.28431373834609991 1.0000000180025095e-35 1.0000000180025095e-35 0.58333334326744091 0.25000000745058065 1.0000000180025095e-35 -0.25000000745058054 0.24130434542894366 0.5000000149011613 1.0000000180025095e-35 1.0000000180025095e-35 1.0000000180025095e-35 0.30217391252517706 0.22391304373741153 0.33137255907058721 1.0000000180025095e-35 0.83333334326744091 0.55277779698371898 1.0000000180025095e-35 1.0000000180025095e-35 1.0000000180025095e-35 0.38478259742259985 1.0000000180025095e-35 0.70789471268653881 1.0000000180025095e-35 0.25000000745058065 0.4450980424880982 -1.0000000180025095e-35 1.0000000180025095e-35 1.0000000180025095e-35 1.0000000180025095e-35 1.0000000180025095e-35 1.0000000180025095e-35 1.0000000180025095e-35 0.52391305565834057 1.0000000180025095e-35 0.38043478131294256 0.38913042843341833 0.4294117689132691 0.61764708161354076 0.83421051502227794 0.68157896399497997 1.0000000180025095e-35 1.0000000180025095e-35 0.50277778506279003 1.0000000180025095e-35 0.31176471710205084 1.0000000180025095e-35 0.5000000149011613 0.65686276555061351 0.83355000615119945 0.25000000745058065 1.0000000180025095e-35 0.44473683834075933 0.90000000596046459 1.0000000180025095e-35 0.33137255907058721 0.51045000553131115 0.71666666865348827 1.0000000180025095e-35 0.39722222089767462 0.67105263471603405 0.21764706075191501 1.0000000180025095e-35 0.30000001192092901 0.62500000000000011 1.0000000180025095e-35 0.5000000149011613 0.67499998211860668 0.45277777314186102 1.0000000180025095e-35 1.0000000180025095e-35
decision_type=2 2 2 2 2 2 2 2 2 2 2 2 2 2 2 2 2 2 2 2 2 2 2 2 2 2 2 2 2 2 2 2 2 2 2 2 2 2 2 2 2 2 2 2 2 2 2 2 2 2 2 2 2 2 2 2 2 2 2 2 2 2 2 2 2 2 2 2 2 2 2 2 2 2 2 2 2 2 2 2 2 2 2 2 2 2 2 2 2 2 2 2 2 2 2 2 2 2 2 2 2 2 2 2 2 2 2 2 2 2 2 2 2 2 2 2 2 2 2 2 2 2 2 2 2 2
left_child=1 3 29 6 5 12 62 50 10 47 -7 41 13 -3 -14 43 -15 18 20 -20 23 -22 28 76 25 36 -27 35 38 31 -31 33 54 67 -34 48 58 65 60 -36 52 -6 44 -16 45 90 -46 72 49 -26 -5 -28 79 -18 -33 56 57 69 106 -60 -4 -23 63 -1 70 -35 -67 68 -2 89 85 -72 73 74 -10 -76 119 78 -78 80 82 92 -37 -64 -19 86 87 93 -32 105 -43 -61 -62 94 95 97 -97 -52 -99 101 -101 102 103 -83 -103 -55 108 -108 -12 111 -111 -110 113 116 -115 -112 -113 -118 -119 123 121 122 124 125 -121 -8
right_child=2 4 22 7 11 8 17 -9 9 -11 24 -13 14 16 15 -17 53 84 19 -21 21 61 -24 -25 27 26 51 -29 -30 30 88 32 34 37 39 40 -38 -39 -40 -41 -42 42 -44 -45 46 -47 -48 -49 -50 -51 64 -53 -54 55 -56 -57 -58 -59 59 91 81 -63 83 -65 -66 66 -68 -69 -70 -71 71 -73 -74 -75 75 -77 77 -79 -80 -81 -82 99 -84 -85 -86 -87 -88 -89 -90 -91 -92 -93 -94 -95 -96 96 -98 98 -100 100 -102 104 -104 -105 -106 -107 107 -109 109 110 115 112 -114 114 -116 -117 117 118 -120 120 -122 -123 -124 -125 -126 -127
leaf_value=0.017025449952234532 0.03904043877888911 0.037224142244227654 0.058311311690720569 -0.039001004376701703 -0.057634074463992969 0.014642697208487971 -0.00066795989452088562 0.016094159666654399 0.020524837433460546 -0.044444649669711081 -0.00083475312454338888 0.060019882237952141 -0.079033987156078733 0.01944770478719508 0.064568023477994105 -0.045761748727719695 0.038540019635110945 -0.018820308884724787 -0.050297249058953747 0.035454938858238472 0.044136233392908342 0.023120900429526432 0.048263445252005391 -0.029096869518608709 0.042236652568983082 0.024682972644614366 -0.064075425814467554 0.043924853225318528 -0.046378845055895221 -0.023959261074897233 0.010885370657561776 0.030565505019487467 -0.047404333434521218 -0.010920789714137364 0.030029876561199122 -0.014367852565025169 0.029540750823332369 0.024840368208560264 -0.0034935589196096748 -0.033685341022429365 -0.038913891011418456 -0.018731000169812495 0.036448257310477954 0.0018840170850767631 -0.036852133246910036 -0.0038657667103135064 0.050062482931842713 0.05422235244440135 -0.029964532842367882 -0.024885397114287344 -0.0086816800825594686 -0.0081697541805670713 0.058513702735971118 0.0095612166742592569 -0.0311219119929672 -0.040981218694454556 0.030558703470964552 0.053294419012137412 0.029855771732529401 -0.06626959126679681 -0.0087923191440109124 -0.036644286166989282 0.011996692620736367 0.00076453203119980116 -0.039065235969718837 -0.027929765284280202 0.021801896152199671 -0.020283784900788651 -0.020826149433363056 -0.015683209534393009 0.039473785635335601 -0.040730912964872135 -0.014480771316149719 -0.042287331861928595 -0.048299290980893576 0.046777057109724102 0.00062426238939459946 0.036860396753820364 0.028948992861933549 0.047365300371493307 0.035190437596237828 0.0051720862966253929 0.046882157820764075 -0.038830314382107309 -0.084257993027601424 0.020049647719567774 -0.044372008286471809 -0.033844450564390442 0.055882803442930597 -0.012148882194563844 -0.057070940279490334 0.014829037144743399 -0.077055132225756801 -0.035961328745936716 -0.042774132618595195 0.01663105227574305 -0.043111751814637611 0.024740915469649433 -0.017917650404030382 0.017505205858032887 -0.031332021314985491 -0.013430048878826928 0.033899569802039675 0.058668517154357946 0.010040547507343735 -0.012694420342337163 -0.037990523021913511 0.0038383338903876722 0.020480983049321076 -0.042506095944520574 0.028829748325075805 -0.029594637467085683 0.045934819778897462 0.025774674565791179 -0.069345743901118945 -0.044204954786422196 0.010456887753726496 -0.068612528588051294 0.0071460975265614044 0.013242074687374103 -0.060451432522637127 -0.056719032127780983 -0.0011784455034293644 -0.0038647729225564803 -0.027783460530959959 0.0066826950229782814
leaf_weight=225.27591367065907 27.372652724385262 155.74373756349087 15.772049963474272 54.424029886722565 24.785573378205299 391.39282865822315 6624.8654858022928 119.06781961023808 489.36245827376842 24.443350538611412 1493.5316003859043 13.045742288231848 16.903995260596275 681.99562029540539 16.955979600548744 28.342631973326206 52.348929211497307 37.17342883348465 20.386232882738113 110.35038898140192 25.405091270804405 14.638339966535566 27.904290542006493 76.775582820177078 29.25038093328476 20.48351089656353 36.70951834321022 21.547125846147537 28.911361038684845 38.984130471944809 71.624092094600201 16.044701740145683 13.059171989560125 1803.048533976078 129.85158436000347 155.12453328073025 83.49273094534874 49.423702299594879 2168.5382121279836 15.364395618438719 32.398195177316666 63.654516011476517 27.790560379624367 74.381106168031693 11.816837370395659 152.72495059669018 25.231635794043541 33.031079292297363 194.2029914855957 47.893798142671585 2028.3536952063441 28.672096475958824 16.196938559412956 1741.9081347286701 67.316453412175179 20.320524394512177 89.379547655582428 22.897290498018265 115.65288270264864 11.243877217173578 31.007912412285805 136.67761308699846 818.50184828042984 2193.3744391053915 47.533387050032616 31.678588166832924 92.233542427420616 917.66095362603664 25.583396703004837 89.744465872645378 39.082202605903149 10.666695207357405 52.837527975440025 17.170408666133881 25.210584729909897 13.114322230219839 640.09174408018589 60.882610082626343 98.918623566627502 18.908771127462387 28.346125707030296 1635.5120486468077 12.521137565374373 16.987312749028206 13.711631402373312 52.879176735877991 36.14447595179081 73.90002304315567 29.787710919976234 105.51085333526134 52.808649778366089 14.597530677914618 12.404512628912924 49.221674248576164 33.712462842464447 156.75653694570065 18.602411836385727 81.942372143268585 37.672910436987877 33.655323430895805 70.217764467000961 233.76747277379036 78.178000092506409 17.266146555542946 114.42569749057293 86.919876262545586 59.546102359890938 69.146235048770905 304.29978948831558 48.168435826897621 31.439761504530907 34.981768533587456 27.56062787771225 13.535152062773703 21.531768351793289 12.172670677304266 535.57646638154984 16.526737049221992 19.186619266867638 753.43327096104622 19.796890899538994 15.317080736160277 687.54518760740757 5293.7798999398947 31.789533972740173 1070.4823227375746
leaf_count=936 130 911 74 239 102 1696 27048 506 2182 104 6121 59 69 3197 73 154 259 153 108 545 113 68 129 317 131 89 152 91 133 175 317 71 66 8049 574 656 373 207 9421 75 135 266 126 311 49 653 108 157 830 202 8702 119 71 7773 318 92 425 124 572 50 128 671 3386 8998 210 143 401 4731 131 386 193 45 223 73 110 58 2610 250 405 80 123 6948 53 70 61 222 158 316 129 463 223 69 53 214 148 662 81 339 155 140 289 982 343 74 477 386 249 292 1369 206 135 151 125 58 91 51 2394 71 85 3082 81 62 2794 21578 131 4366
internal_value=2.83364e-07 0.00107113 -0.00411775 -0.000813139 0.00611347 0.00686816 0.000206267 -0.00762824 0.00386941 0.0132077 0.00231886 -0.00968498 0.0112024 0.0121634 -0.0102358 -0.000518543 0.0108134 -0.000683688 -0.000567616 0.0220833 -0.000758049 -0.0200809 0.000143669 -0.000535932 0.000961843 0.00277168 -0.0242337 -0.00879027 -0.000158776 -0.00983657 0.010757 -0.0107433 0.00479319 -0.0120172 0.0174557 -0.010914 0.00356792 -0.00877204 0.000144186 0.0232886 -0.000233982 -0.0122193 -0.00884943 0.0135208 -0.0129601 -0.0178186 0.0223405 0.015442 -0.021285 0.000564942 -0.00866635 -0.0395589 0.00518866 0.00814766 -0.0192488 0.00740995 0.00787024 0.00687957 0.0028013 0.0206669 0.00366241 -0.0308626 0.00450873 0.00227909 -0.0080472 -0.00963415 0.00908782 -0.0186251 0.0101185 0.0063545 -0.00748422 0.022277 0.0132989 0.0159928 0.0178892 -0.0157653 -0.000392584 0.00688509 0.00441561 0.00116958 -0.00328726 0.00327528 -0.00979321 0.0109633 -0.0364533 -0.00806051 -0.00865124 -0.00813066 0.0241025 0.00737695 -0.0361157 -0.0204579 -0.0282975 -0.00734095 -0.00674328 -0.00622045 0.0102934 -0.00756864 0.0113056 0.00390315 -0.0155086 0.00487294 0.00700318 0.00573095 -0.00571698 0.00850346 0.00186059 -0.0155159 0.00273462 0.00774033 -0.0182951 0.0101957 0.00551664 0.00377973 -0.0326311 0.00844502 0.00588574 0.00805831 -0.027912 -0.00079414 0.00412369 0.00498277 0.00562449 -0.00136504 0.0115812 0.000354573
internal_weight=37778.9 29982.3 7796.59 21826.1 8156.22 7784.36 18986.2 2839.96 4601.01 655.17 3945.84 371.858 3183.35 3046.77 136.584 119.68 2891.03 15732 15681.1 130.737 15550.4 176.721 4467.56 15373.7 3554.45 2998.06 85.8651 556.39 4439.66 3329.03 140.396 3188.64 241.636 2947 158.275 534.843 2912.19 1976.38 4410.75 145.216 263.496 358.813 334.027 91.3371 306.237 269.188 37.0485 630.726 271.347 77.1442 2720.89 65.3816 231.098 2209.03 83.3612 2156.68 2136.36 2046.98 2828.7 141.494 2242.21 151.316 3254.14 2418.65 2666.47 1926.96 123.912 970.617 52.956 2024.08 2618.93 49.7489 597.695 544.858 527.687 38.3249 15296.9 799.893 739.01 214.901 195.992 2226.43 167.646 835.489 50.8851 2569.19 2516.31 2480.16 101.412 1934.34 116.463 25.8414 43.4124 2406.26 2357.04 2323.33 175.359 2147.97 119.615 2183.02 103.873 2079.15 1730.96 1652.78 348.193 1828.83 2687.2 128.692 2558.51 1064.98 91.7809 973.199 668.899 641.339 35.0669 43.6124 606.272 571.29 35.7134 14497 1507.88 1488.09 1472.77 12989.1 785.223 7695.35
internal_count=160737 126029 34708 90023 36006 34420 77833 12190 19797 2907 16890 1586 14623 14016 607 538 13105 64443 64229 653 63576 852 19191 62724 15194 12822 360 2372 19062 15517 621 14896 1104 13792 715 2281 12462 8800 18929 649 1118 1527 1425 384 1299 1142 157 2803 1163 333 11684 271 983 9908 389 9649 9557 9132 12089 691 9508 739 13390 9934 11445 8593 544 4992 261 9008 11235 238 2646 2423 2350 168 62407 3265 3015 912 832 9434 709 3456 214 10997 10775 10617 446 8622 489 119 181 10301 10087 9939 743 9196 494 9253 429 8824 7365 7022 1459 8159 11398 541 10857 4736 392 4344 2975 2850 149 186 2701 2550 156 59142 6150 6069 6007 52992 3213 31414
is_linear=0
shrinkage=0.05


Tree=48
num_leaves=127
num_cat=0
split_feature=13 151 151 13 13 15 205 63 13 76 61 205 286 177 239 215 201 198 154 154 151 153 15 201 63 14 151 63 60 62 62 205 223 69 61 60 63 85 22 61 200 112 198 201 215 77 201 77 64 64 64 62 203 203 250 215 23 201 65 38 154 64 75 203 63 201 169 151 64 198 61 76 61 223 214 200 201 61 48 14 60 207 61 75 31 70 65 71 216 13 151 175 60 60 64 175 63 201 198 185 64 194 214 77 70 151 286 60 60 62 65 57 200 200 200 65 201 203 201 152 152 201 62 23 203 188
split_gain=60.2931 103.239 69.01 54.8942 35.5275 51.8541 37.3286 34.1764 26.6606 26.6196 58.7891 26.5018 28.9448 32.787 26.5855 26.5043 26.2863 26.2494 25.3003 24.5711 27.3876 32.6219 24.7505 24.4908 38.1906 24.1379 36.4612 27.7739 24.053 25.8197 25.4301 23.9752 23.7993 23.4188 23.0037 26.5026 36.4609 22.713 21.6601 29.0244 23.7035 26.4306 36.3662 24.8696 21.6547 26.3966 25.4896 24.7001 24.8632 33.8303 31.9743 27.6229 25.9363 39.1 38.1928 29.3907 27.0576 26.273 30.75 25.5376 28.0001 24.7532 24.7198 24.4466 21.5084 21.286 30.6719 25.2881 25.5714 26.4751 21.5825 38.277 21.0138 20.9891 20.8632 20.8292 23.3858 27.5181 24.7984 21.4565 24.3721 20.7288 20.5743 21.5005 20.4427 20.3866 24.4467 21.1939 20.1252 20.0636 21.0499 22.1739 19.9993 21.8818 22.8388 19.8844 19.7403 19.6488 19.4161 19.3374 19.0977 18.8896 18.8005 26.5894 18.0934 17.9829 20.0605 19.1193 24.8129 21.249 20.4641 18.031 17.8668 21.7512 22.4316 25.7143 20.6371 30.8973 34.5379 20.9962 18.5847 18.3281 18.2551 17.8117 17.6548 20.4333
threshold=0.90000000596046459 0.70000001788139354 0.90000000596046459 0.70000001788139354 0.5000000149011613 0.5000000149011613 0.63234999775886547 0.35824741423130041 0.30000000447034841 0.58333334326744091 0.28157894313335424 0.46484999358654028 0.37500000000000006 1.0000000180025095e-35 1.0000000180025095e-35 0.41666667163372045 0.42525772750377661 0.33137255907058721 1.0000000180025095e-35 1.0000000180025095e-35 0.5000000149011613 0.5000000149011613 0.83333334326744091 0.6520618498325349 0.4587628841400147 1.0000000180025095e-35 0.90000000596046459 0.19329896569252017 0.29215687513351446 0.21304347366094592 0.7130434811115266 0.90415000915527355 1.0000000180025095e-35 1.0000000180025095e-35 0.52105262875556957 0.44901961088180548 0.53865978121757518 1.0000000180025095e-35 1.0000000180025095e-35 0.40263158082962042 0.38913042843341833 1.0000000180025095e-35 0.27254903316497808 0.62113401293754589 0.58333334326744091 -0.25000000745058054 0.5695876181125642 1.0000000180025095e-35 0.56304347515106212 0.60434782505035411 0.53043478727340709 0.21956521272659305 0.27222223579883581 0.41388888657093054 1.0000000180025095e-35 -1.0000000180025095e-35 1.0000000180025095e-35 0.22938144207000735 0.25833334028720861 1.0000000180025095e-35 1.0000000180025095e-35 0.17608695477247241 -1.0000000180025095e-35 0.44722221791744238 0.51030924916267406 0.49484536051750189 1.0000000180025095e-35 0.30000000447034841 0.52391305565834057 0.2431372553110123 0.48684209585189825 1.0000000180025095e-35 0.49473683536052709 1.0000000180025095e-35 1.0000000180025095e-35 0.32826086878776556 0.27061854302883154 0.62894734740257274 1.0000000180025095e-35 1.0000000180025095e-35 0.48627451062202459 1.0000000180025095e-35 0.41842105984687811 1.0000000180025095e-35 1.0000000180025095e-35 1.0000000180025095e-35 0.48611110448837286 1.0000000180025095e-35 0.58333334326744091 1.0000000180025095e-35 1.0000000180025095e-35 1.0000000180025095e-35 0.40588235855102545 0.38235294818878179 0.37608696520328527 1.0000000180025095e-35 0.32216493785381323 0.39948453009128576 0.30784314870834356 1.0000000180025095e-35 0.53043478727340709 1.0000000180025095e-35 0.41666667163372045 1.0000000180025095e-35 1.0000000180025095e-35 0.5000000149011613 0.87500000000000011 0.61764708161354076 0.4294117689132691 0.32391305267810827 0.50833335518836986 1.0000000180025095e-35 0.67826086282730114 0.54782608151435863 0.51739129424095165 0.34722222387790685 0.51030924916267406 0.44722221791744238 0.27577318251132971 1.0000000180025095e-35 1.0000000180025095e-35 0.35824741423130041 0.43260869383811956 1.0000000180025095e-35 0.24722222238779071 1.0000000180025095e-35
decision_type=2 2 2 2 2 2 2 2 2 2 2 2 2 2 2 2 2 2 2 2 2 2 2 2 2 2 2 2 2 2 2 2 2 2 2 2 2 2 2 2 2 2 2 2 2 2 2 2 2 2 2 2 2 2 2 2 2 2 2 2 2 2 2 2 2 2 2 2 2 2 2 2 2 2 2 2 2 2 2 2 2 2 2 2 2 2 2 2 2 2 2 2 2 2 2 2 2 2 2 2 2 2 2 2 2 2 2 2 2 2 2 2 2 2 2 2 2 2 2 2 2 2 2 2 2 2
left_child=1 3 19 9 5 8 85 -7 -3 11 -11 88 -13 14 15 33 72 31 65 20 21 81 28 -18 -25 27 -27 -10 30 -30 100 -15 37 102 35 36 -21 44 40 -40 73 -42 -43 -44 47 -46 -47 48 50 -50 51 61 56 54 55 -54 59 -57 -59 60 -53 -4 -60 97 -65 67 99 -5 70 -70 71 101 -17 96 112 79 77 -77 95 80 -64 -2 -29 104 105 87 -87 -6 89 -1 91 -91 93 94 -19 123 -31 -49 -66 -67 -22 -69 124 -104 -84 -72 107 108 109 -107 111 -111 113 114 116 -116 117 120 -119 -120 121 -55 -117 -78 125 -14
right_child=2 4 32 18 6 7 -8 -9 25 10 -12 12 13 17 -16 16 23 92 -20 34 22 -23 -24 24 -26 26 -28 82 29 38 -32 -33 -34 -35 -36 -37 -38 -39 39 -41 41 42 43 -45 45 46 -48 63 49 -51 -52 52 53 74 -56 57 -58 58 62 -61 -62 -63 75 64 98 66 -68 68 69 -71 84 -73 -74 -75 -76 76 78 -79 -80 -81 -82 -83 83 -85 -86 86 -88 -89 -90 90 -92 -93 -94 -95 -96 -97 -98 -99 -100 -101 -102 -103 103 -105 -106 106 -108 -109 -110 110 -112 -113 -114 -115 115 122 -118 118 119 -121 -122 -123 -124 -125 -126 -127
leaf_value=0.017737941089690932 -0.033577336741512476 0.035966418993530341 0.02523574352942597 -0.035753156257728388 0.010948001264223423 0.036586873889524293 0.0018886894302262394 -0.052594727315329728 -0.051897441154641767 -0.049276532426475048 0.034776838446822896 0.00057234936304565614 0.0033896000450096006 0.015230002548597681 0.042315978704143407 -0.020675253756841542 -0.041620140249484655 0.0018589890748378149 0.015306648704014027 -0.0070673172186038608 -0.00071297119263200146 0.0380100108665598 -0.043675641534201899 -0.038929854606528091 0.062380271765211971 -0.020189704996672851 0.054706723862227261 0.031427833774322449 -0.052874703757675737 -0.0039099209508307864 0.054280415650856728 -0.041646142971075641 0.046474787286207492 -0.023331260476180435 -0.014912051045839198 0.091762045028745132 0.058520193482638698 -0.044576952075324146 -0.040585381196753999 0.013702009678402273 -0.0094500575237991876 -0.047186329418231032 0.040819142916595108 -0.029861755968129646 0.058927250204072967 -0.047535011260364857 0.01307830124472574 -0.016449597274411153 0.028309698262080043 -0.0065936672958044123 -0.036657597371433773 0.018890542761796705 0.053366256917184829 0.0072583427403816918 -0.03894600513927135 0.020258565337802615 -0.032765398159849815 -0.036552753256228525 -0.060967938503636424 -0.031933721267003695 -0.03966747183091722 -0.027898437169265558 -0.016116206050054593 0.04638180289864715 -0.022859097292971305 -0.0022644934309483293 0.077978449907269876 -0.0022390467641754965 0.022675234982382636 -0.040279998516613985 -0.027607589912523895 0.080671157583580844 0.067199279828417724 0.050741957594780986 -0.025223909626146401 -0.052767338640188427 0.0041363140156512454 0.020178961545937305 0.061889854929784577 -0.050510824286218663 0.045838047943600975 0.042035355837903299 0.010604092822596913 0.048484980539995726 0.043218872324448855 0.0082723919939129108 -0.038025023424092183 -0.023649675503771467 0.049665285566942517 -0.010441338259641223 0.0043018836967368629 0.034757423054290387 0.061552973881571472 -0.043500992188152843 0.051721706225942292 -0.028604435238639755 -0.021603181303287401 0.018320043167670497 0.029421279199955359 -0.05397067401246175 -0.036492345115902061 -0.045920160303635306 -0.029067297640439995 0.047434385465027359 -0.048923363939684716 0.0059831570499057456 -0.041111512532788858 -0.069894974347028391 0.021946206897703161 -0.0052552134242626128 -0.038906387044535473 -0.068743917387073583 0.050800603403153524 -0.030494161826692193 0.061626608499337182 0.024502432900424771 0.0091444271742129012 0.016176780449624062 -0.01369839669394585 0.010366045696125929 -0.026576347701523936 0.044673900602578455 -0.041300012720122875 0.057051004265797872 -0.0044946151856963294 0.054544179676420779
leaf_weight=236.72885721921921 235.59019922465086 166.15670707821846 25.644997075200081 101.52677896618843 2463.7101761549711 14.214691981673239 4554.8582360669971 43.982663959264755 14.003954246640204 24.870238229632378 127.20626410096884 10770.650296762586 501.65520761907101 44.124690294265747 29.410326570272446 14.021827504038813 126.80235025286674 47.907465890049934 118.93741852045059 65.737501725554466 748.66560871899128 18.603455379605293 50.510441496968269 21.897024035453796 16.172858357429504 94.647075012326241 19.618046835064888 221.43057723343372 36.634215354919434 196.66170533001423 20.228865578770638 31.94113527238369 27.538724973797798 159.77922858297825 63.79861856251955 12.378829911351202 31.268904015421867 28.584434017539024 29.019873693585396 162.42693911492825 677.83024328947067 18.505932703614235 78.160906359553337 14.802149415016173 8.9031172022223455 65.087857007980347 23.645855650305748 83.039756894111633 167.07743537425995 118.77963565289974 63.551567107439041 441.05672939121723 20.053194090723991 66.422016218304634 100.77015081048012 75.957963824272156 34.069338098168373 99.313657939434052 20.478220835328102 29.327933460474014 21.404639974236488 150.86727398633957 172.63094879686832 79.82712309807539 29.09711854159832 931.13954588025808 11.760089635848997 717.50398702919483 19.573302417993546 113.758590310812 212.66887478530407 13.675316169857977 13.215207204222677 11.19944407045841 65.975242584943771 38.969561383128166 315.71837240457535 19.347299560904503 18.486473098397255 40.478586554527283 17.481668516993523 9.4267716780304891 325.65199288725853 36.851294800639153 15.221568197011946 68.512400314211845 48.838738948106766 45.074479252099991 23.984846666455269 412.93549339473248 2693.1846236437559 29.043406397104263 33.484899237751961 13.016481921076773 44.108448207378387 45.024986237287521 794.57701094448566 79.565448649227619 45.576761946082115 18.44034369289875 39.250641211867332 25.634264603257179 123.98731712251902 12.503540217876433 13.285938829183577 131.74469099938869 48.390522480010986 11.919057205319403 68.955260023474693 176.08936697244644 84.533465877175331 11.941607460379599 19.658139333128929 47.565267905592918 35.023228690028191 38.256242588162422 695.80388756096363 150.39508065581322 616.3791790753603 106.26964889466763 19.541888043284416 64.527797400951385 14.548172414302824 16.747145310044289 3407.4201497137547 20.311705052852631
leaf_count=991 1362 973 105 535 10899 61 19834 219 61 129 633 43612 2066 185 122 63 595 197 506 289 3387 78 247 104 70 398 105 1032 187 907 86 134 129 671 284 51 129 133 136 740 3138 88 341 67 77 383 105 400 734 492 273 1893 85 273 432 328 152 430 92 129 91 628 720 432 121 3963 49 3084 84 489 919 58 56 50 298 163 1313 80 78 180 73 50 1474 190 65 299 213 189 104 1702 11051 118 149 54 182 195 3713 367 198 78 187 107 628 57 59 551 222 50 287 738 355 50 84 202 153 159 2902 625 2562 444 81 267 61 69 14075 85
internal_value=4.20973e-07 0.00101929 -0.00392124 -0.000773112 0.00582801 0.0149156 0.00462597 -0.0308121 0.0179003 0.000195992 0.0210309 2.77074e-05 -0.000852249 -0.00414368 -0.00506477 -0.00538019 -0.0235437 0.0149456 -0.00726491 -0.00938596 -0.0103965 -0.0258217 -0.00898384 -0.0310611 0.00410874 0.0137626 -0.00733082 0.017706 -0.00836421 -0.011281 -0.00107418 -0.00865311 0.000136822 -0.00455443 0.00894895 0.0228658 0.0140741 -0.000150784 -0.0105127 0.00547302 -0.0122207 -0.00573967 0.0168228 0.0295649 0.000137282 -0.0231477 -0.0313827 0.000664683 -0.000401826 0.0138066 -0.00149726 -0.000884092 9.80442e-05 -0.00173019 -0.0097539 -0.00648785 0.0103258 -0.0078508 -0.0105042 0.013311 0.0161802 -0.0201787 -0.00683662 0.0140962 0.0283384 -0.0082539 -0.0022747 -0.0115326 -0.0100438 -0.0310381 -0.00820007 -0.00222043 0.0219608 -0.0173238 0.002411 -0.00521808 0.000994183 -0.0285666 0.00534769 -0.017457 -0.0104192 -0.0306682 0.0193381 0.0122143 -0.0141432 0.00937361 -0.0109955 0.0103264 0.00402663 0.00370199 0.00264217 -0.00747123 0.0279047 0.0171775 0.025761 0.00257871 -0.0180928 0.00056377 0.00904992 -0.0032686 -0.00249535 -0.00374581 -0.00381655 -0.0220592 0.00827069 -0.0153132 -0.010413 -0.00735128 -0.00577613 -0.0105042 -0.0184734 -0.0092873 0.0033837 0.00288113 0.00375958 0.0284067 0.00250055 -0.00201598 -0.00562274 -0.0101596 0.0189078 0.0256955 0.00637317 0.00680176 -0.00318287 0.00538022
internal_weight=37724.4 29944.6 7779.75 21813.8 8130.84 949.843 7180.99 58.1974 891.646 18980.4 152.077 18828.3 15432.4 4661.76 4447.18 4417.77 192.109 214.583 2833.41 3315.28 3142.09 263.62 2878.47 164.872 38.0699 725.489 114.265 611.224 2827.96 2019.82 808.145 76.0658 4464.47 4225.66 173.184 109.385 97.0064 4436.93 1983.18 191.447 1791.74 789.299 111.469 92.9631 4408.35 97.6368 88.7337 4310.71 3993.6 285.857 3707.75 3644.19 3467.68 2941.82 1001.46 900.688 525.859 880.635 804.677 491.789 462.461 176.512 705.363 317.106 154.501 2714.48 961.34 1753.14 1651.61 133.332 1518.28 756.814 27.237 1002.44 1940.37 684.885 454.294 58.3169 395.977 230.591 190.113 245.017 597.22 375.789 761.464 2626.14 117.351 2508.78 3395.88 3371.89 3135.16 441.979 138.517 105.032 92.0159 377.491 991.239 162.605 74.6739 949.58 787.916 743.138 4065.88 136.491 338.938 746.243 533.574 485.183 473.264 404.309 272.564 188.031 1874.39 1854.73 1807.17 87.8276 1719.34 1023.54 873.044 722.649 150.492 130.95 52.8044 332.466 3929.39 521.967
internal_count=160737 126029 34708 90023 36006 4572 31434 280 4292 77833 762 77071 63105 19493 18592 18470 888 901 12190 15517 14764 1490 13274 769 174 3319 503 2816 13027 9367 3660 319 19191 17582 753 469 418 19062 9180 876 8304 3634 496 408 18929 565 488 18364 16846 1226 15620 15347 14614 12349 4238 3806 2265 3721 3393 2113 1984 733 2963 1518 751 11684 4090 7594 7059 573 6486 3249 119 4670 8111 2871 1898 243 1655 973 793 1412 2755 1723 3237 11600 512 11088 13966 13862 12871 1820 582 433 379 1577 4620 767 319 4041 3574 3191 16911 685 1533 3172 2253 2031 1981 1694 1143 788 7813 7729 7527 373 7154 4252 3631 3006 621 540 220 1382 16226 2151
is_linear=0
shrinkage=0.05


Tree=49
num_leaves=127
num_cat=0
split_feature=77 75 205 215 153 223 15 244 14 217 153 201 199 155 62 286 208 63 200 239 198 61 63 35 50 148 201 198 155 152 202 200 198 16 83 64 203 63 72 62 38 67 203 190 67 62 60 155 62 61 162 148 62 83 64 199 60 201 151 60 215 202 170 199 60 177 123 202 201 205 198 203 63 148 58 35 45 201 151 61 162 201 61 195 286 201 198 194 203 173 63 198 203 155 198 151 64 26 202 199 63 286 61 200 200 15 199 203 192 201 148 61 202 62 202 148 60 16 203 60 151 78 152 201 123 164
split_gain=58.1151 61.902 48.7067 47.1242 50.7112 45.8535 40.7836 38.373 38.6835 44.6539 43.6324 38.4665 43.6703 38.3467 40.2957 38.2575 34.8066 32.5659 36.8929 36.918 36.5099 34.1008 49.0513 44.2832 39.4103 39.1309 34.7216 32.7105 31.8858 36.7929 41.8342 35.4143 33.3934 31.0918 30.6092 29.8899 29.4445 29.2094 28.2533 27.5046 30.1924 27.3148 27.0138 26.1537 25.5868 25.158 25.0801 30.6785 24.7217 24.7306 30.2561 24.537 30.0238 24.384 26.0191 24.109 24.0323 23.6521 25.6827 24.33 23.5883 45.3551 30.3284 31.2028 23.3862 22.7538 22.4017 22.3736 22.2708 22.0293 21.9522 21.8173 21.8198 21.7473 21.3706 25.8905 21.2082 20.9571 25.5792 22.088 25.1416 21.5275 36.2548 33.513 21.7402 36.595 24.2995 31.8904 24.6757 30.1504 21.7052 20.8271 20.7563 20.5494 20.452 20.3668 20.3664 29.1614 27.7482 27.2216 25.2237 24.7609 20.4348 20.2485 20.1789 20.1394 20.9048 25.7324 19.9689 19.9 19.6538 22.8507 19.6227 30.9998 19.5769 19.5448 19.5382 28.836 21.8496 19.3923 23.2232 21.9028 19.2833 32.9406 25.7638 19.8911
threshold=0.25000000745058065 1.0000000180025095e-35 0.18984999507665637 0.25000000745058065 0.5000000149011613 1.0000000180025095e-35 0.5000000149011613 1.0000000180025095e-35 1.0000000180025095e-35 -0.25000000745058054 0.5000000149011613 0.26288658380508428 0.2578947395086289 1.0000000180025095e-35 0.39347825944423681 0.37500000000000006 1.0000000180025095e-35 0.27061854302883154 0.38478259742259985 1.0000000180025095e-35 0.72549021244049083 0.49473683536052709 0.37886597216129309 1.0000000180025095e-35 1.0000000180025095e-35 0.87500000000000011 0.37886597216129309 0.25294119119644171 1.0000000180025095e-35 1.0000000180025095e-35 0.25652173161506658 0.30217391252517706 0.3980392217636109 1.0000000180025095e-35 1.0000000180025095e-35 0.6608695685863496 0.42499999701976782 0.62113401293754589 1.0000000180025095e-35 0.56304347515106212 1.0000000180025095e-35 0.57995000481605541 0.25833334028720861 1.0000000180025095e-35 0.24155000597238543 0.38913042843341833 0.4607843160629273 1.0000000180025095e-35 0.51739129424095165 0.44473683834075933 1.0000000180025095e-35 0.87500000000000011 0.23478260636329654 1.0000000180025095e-35 0.51304346323013317 0.39210526645183569 0.27254903316497808 0.22938144207000735 0.90000000596046459 0.29215687513351446 0.58333334326744091 0.28478260338306433 1.0000000180025095e-35 0.39210526645183569 0.37058824300765997 1.0000000180025095e-35 1.0000000180025095e-35 0.4086956530809403 0.6520618498325349 0.68445000052452099 0.61764708161354076 0.35833333432674414 0.7345360815525056 0.37500000000000006 1.0000000180025095e-35 1.0000000180025095e-35 1.0000000180025095e-35 0.28092782199382788 0.70000001788139354 0.60789474844932567 1.0000000180025095e-35 0.43298968672752386 0.26842105388641363 1.0000000180025095e-35 0.87500000000000011 0.37371133267879492 0.24901961535215381 1.0000000180025095e-35 0.33055555820465093 1.0000000180025095e-35 0.51030924916267406 0.28431373834609991 0.34722222387790685 1.0000000180025095e-35 0.20784313976764682 0.70000001788139354 0.44565217196941381 1.0000000180025095e-35 0.60434782505035411 0.66315788030624401 0.43298968672752386 0.62500000000000011 0.66315788030624401 0.35869564116001135 0.33695651590824133 1.0000000180025095e-35 0.47631579637527471 0.41388888657093054 1.0000000180025095e-35 0.62113401293754589 0.62500000000000011 0.078947369009256377 0.36739130318164831 0.35869564116001135 0.19782608747482303 0.62500000000000011 0.32745099067687994 1.0000000180025095e-35 0.20277778059244159 0.40588235855102545 0.70000001788139354 0.58333334326744091 1.0000000180025095e-35 0.25257731229066854 1.0000000180025095e-35 1.0000000180025095e-35
decision_type=2 2 2 2 2 2 2 2 2 2 2 2 2 2 2 2 2 2 2 2 2 2 2 2 2 2 2 2 2 2 2 2 2 2 2 2 2 2 2 2 2 2 2 2 2 2 2 2 2 2 2 2 2 2 2 2 2 2 2 2 2 2 2 2 2 2 2 2 2 2 2 2 2 2 2 2 2 2 2 2 2 2 2 2 2 2 2 2 2 2 2 2 2 2 2 2 2 2 2 2 2 2 2 2 2 2 2 2 2 2 2 2 2 2 2 2 2 2 2 2 2 2 2 2 2 2
left_child=1 2 95 5 15 7 34 8 9 42 17 55 -13 14 51 93 60 20 28 21 39 22 25 24 43 -20 -25 -28 44 30 -30 -31 45 46 35 41 -29 68 53 40 110 116 -4 48 -19 103 47 122 49 50 65 70 -53 54 66 -10 -27 -50 59 115 94 -62 -63 -64 -58 -24 114 -49 112 -26 74 -51 -73 -48 75 -14 -23 78 -46 -80 -81 82 -79 84 86 -86 -84 88 89 -88 -91 -87 -21 -5 -17 -1 97 100 99 -98 101 102 -16 -32 -6 106 -15 -108 -7 -41 -11 -112 -18 -114 -3 -59 -2 118 -118 120 121 -120 124 -124 125 -12
right_child=6 38 3 4 104 108 -8 -9 11 10 33 12 13 105 96 16 37 18 19 92 -22 76 23 26 69 56 27 36 29 31 32 -33 -34 -35 -36 -37 -38 -39 -40 109 -42 -43 -44 -45 77 -47 73 67 57 71 -52 52 -54 -55 -56 -57 64 58 -60 -61 61 62 63 -65 -66 -67 -68 -69 -70 -71 -72 72 -74 -75 -76 -77 -78 81 79 80 -82 -83 83 -85 85 91 87 -89 -90 90 -92 -93 -94 -95 -96 -97 98 -99 -100 -101 -102 -103 -104 -105 -106 -107 107 -109 -110 -111 111 -113 113 -115 -116 -117 117 -119 119 -121 -122 -123 123 -125 -126 -127
leaf_value=0.0014502574176993755 0.012305317702166349 0.047239339739268055 -0.048141186113878479 0.0079945867052535757 -0.0079442623310323254 0.027382197852256429 -0.034622814898519948 -0.027646018970054795 0.029162669062855185 -0.0062809048131538875 0.011693442012668094 -0.048897430864075407 -0.0012034775117950613 -0.042860584796335269 -0.012624025628161712 -0.03947594060330728 -0.038320453547625512 -0.0097946606033889258 0.011258295962061848 -0.0039598538138990776 0.043451903609547815 -0.00053863979263630538 -0.00013842524932336115 0.00012432335872685282 0.0037017848301263731 0.0715292801662505 -0.023578351411412748 0.069873321441050254 -0.023447693600100128 0.024967014601574584 0.029290949294407367 -0.043693453925861929 0.051840787637871769 -0.044954598310551375 -0.031282753945393794 -0.03585287854092091 0.024797133866332765 -0.054665539414276654 -0.023141062934654618 0.0023400223601605726 0.032385458043681113 0.018325653311194526 0.0084702473292821417 -0.049306444925424332 -0.00091993895857279951 -0.0036651786236880459 0.002589597255113004 -0.068123516976838036 0.058544197023346206 0.00054220158094723506 0.021824267526285565 -0.042606832949104619 0.027108020956594193 -0.029692602823513589 -0.017202026974921909 0.0012542678459538138 -0.012269102927435566 -0.015575079020669624 -0.057978290652252906 0.0046888858569277062 0.026669530884861348 -0.043629250812852183 -0.042182530375117391 0.028250303802260481 0.044587073074716918 0.024072052248327116 -0.0060006095616922314 0.012627257023516057 0.056904878628539095 -0.020185360767060664 0.049748732902642555 0.018173417449039324 0.071625158868573832 0.072895013408155046 -0.030944789205652315 -0.038858759233923297 -0.026978386633959378 -0.027559393011003904 0.018920083028089507 0.002764789738270516 -0.070786231602657609 -0.00027079188138894419 0.0063702347336741256 0.035781340475309502 -0.036928662826909736 -0.01820919971835044 0.0006935413367075427 -0.024300737968797018 -0.007083396684628482 0.062360625709641015 -0.0073769621946229245 0.039699445108620557 0.074290813598224495 -0.051624884327702458 -0.011051304354773644 0.010071702737826519 -0.0015416785669835837 0.006441190509094862 0.066713259456252422 -0.051329335263122999 -0.03445980979506607 -0.03742540854227424 0.02467208252001199 -0.023704322127701773 0.058944481033770563 -0.082036738554164546 -0.037399769067747161 0.022655946040628181 -0.040984081057086966 0.038144184252735525 0.014490249697899608 -0.020546835057885016 -0.0056813165056949673 0.053041706008493485 0.011546245184434409 -0.069717107888550345 -0.044583598639017223 -0.064636985527961086 -0.012325053443363577 0.021303745333859529 0.012597851565016289 -0.077691668231240796 -0.045074389426364644 0.04395448154299085 0.06132439221450299 -0.022736401525190821
leaf_weight=1496.8274869397283 451.50394521653652 39.264000751078129 77.466726623475552 297.89196170866489 16.173369631171227 180.26292560994625 52.455568999052048 136.60666128993034 100.45550936460495 2215.2570580840111 285.03915052115917 64.591137200593948 1409.5159741342068 76.839621290564537 169.00551761686802 67.997392646968365 20.798304334282875 1034.1378920376301 868.08981684595346 12.197774335741995 38.009134143590927 4257.270215459168 2172.6862817406654 110.73322819173336 140.4174716770649 42.976193964481354 20.132273569703102 64.022929817438126 60.818741232156754 28.31074620783329 201.21856041252613 55.788813948631287 72.280973598361015 21.965355217456818 43.501493446528912 33.09475901722908 83.449993655085564 16.814052611589432 71.911409929394722 386.19625254720449 46.288796305656433 858.04708817601204 28.946706935763359 23.675751209259033 808.11303628981113 123.03958687186241 16.448840528726578 19.657136783003807 11.697769820690153 197.99060045182705 187.80096358060837 17.600005760788918 126.06197579205036 40.520006224513054 87.611948788166046 336.9300165772438 27.425186276435852 69.928230836987495 29.601426258683205 138.95008321106434 33.234809808433056 224.65961066633463 29.335867673158646 33.891305923461914 53.111653476953506 101.58554919064045 183.77987486124039 15.219287991523741 25.968405246734619 308.7334381043911 19.449142932891846 361.84598819166422 20.156247839331627 33.200782433152199 68.776351779699326 47.176673069596291 77.221028849482536 172.65510173141956 381.25251397490501 70.747000023722649 13.901662245392798 5224.9220417663455 503.10125704109669 51.869600459933281 124.72502750903368 31.833098769187927 783.79060110449791 209.79253186285496 2028.4605907723308 35.111534982919693 16.354654923081398 30.311285674571991 27.7631616294384 15.190183803439139 912.72508239746094 1263.0509047061205 268.17272401601076 96.268101170659065 13.474429383873938 30.585436761379242 267.27186074852943 77.752608224749565 46.923814788460732 19.797710120677948 37.231653921306133 17.104369506239891 33.392174378037453 38.288525432348251 11.35370898246765 43.143958196043968 51.656416192650795 469.40462589263916 63.378144636750221 34.822161212563515 1779.3682340309024 21.885544084012508 25.431079179048538 18.268945425748825 89.143729940056801 102.7531952559948 93.610831573605537 14.96688576042652 11.653087362647055 95.843827679753304 23.010233625769615 49.188951060175896
leaf_count=6294 2071 171 384 1251 72 784 261 606 423 9218 1215 299 5964 329 706 314 94 4395 3640 52 169 17862 9116 463 593 192 83 264 257 120 843 250 307 93 192 165 348 78 304 1641 191 4120 128 97 3322 519 69 83 49 831 784 79 565 175 373 1442 128 287 129 580 196 1228 179 161 245 438 790 66 121 1291 80 1522 84 147 291 197 324 728 1633 303 59 21816 2100 216 601 144 3254 867 8453 148 67 135 120 66 4044 5506 1163 413 58 132 1130 342 197 82 192 72 144 162 53 181 221 2007 294 161 7834 103 112 78 381 475 442 75 51 420 97 211
internal_value=1.46929e-07 -0.000437568 -0.000968556 -0.00153654 -0.00931881 -0.00104702 0.00881141 -0.00120864 -0.0010831 -0.000420188 -0.000284428 -0.00615439 -0.008247 -0.00731712 -0.00586263 -0.0107618 -0.0141552 -0.000599575 0.00010516 0.0024487 -0.0052647 0.00224464 0.00503407 0.00260199 0.00118723 0.0150049 0.0218507 0.0362049 -0.00172419 0.00991332 0.0152878 -0.02058 0.0209463 0.0133777 0.0101281 0.0111961 0.0443662 0.00771743 0.00768355 -0.00584119 -0.00765865 0.0121376 -0.0327417 0.00305832 -0.00229111 0.0144559 0.0157104 0.0123423 0.00343241 0.00472385 0.00253576 -0.00119795 0.0185673 0.00872396 0.00946876 0.00766407 0.0413371 -0.0110078 -0.0141327 -0.00850832 -0.0168733 -0.0286352 -0.0350198 -0.00442881 0.0252259 0.000942991 0.0106357 -0.0328857 0.0149529 -0.0127176 -0.00303592 0.0140123 0.0209938 0.0496029 -0.0037089 -0.00242299 -0.00100968 -0.00155117 0.0044595 0.0137902 -0.00931433 -0.00238236 -0.00514885 -0.00413472 -0.00468485 -0.0213103 -0.00381621 -0.00548363 -0.00410511 0.00312781 0.0401998 0.0100361 0.0504054 0.00510196 -0.0130221 0.00539584 -0.0139875 -0.0189826 -0.00347319 -0.0066387 -0.0233457 -0.0132311 -0.00451917 0.0245439 0.0386877 -0.0306595 -0.0247427 -0.00532077 0.0233313 0.00593795 -0.00833605 -0.0170734 0.00579801 0.0151421 0.0123169 -0.0284809 0.00546459 -0.00350938 -8.28133e-05 0.00368357 -0.0054734 -0.0217221 0.0157365 0.0343034 0.0101495 0.00662634
internal_weight=37670.4 35887.6 33685.1 30925.3 1830.11 29095.1 1782.78 28903.5 28766.9 25441.3 25334.9 3325.64 2888.25 2823.66 2658.03 1776.71 1463.63 24763.6 21513.7 9431.35 3249.96 9391.39 5056.9 4065.29 3786.96 991.603 278.338 167.605 12082.3 561.255 477.156 84.0996 416.337 571.227 1730.32 1686.82 147.473 161.781 2202.46 3211.95 2782.61 1653.73 106.413 3337.8 11521.1 344.056 549.261 499.612 3314.13 3042.07 2462.07 1688.58 143.662 2130.54 2090.02 437.386 123.513 272.063 260.365 230.764 1301.84 321.122 287.887 63.2272 80.5368 2274.27 2002.41 34.8764 144.967 449.151 1544.92 579.993 382.002 49.6496 1525.47 1456.69 4334.49 10486.9 1274.01 465.901 84.6487 9212.93 3988.01 3815.35 3763.48 186.869 3576.61 3073.51 2863.72 835.257 51.4662 62.1444 39.9609 313.082 980.722 2759.88 969.454 657.222 312.233 298.758 560.954 293.682 215.929 221.016 53.405 165.625 148.52 71.6807 191.617 429.34 2736.32 521.061 118.999 98.2003 1818.63 91.8138 795.679 344.175 325.906 300.475 197.721 104.111 464.735 107.497 357.238 334.228
internal_count=160737 152365 142718 130918 8451 122467 8372 121630 121024 106836 106324 14188 12323 12024 11317 8187 6870 103872 90244 39625 13628 39453 21267 17062 15904 4205 1158 695 50619 2378 2008 370 1751 2452 8111 7919 612 748 9647 13459 11637 7754 512 14020 48241 1444 2359 2143 13923 12775 10338 7176 644 9343 9168 1865 565 1148 1099 970 6122 1764 1568 340 373 9554 8795 149 670 1884 6532 2437 1606 216 6452 6161 18186 43846 5317 1995 362 38529 16713 15985 15769 880 14889 12789 11922 3469 215 279 172 1317 4358 11800 4141 2788 1353 1295 2375 1245 903 925 264 707 635 306 837 1822 11446 2228 549 455 8005 390 3634 1563 1485 1373 898 456 1994 471 1523 1426
is_linear=0
shrinkage=0.05


Tree=50
num_leaves=127
num_cat=0
split_feature=13 151 151 13 16 13 65 151 239 63 69 39 148 152 34 72 223 151 202 154 198 58 60 200 39 216 199 62 199 14 163 70 238 64 35 176 61 201 31 63 62 65 62 62 65 64 201 61 148 198 65 65 37 14 47 64 199 153 202 200 202 60 37 199 60 60 63 162 205 152 15 155 65 58 198 61 65 15 58 175 60 61 62 79 64 64 201 203 201 171 180 286 60 192 199 63 217 65 199 60 194 203 205 199 216 216 61 198 63 199 216 199 217 195 58 24 69 200 154 64 60 210 198 198 198 188
split_gain=55.6703 91.9056 62.2766 50.545 33.8778 35.5228 32.8464 29.5605 26.579 25.7836 32.8923 29.1758 27.1286 24.208 30.5815 24.113 27.0131 26.2405 27.373 23.9089 23.5709 23.2546 26.1804 27.1498 31.1927 26.3089 29.5504 31.0546 29.0632 25.5735 24.3512 23.2033 25.0325 23.7674 23.5655 25.4468 24.9552 23.7297 22.9587 23.143 22.7755 22.5426 28.2448 22.2457 25.1867 36.295 22.9085 22.2327 22.2159 24.0484 22.1007 27.7799 22.0774 21.8542 26.7441 24.0159 22.848 24.673 23.6753 34.1082 23.1253 22.3414 37.5349 21.9756 21.6138 23.2016 23.3173 22.9639 21.5789 23.2317 28.4972 28.0862 25.5021 29.7172 26.843 25.4228 23.9098 23.8539 25.714 21.3769 21.8662 21.2858 21.2459 21.1845 22.211 29.3561 21.2321 28.8009 26.7527 49.431 29.1923 28.4105 26.3533 21.1808 23.8512 21.0906 22.1349 20.953 22.7514 28.5142 25.5825 21.042 20.8588 20.8287 30.0547 29.8894 29.6581 20.6912 20.6676 21.4571 20.8978 22.4499 20.5724 27.0109 20.5635 20.5058 21.4091 23.13 20.3764 20.3481 24.3054 26.364 20.2524 33.7068 30.8128 27.5087
threshold=0.90000000596046459 0.70000001788139354 0.90000000596046459 0.5000000149011613 1.0000000180025095e-35 0.70000001788139354 0.76111111044883739 0.30000000447034841 1.0000000180025095e-35 0.48195876181125646 1.0000000180025095e-35 1.0000000180025095e-35 0.87500000000000011 1.0000000180025095e-35 1.0000000180025095e-35 1.0000000180025095e-35 1.0000000180025095e-35 1.0000000180025095e-35 0.38913042843341833 1.0000000180025095e-35 0.19803921878337863 1.0000000180025095e-35 0.29215687513351446 0.36739130318164831 1.0000000180025095e-35 0.25000000745058065 0.45000000298023229 0.56304347515106212 0.41842105984687811 1.0000000180025095e-35 1.0000000180025095e-35 1.0000000180025095e-35 1.0000000180025095e-35 0.39347825944423681 1.0000000180025095e-35 1.0000000180025095e-35 0.62894734740257274 0.48195876181125646 1.0000000180025095e-35 0.59536081552505504 0.7130434811115266 0.36944444477558142 0.31086955964565283 0.38913042843341833 0.51388889551162731 0.35434782505035406 0.44072164595127111 0.38157895207405096 0.87500000000000011 0.37058824300765997 0.69166666269302379 0.62500000000000011 1.0000000180025095e-35 1.0000000180025095e-35 1.0000000180025095e-35 0.43695650994777685 0.48684209585189825 1.0000000180025095e-35 0.53043478727340709 0.34565217792987829 0.28478260338306433 0.35098040103912359 1.0000000180025095e-35 0.68684211373329174 0.23725490272045138 0.21764706075191501 0.66752576828002941 1.0000000180025095e-35 0.88530001044273388 1.0000000180025095e-35 0.5000000149011613 1.0000000180025095e-35 0.22777777910232547 1.0000000180025095e-35 0.39019608497619634 0.57631579041481029 0.18888889253139499 1.0000000180025095e-35 1.0000000180025095e-35 1.0000000180025095e-35 0.61764708161354076 0.68157896399497997 0.33260868489742285 -1.0000000180025095e-35 0.45869565010070806 0.29782609641551977 0.64175257086753856 0.29722222685813909 0.38917525112628942 1.0000000180025095e-35 1.0000000180025095e-35 0.37500000000000006 0.31176471710205084 1.0000000180025095e-35 0.41842105984687811 0.5850515365600587 0.25000000745058065 0.61388888955116283 0.41315789520740515 0.44901961088180548 1.0000000180025095e-35 0.50833335518836986 0.23875000327825549 0.42368420958518987 0.41666667163372045 0.41666667163372045 0.83421051502227794 0.43921568989753729 0.32216493785381323 0.25000000000000006 1.0000000180025095e-35 0.2578947395086289 1.0000000180025095e-35 1.0000000180025095e-35 1.0000000180025095e-35 1.0000000180025095e-35 1.0000000180025095e-35 0.29347826540470129 1.0000000180025095e-35 0.56304347515106212 0.23725490272045138 1.0000000180025095e-35 0.48627451062202459 0.44901961088180548 0.61764708161354076 1.0000000180025095e-35
decision_type=2 2 2 2 2 2 2 2 2 2 2 2 2 2 2 2 2 2 2 2 2 2 2 2 2 2 2 2 2 2 2 2 2 2 2 2 2 2 2 2 2 2 2 2 2 2 2 2 2 2 2 2 2 2 2 2 2 2 2 2 2 2 2 2 2 2 2 2 2 2 2 2 2 2 2 2 2 2 2 2 2 2 2 2 2 2 2 2 2 2 2 2 2 2 2 2 2 2 2 2 2 2 2 2 2 2 2 2 2 2 2 2 2 2 2 2 2 2 2 2 2 2 2 2 2 2
left_child=1 3 21 7 5 9 8 20 15 10 12 38 -3 53 -15 16 17 18 -5 114 50 22 40 108 25 26 27 28 30 48 41 32 34 -33 35 93 43 -37 39 95 -2 42 -25 44 45 -36 -47 -12 49 -30 51 -1 -28 55 56 64 58 63 59 60 -55 81 -63 -58 65 -7 -67 103 69 72 71 77 74 79 -4 -73 -76 78 -71 80 -74 -57 -14 84 85 -9 88 -88 91 90 -90 -85 -92 119 -95 96 -11 112 -99 100 -100 -101 -81 105 106 -66 118 -43 110 -110 111 -24 -22 -114 -6 116 117 -111 -105 120 121 -19 123 125 -124 -122
right_child=2 4 68 6 19 13 -8 83 -10 11 47 -13 82 14 -16 -17 -18 31 -20 -21 97 -23 23 24 -26 -27 52 -29 29 -31 -32 33 -34 -35 36 37 -38 -39 -40 -41 -42 107 -44 -45 -46 46 -48 -49 -50 -51 -52 -53 -54 54 -56 61 57 -59 -60 -61 -62 62 -64 -65 67 66 -68 -69 -70 70 -72 75 73 -75 76 -77 -78 -79 -80 102 -82 -83 -84 86 -86 -87 87 -89 89 -91 92 -93 -94 94 -96 -97 -98 98 99 101 -102 -103 -104 104 -106 -107 -108 -109 109 115 -112 -113 113 -115 -116 -117 -118 -119 -120 -121 122 -123 124 -125 -126 -127
leaf_value=-0.013477440275447575 -0.0022133186281226461 0.012801171634219639 -0.029127281530669048 -0.047307970752023622 -0.014328911230107913 0.0064258509762826523 -0.031047166070850438 0.011209093304186927 0.03533915204680492 0.0024271573768049949 -0.077073515638867329 0.040644162622980165 0.0100129602406549 0.01449535756125226 -0.042415232913325523 -0.022305098727406922 0.037113083059317688 -0.012177865622123233 -0.0019914851588839506 0.057834360023213474 -0.00042667220270217867 -0.03225754984953267 0.041314777955176518 0.084681722537098061 0.037797471974752611 -0.035761069149105477 -0.014409482987629951 -0.046359482610438346 0.037066336784832947 -0.040898274131821691 0.036170292803068986 -0.0048355593369819993 -0.031956309460246919 -0.037120993199366063 0.020266096877328707 -0.033859008231567143 -0.058275113382041159 -0.0051498210736919785 -0.05367686134210297 0.013014820481914997 0.050246732441428292 -0.02546821542603242 0.00027198771706272008 0.032036198448825423 0.019615085220248685 -0.065634476923635707 -0.0024366158262430042 -0.0052184134041518507 0.091394187358136189 -0.022631164301896572 -0.066407658155977697 0.030538416023751982 0.025703969004064287 -0.049584654960529218 0.045170215881302926 0.019868601195060058 0.009109362992813199 -0.068240558340447177 0.015737664014081054 -0.040572153945748139 0.0087914031983301315 0.0044134008550130348 -0.083298316537377001 -0.033490309824767216 -0.0035751149638016781 -0.027595057619019897 0.039312699770356667 0.016305789208364119 -0.0050785559781020562 0.016176878206480942 0.054209930331279146 -0.081239921065954845 0.0028474353198996009 0.028851330562899371 0.033704891662682097 0.013930260655932234 -0.024364134694460221 -0.039377646141035748 -0.053256168437143585 0.022145350959621134 -0.029006455321210319 -0.036851274305253957 0.040452262867873262 0.0033035823923717785 0.02013595796331559 -0.046362157053013268 0.039407009000811316 0.008551742368956677 -0.00085623757426331001 0.033453442229796952 0.00034304177029424786 0.014934286739527106 -0.066187622549266786 -0.04206294888393497 -0.0068572831100334091 -0.033596530584654574 -0.052539129554660648 -0.0059454413060782141 0.0109906858170448 0.055850367755046607 -0.03277208312388484 -0.0011144767121726259 -0.027977972690285492 0.0020591214543854578 0.076644624705480321 -0.053458703998329693 0.071446251348450646 0.02812082474734048 -0.054390984734811493 -0.0030230978418894845 0.051467631726123064 -0.012512575050703596 -0.014120960484580423 0.044456111290560811 0.042151623091361466 -0.037082965862644091 -0.065331612123688987 -0.021210493661273411 0.043226295550513057 -0.013480568360881691 -0.0012906576514051023 0.054831618679209271 -0.020296204971210027 0.022143013030962791 0.011530734194472337 0.011007427132486312
leaf_weight=410.38528551161289 873.66278619319201 1523.5197803378105 138.46781502664089 69.504041366279125 340.57050882279873 111.31772656738758 110.62583827227354 32.875185504555702 43.564312592148781 710.66832726448774 14.28911282122135 54.91109000146389 85.898344732820988 626.40935519337654 24.52985417842865 172.51388254761696 40.931107372045517 590.1746303960681 64.015522480010986 12.821839988231657 6442.3361075669527 103.95107071101665 21.384653329849243 12.583979249000548 39.940185517072678 75.056169353425503 581.16847858577967 27.293789356946945 92.412192523479462 12.623254269361494 36.644811064004898 132.32528816908598 72.258867964148521 100.14661422371864 44.318971320986748 125.68271081149578 12.736448869109152 168.43775543570518 17.36808454990387 466.28428556025028 21.191318497061729 131.69335614144802 46.647105909883976 105.15152420848608 121.53437808156013 34.772715024650097 24.402354225516319 43.649895429611206 14.759043440222738 20.637303277850151 17.820112004876137 39.277847439050674 36.452607974410057 21.283322438597679 23.828528210520744 466.00920940935612 249.01512140035629 12.35865034162998 42.33129808306694 143.34728462994099 83.617178648710251 331.67664878070354 12.662876337766646 34.463788852095604 714.94710765779018 170.33751629292965 14.099509567022322 275.20446541905403 1390.9822932258248 440.02105312049389 36.960774943232536 15.995623022317888 2014.0975588560104 98.169142454862595 40.816682204604149 12.501444414258001 31.335758477449417 21.880088701844215 13.751208752393721 25.59149207174778 55.355897217988968 17.149625778198242 172.33437965065241 1709.1167747676373 32.20553158223629 67.824718177318573 87.297798782587051 565.80162078142166 2546.6964589729905 104.18105085194111 27.16211511194706 757.88838218152523 32.928913429379463 68.065070539712906 164.0848812609911 46.85260671377182 18.800245136022568 238.74853663146496 498.38294123113155 58.122169300913811 35.792658135294914 22.481578230857849 109.85802288353443 1114.6881442517042 14.461754962801932 31.345588929951191 16.128942593932152 20.866553112864494 43.080590456724167 299.25546325743198 16.122588068246841 205.69751037657261 432.11662276089191 20.618958875536919 16.915792554616928 123.65022807568312 20.610450610518456 420.38746619969606 30.891392037272453 349.88113882392645 3907.8595549166203 15.052785754203795 264.25191594660282 181.19445971399546 106.77472168207169 514.5879425406456
leaf_count=1680 4062 6979 620 361 1456 473 474 139 184 3227 62 257 444 2803 104 733 170 2461 323 59 26222 495 102 56 175 404 2720 133 417 62 165 567 314 441 182 530 53 694 76 2147 90 620 222 435 506 147 101 189 61 95 72 162 162 89 102 2031 1066 51 187 616 356 1478 52 144 3000 719 60 1190 6094 1895 170 68 8591 417 180 60 141 90 56 107 238 72 946 7010 139 284 357 2334 10499 439 110 3148 134 296 685 211 85 970 2023 237 144 91 464 4754 69 179 70 93 216 1405 78 959 1786 86 71 611 100 2014 132 1474 16252 63 1129 800 450 2132
internal_value=8.70304e-08 0.000978848 -0.00377816 -0.000712434 0.00552362 0.00623076 -0.00400114 0.00105132 -0.0036019 0.010314 0.0141356 0.00496715 0.0153412 0.00341961 0.0123508 -0.00382959 -0.00339166 -0.00362074 -0.0255811 -0.00925022 -0.000893697 -0.00898442 -0.00822693 -0.0110512 -0.00561432 -0.00717801 -0.00510278 0.00519557 0.00881411 0.026995 -0.0014629 -0.00320798 -0.00268236 -0.0187438 -0.00237124 -0.00304966 0.0104013 -0.0174177 0.0034123 0.00421025 -0.000970996 -0.00797432 0.0182053 0.0130504 0.00417872 -0.0139484 -0.0395732 -0.0229396 0.0337006 0.0261685 -0.0117969 -0.00963268 -0.0120419 0.00194075 -0.00675594 0.00353884 -0.00886592 0.000915384 -0.0188242 -0.0247177 -0.00305255 0.0109196 0.00118786 0.00393033 0.00108935 -0.0116004 -0.0224802 0.00279709 8.37205e-05 0.00243433 0.0118322 0.00872541 0.000411281 0.00193427 -0.0162422 -0.0394895 0.00848555 0.011614 0.0140728 0.000735843 0.00199537 0.0178553 0.030327 0.0037308 -0.0160077 -0.027567 0.00418069 0.0126761 0.00310917 -0.00031927 -0.00166901 0.00687665 -0.0361147 -0.00236384 -0.0171794 -0.00107807 0.00101054 -0.000235892 0.00715407 0.0122412 0.00805834 0.039962 -0.0185078 0.000863296 0.00500894 -0.00567031 0.00411717 -0.0181385 -0.0164815 -0.0199522 -0.00353822 -0.00744358 -0.00115068 -0.0114532 -0.0116563 -0.0182348 -0.0150865 -0.0136475 0.00316922 -0.00178382 -0.00105039 -0.0105113 0.00010064 0.00100633 -0.011137 0.000140325
internal_weight=37635.5 29891.9 7743.56 21784.9 8106.99 7736.68 7604.85 14180.1 7494.22 3154.58 1839.69 1314.88 1781.75 4582.1 650.939 7450.66 7278.15 7237.21 133.52 370.308 8216.08 3297.77 3193.82 2298.97 1148.78 1108.84 1033.78 416.161 388.868 140.432 248.436 7103.69 6871.22 232.472 6798.96 6456.05 342.916 294.12 1259.97 1242.61 894.854 211.791 59.2311 330.18 225.028 103.494 59.1751 57.939 127.809 113.049 467.483 449.663 617.621 3931.17 610.245 3320.92 586.417 295.838 290.579 248.248 104.901 827.498 344.34 283.479 2493.42 295.755 184.437 2197.67 4445.78 3054.8 541.11 504.149 2513.69 2303.07 210.62 28.4971 72.1524 475.652 453.772 2204.9 2069.45 483.159 258.233 5963.98 132.905 100.7 5831.07 653.099 5177.97 2710.97 2606.79 2467.01 60.091 6161.93 232.15 776.321 729.469 7748.6 853.528 614.779 534.176 80.6037 135.45 1922.46 1176.17 746.293 1161.71 152.56 1150.19 906.984 243.205 227.082 6895.07 452.736 357.486 863.904 740.253 719.643 1145.58 5929.78 5579.9 605.227 4974.67 4603.64 371.027 4422.45
internal_count=160737 126029 34708 90023 36006 34420 31957 58066 31483 14623 8620 6003 8369 19797 2907 31299 30566 30396 684 1586 33473 15517 15022 10870 5385 5210 4806 1924 1791 635 1156 29712 28704 1008 28390 26966 1424 1224 5746 5670 4152 991 278 1371 936 430 248 251 573 512 1914 1842 2882 16890 2611 14279 2509 1261 1248 1061 445 3633 1530 1210 10646 1252 779 9394 19191 13097 2339 2169 10758 9817 941 128 321 2041 1951 9400 8829 2103 1390 24593 562 423 24031 2691 21340 11182 10743 10158 244 25742 981 3523 3312 31559 3465 2495 2167 328 571 8204 5025 3179 4956 713 5485 4346 1139 1061 28094 1872 1527 4130 3519 3419 4886 24761 23287 2524 20763 19184 1579 18384
is_linear=0
shrinkage=0.05


Tree=51
num_leaves=127
num_cat=0
split_feature=77 75 13 151 151 15 208 214 13 151 62 67 148 205 83 64 77 188 199 286 151 152 62 17 60 72 201 62 154 200 101 199 201 154 65 53 83 64 54 64 64 64 202 75 210 199 201 202 123 67 199 200 64 123 151 62 65 148 60 62 201 202 60 64 148 202 205 175 62 201 250 202 16 38 85 67 15 16 148 60 199 148 151 170 62 169 151 62 65 172 67 205 201 201 201 199 199 60 72 200 202 64 200 207 62 210 79 199 64 201 26 62 286 207 64 64 151 60 64 64 60 199 199 67 202 13
split_gain=52.2648 55.4826 55.3589 68.1136 51.3326 37.1213 33.0321 37.1256 33.0263 32.6405 32.1094 31.5543 28.9074 28.6143 27.128 26.3587 26.6673 25.5594 30.0086 25.4558 25.1504 34.6849 25.4468 26.5884 28.6816 24.8816 24.1128 23.012 22.5419 22.4285 22.3787 22.113 37.8496 26.0953 23.2681 23.1699 21.9656 23.6281 21.9073 21.427 36.7663 30.6514 25.6243 20.5481 20.0698 20.4352 19.6933 44.4042 21.6945 22.0396 21.0495 21.308 21.7049 19.4921 19.4798 19.3561 19.9865 24.59 24.3228 24.1732 24.4042 23.159 20.6822 39.518 19.2974 19.2079 21.2485 20.7064 22.8606 19.1923 18.8626 28.5755 19.1156 18.5326 18.3661 18.1201 19.7052 18.0512 17.9701 21.6306 17.9165 21.3364 17.7843 18.0486 17.743 17.6145 17.4148 17.3907 17.2214 17.0706 16.7733 19.316 16.7389 24.6799 21.4003 24.3551 21.3065 17.9952 16.716 16.6399 19.0848 16.6013 24.9212 16.5997 16.5849 16.5471 16.5326 16.4915 18.0346 23.9775 20.2508 16.3491 16.2166 18.6755 19.383 16.3576 16.1907 27.0167 44.983 25.9077 17.0266 19.7804 16.1084 16.0259 16.0047 15.9336
threshold=0.25000000745058065 1.0000000180025095e-35 0.90000000596046459 0.90000000596046459 0.90000000596046459 0.5000000149011613 1.0000000180025095e-35 0.41666667163372045 0.70000001788139354 0.5000000149011613 0.38913042843341833 0.022850000299513343 0.87500000000000011 0.3010499924421311 1.0000000180025095e-35 0.6608695685863496 0.58333334326744091 1.0000000180025095e-35 0.45000000298023229 0.87500000000000011 0.5000000149011613 1.0000000180025095e-35 0.61956521868705761 1.0000000180025095e-35 0.23137255012989047 1.0000000180025095e-35 0.27577318251132971 0.50217390060424816 1.0000000180025095e-35 0.28913043439388281 1.0000000180025095e-35 0.41842105984687811 0.64175257086753856 0.75000000000000011 0.21388889104127887 1.0000000180025095e-35 1.0000000180025095e-35 0.51304346323013317 1.0000000180025095e-35 0.56304347515106212 0.53043478727340709 0.60434782505035411 0.34565217792987829 0.75000000000000011 1.0000000180025095e-35 0.35526315867900854 0.7345360815525056 0.56304347515106212 1.0000000180025095e-35 0.87465000152587902 0.57631579041481029 0.47173912823200231 0.45217391848564154 1.0000000180025095e-35 0.70000001788139354 0.21956521272659305 0.31666667759418493 0.87500000000000011 0.41960784792900091 0.45000000298023229 0.51030924916267406 0.6347826123237611 0.35098040103912359 0.40000000596046453 0.87500000000000011 0.46739129722118383 0.012550000101327898 1.0000000180025095e-35 0.57826086878776561 0.69329896569252025 1.0000000180025095e-35 0.49782608449459081 1.0000000180025095e-35 1.0000000180025095e-35 1.0000000180025095e-35 0.6318500041961671 0.83333334326744091 1.0000000180025095e-35 0.87500000000000011 0.35098040103912359 0.47105263173580175 0.37500000000000006 0.30000000447034841 1.0000000180025095e-35 0.21956521272659305 1.0000000180025095e-35 1.0000000180025095e-35 0.40652173757553106 0.54166665673255932 1.0000000180025095e-35 0.2083999961614609 0.70094999670982372 0.4097938090562821 0.27577318251132971 0.41494844853878027 0.58421051502227794 0.33947369456291204 0.37647059559822088 1.0000000180025095e-35 0.26521739363670355 0.51304346323013317 0.2326086908578873 0.31086955964565283 1.0000000180025095e-35 0.33695651590824133 1.0000000180025095e-35 -1.0000000180025095e-35 0.26842105388641363 0.52391305565834057 0.29639174044132238 1.0000000180025095e-35 0.21956521272659305 0.87500000000000011 1.0000000180025095e-35 0.25652173161506658 0.42826087772846227 0.70000001788139354 0.33137255907058721 0.36739130318164831 0.41521738469600683 0.48627451062202459 0.39210526645183569 0.78157895803451549 0.078050002455711379 0.27173914015293127 1.0000000180025095e-35
decision_type=2 2 2 2 2 2 2 2 2 2 2 2 2 2 2 2 2 2 2 2 2 2 2 2 2 2 2 2 2 2 2 2 2 2 2 2 2 2 2 2 2 2 2 2 2 2 2 2 2 2 2 2 2 2 2 2 2 2 2 2 2 2 2 2 2 2 2 2 2 2 2 2 2 2 2 2 2 2 2 2 2 2 2 2 2 2 2 2 2 2 2 2 2 2 2 2 2 2 2 2 2 2 2 2 2 2 2 2 2 2 2 2 2 2 2 2 2 2 2 2 2 2 2 2 2 2
left_child=1 2 3 6 28 14 7 8 9 31 12 -10 85 -11 15 16 -2 18 19 70 21 -13 23 55 -25 36 -14 106 54 -26 44 32 33 35 -34 105 37 43 112 40 75 42 -41 53 73 -46 48 50 69 87 -48 52 122 90 -4 -22 61 58 62 60 -60 64 98 -64 -57 66 -56 68 89 123 72 -72 -12 74 -15 76 111 101 79 -43 -62 -82 83 -71 -36 -5 -85 -50 -75 -67 -3 -92 93 -68 95 -94 -95 -98 -58 -23 -101 102 -18 -96 -7 -1 -20 -8 109 110 -109 -6 113 114 -9 -116 117 -103 -119 -120 -118 -122 -52 -33 -55 -121
right_child=5 25 4 10 39 104 107 38 11 13 17 20 26 30 -16 -17 77 -19 27 -21 22 99 -24 24 29 -27 -28 -29 -30 -31 -32 46 34 -35 84 -37 -38 -39 -40 41 -42 78 -44 -45 45 -47 47 -49 49 -51 51 -53 -54 124 65 56 57 -59 59 -61 80 -63 63 -65 -66 67 92 -69 -70 82 71 -73 -74 88 -76 -77 -78 -79 -80 -81 81 -83 -84 86 -86 -87 -88 -89 -90 -91 91 -93 94 96 103 -97 97 -99 -100 100 -102 116 -104 -105 -106 -107 -108 108 -110 -111 -112 -113 -114 -115 115 -117 120 118 119 125 121 -123 -124 -125 -126 -127
leaf_value=-0.0061703063238955271 0.0076912316386816186 -0.00083666690851850469 -0.017116036388073786 0.010765578196674832 -0.027687513880449922 0.0067822303442055783 -0.016347581764736673 0.030004231738885126 -0.046012858391689851 0.01315293389565679 0.0012505212392855067 -0.01740303900131724 -0.015427177060797543 0.001266845635056428 -0.029351751160218917 -0.033826191213319888 0.050522283447554231 0.023849770395635718 -0.043497285277627598 -0.041120043092166457 -0.016172102104578662 0.057856440519607345 -0.024990110986788897 0.043429984655036419 0.0055244044447850795 -0.021626104228748957 0.038296872941692886 0.023954864243128704 0.008346491362777193 -0.034787765091997394 -0.039163700979754815 -0.015992810086277155 0.040169998881759351 -0.057339261044598716 -0.034322907446827457 -0.043154717880181513 -0.028257373415202621 -0.016455897254347811 0.043170108392241557 -0.00036752934974922466 -0.037971453181082832 -0.035324118908774453 0.039329792535798748 0.029662517210682256 0.069357570127483711 0.013372916824092885 -0.044084717891175108 0.026893985694342138 0.034029643366001672 -0.00061840797808985484 0.034053813939922649 -0.054867150378313634 -0.046540500486643592 -0.039209836148752029 0.036328693750624197 0.0039756245859209989 0.0011815942024923269 -0.023060558685008045 0.015660626663565772 0.034301666760875517 -0.043344905754404438 0.065330442175963191 0.0019590193696343806 -0.023247890369367873 0.038229216474208419 -0.025943194352305798 0.0018810613798072079 0.025732922363849123 0.048555995589389167 0.018914177053651299 -0.062566082249035745 0.02124502728752993 -0.046731232783947377 0.023609640837449888 -0.041446672947709623 0.0015639781232769977 -0.043643014295431506 -0.023100361236774117 0.034212428870613341 0.010578571393300883 -0.025576436234643497 0.054114826518543872 0.034263700430956806 0.015694093993942525 0.0059824459775269963 -0.043682255956736527 -0.051719152063232035 -0.014958025280999019 -0.011304214503152032 0.014285795148384909 0.021081404736277936 0.0085942801707578811 0.040551054216115219 -0.055154998993796639 -0.0030115706485963848 -0.034932757399361671 -0.0089333268203311954 -0.03354314862105981 -0.03197214058746347 -0.0060736130160166327 0.043259039412303815 0.033851231417267508 -0.058991344521064353 -0.05086508658789754 -0.0530729057857528 0.023007838860641221 0.0028979651821555551 0.029252088136818906 0.028109182622272536 0.0033479446863855125 -0.038026585113890954 -0.0036061597253766852 -0.046429682942876638 0.040832044837120628 -0.035817795820687851 0.0013244062765636572 0.041477551988443689 0.060341326909454478 -0.076081812913214711 -0.05511895948889764 -0.046583651753562993 0.050022346816588174 -0.018650454724690329 -4.4325394550251587e-05 4.5770696131504013e-06 0.010231712993138162
leaf_weight=3199.6858336180449 1205.4814391806722 276.27524595707655 883.40164733678102 1242.5572630912066 73.949781909584999 17.3349429666996 67.914174422621727 17.037247389554977 45.634735986590385 642.35664908587933 313.26926304399967 634.59767975658178 24.009762331843376 4624.3426084816456 43.481610327959061 32.66318541020155 8.3290501832962054 112.88081242144108 20.350008964538574 59.949188426136971 194.52030377089977 16.224033445119858 122.72078336775303 16.681998789310455 45.588858395814896 71.980751127004623 160.52046729624271 143.47697316110134 159.38263183832169 141.90343638509512 32.887829065322876 160.84708677232265 48.1313197016716 25.139610767364502 28.71560674905777 41.883698701858521 40.386384829878807 87.517514362931252 13.009593300521372 63.536258667707443 70.741745963692665 60.252625294029713 112.8583710193634 125.62419571727514 19.014433786273003 114.16760012507439 83.680784851312637 51.722544610500336 129.53642027080059 135.44868491590023 40.599848687648773 21.275316581130028 18.35172675549984 31.602173790335655 29.80474591255188 591.56118385493755 1596.5451827347279 130.05820946395397 139.67437723278999 89.709905967116356 38.70435357093811 17.094744056463242 319.25988912582397 303.11011978983879 44.188834294676781 340.82294470071793 193.23614823818207 25.668245941400528 11.566024124622343 64.412174537777901 31.861504480242729 14.93865232169628 22.230579182505608 166.11306683719158 25.304344192147255 2030.5365995764732 33.229139938950539 21.044811114668846 21.698594257235527 44.707620367407799 21.212462663650513 13.904993161559103 77.219100758433342 16.27323716878891 555.84737426042557 15.033906027674673 23.292026817798615 21.062647461891174 44.857030108571053 28.581421852111816 457.68941899389029 957.7520750015974 53.18840192258358 38.681652948260307 766.88446040451527 13.372965797781942 254.98205231130123 104.81619530916214 38.947181835770607 96.61144432425499 24.595664910972118 102.09790870547295 13.805199794471262 18.560926795005798 34.818667232990265 49.339243441820145 340.20811311900616 152.04698269069195 111.3911404684186 811.48378068208694 12.072895422577856 1502.4765293747187 58.254545614123344 13.330198571085928 114.38523902744055 40.012555465102196 182.64027833938599 20.947716280817986 17.399486556649208 12.272001981735228 12.43010461330414 9.2355683892965299 22.550134539604187 7604.9548745155334 147.28468532860279 38.87095083296299
leaf_count=13056 5411 1199 4705 5832 315 76 285 76 197 2715 1452 2848 124 19145 192 165 41 536 92 271 810 69 522 69 188 304 821 687 698 633 138 656 195 106 120 172 175 373 65 278 341 254 509 660 80 479 339 208 525 547 164 86 74 134 124 2436 6584 547 581 367 159 70 1320 1255 195 1606 846 116 50 261 142 67 94 688 104 8641 143 97 91 185 87 57 312 66 2267 64 95 86 185 122 2014 4155 234 192 3427 59 1150 488 165 421 140 493 98 85 185 202 1596 651 488 3457 50 6367 365 60 525 181 1070 99 84 53 62 59 91 30829 633 187
internal_value=-7.39289e-08 -0.000414863 -0.00091781 0.000116649 -0.00489706 0.00838 -0.00069578 -0.00110962 -0.000896743 7.21051e-05 0.0079714 -0.00463907 0.0128264 0.00321584 0.0096396 0.0106504 0.0115338 0.00136106 -0.00132158 -0.0108272 -0.00423193 -0.0124711 -0.00258633 -0.00185171 -0.0193959 0.00728497 0.0313067 0.00701878 -0.0099374 -0.0249858 0.00194599 -0.00136284 -0.00445298 -0.00659122 0.00675391 -0.00620355 0.00826468 0.00897254 -0.0200432 -0.00122672 -0.00227068 0.0115566 0.0250311 0.0100874 0.00221673 0.0213659 7.75817e-05 -0.0140961 0.000487625 0.0140161 -0.0254666 -0.0103078 0.00132403 0.00877275 -0.0109919 -0.000839395 5.25152e-05 -0.00185139 -0.00077433 0.0125224 0.00337092 0.00790071 -0.00255994 -0.0103174 0.00635648 -0.00811443 -0.0054596 -0.0177347 -0.0206634 6.76445e-07 -0.00607688 -0.0358135 -0.0019288 0.00169204 0.00103439 -0.00157688 -0.005539 0.0220837 -0.00720887 -0.015772 -0.0198818 0.00597786 0.0160868 0.00258761 0.00400252 0.0101147 -0.023992 0.0271783 0.0161862 -0.0228306 0.0104325 0.012632 -0.00632229 -0.0127827 -0.00183559 0.0253855 -0.0198936 -0.0161026 0.00039208 0.0103024 0.0039371 0.0243584 -0.0177817 -0.0041424 -0.0331781 -0.00572721 0.000279403 0.00755582 0.00904928 0.00687308 0.024303 -0.00473581 -0.0234273 -0.0161748 -0.0206075 -0.0261923 0.0267144 0.0162728 -0.00378226 -0.0233795 0.0365061 -0.00540278 0.0152337 -0.000374654 -0.00692305 -0.0054495
internal_weight=37590.2 35817.3 33621.2 26684.3 6936.94 1772.85 24183 23028.1 22772.1 18089 2501.29 4683.05 1442.12 5669.04 1720.7 1677.22 1644.55 1059.17 946.284 442.249 4637.42 772.029 3865.39 3742.67 204.174 2196.11 184.53 504.035 2922.95 187.492 5026.69 12420 3948.74 3316.05 632.694 3290.91 2124.13 2083.75 256.029 4013.99 3710.93 303.053 176.395 1996.23 4993.8 133.182 8471.23 238.18 8233.05 286.048 186.458 102.777 81.5017 1870.6 2763.57 3538.49 3343.97 2691.13 2561.07 303.206 213.496 652.845 2257.86 622.37 635.75 1880.17 1473.53 406.639 380.97 7947 382.3 46.8002 335.5 4860.62 4649.65 3640.19 1609.66 439.073 126.659 104.96 73.8218 35.1175 181.197 103.977 584.563 1257.59 39.5653 150.599 210.97 369.404 1691.72 1415.44 1443.72 591.716 852.007 66.5614 398.48 359.798 1635.49 137.431 121.207 418.028 22.1342 785.445 52.1536 3249.03 360.558 1154.91 1086.99 975.604 164.12 1576.43 243.02 184.765 171.435 154.398 395.894 191.588 89.4902 68.5424 204.306 21.6657 63.15 7765.8 178.887 51.143
internal_count=160737 152365 142718 111692 31026 8372 99914 94983 93711 73991 11778 19720 6841 23534 8111 7919 7754 4937 4401 2026 19523 3478 16045 15523 890 9647 945 2375 13902 821 20819 50457 16118 13536 2582 13430 9343 9168 1272 17124 15807 1317 787 8795 20681 559 34339 962 33377 1158 754 415 329 8135 13204 14633 13823 11122 10575 1251 884 2701 9324 2575 2631 8499 6605 1894 1778 32219 1755 209 1546 20122 19249 15466 6825 2343 530 439 303 144 734 422 2387 5896 161 611 873 1728 7368 6169 6481 2676 3805 293 1830 1638 6749 630 561 2246 139 3512 261 13258 1688 4931 4646 4158 701 6682 1207 842 782 706 2107 916 423 324 1191 121 255 31485 767 240
is_linear=0
shrinkage=0.05


Tree=52
num_leaves=127
num_cat=0
split_feature=205 209 13 151 151 79 199 67 201 169 176 214 152 106 15 152 65 17 13 151 151 167 70 28 61 208 77 13 15 16 200 214 61 201 60 201 202 72 242 64 151 201 286 199 199 61 200 207 64 64 200 213 201 16 200 199 64 64 200 202 15 253 65 27 60 65 60 17 65 61 77 205 65 201 199 70 155 199 199 203 60 202 60 201 201 55 201 152 202 165 208 64 166 60 115 77 203 199 15 64 203 64 201 199 200 200 151 13 77 151 200 208 78 186 67 152 205 61 199 199 61 151 60 60 203 199
split_gain=49.49 41.9887 46.2056 51.2066 42.9031 31.9639 31.4932 28.4124 28.3737 31.1599 27.7114 27.4107 26.8703 27.4321 25.6248 70.4559 32.9807 26.2625 24.971 31.1022 22.4898 22.4562 22.1369 24.8725 22.0836 22.0608 21.902 21.5721 45.6261 23.7048 21.3514 22.2467 51.2528 23.5397 34.5896 30.8256 30.5816 25.4488 24.2152 23.5224 22.0266 26.5047 22.3069 28.6743 27.6682 29.1071 21.3266 21.2503 21.2247 20.9632 20.5216 20.1002 19.88 19.8449 25.3092 19.6558 20.0137 20.2384 19.7917 19.2095 19.1068 18.9678 18.8128 19.9082 18.503 18.2698 18.2321 22.7154 18.1248 18.1039 24.3727 18.6874 18.0585 17.8426 17.465 17.3891 25.3604 35.7721 23.8838 16.9392 20.4243 16.888 32.102 28.5811 37.2099 34.8566 34.4697 29.478 24.9483 24.8183 19.8067 19.592 23.1476 25.9492 16.8103 18.1915 16.7768 17.4871 16.6916 16.6703 31.9058 22.5306 16.6363 16.3951 16.3469 30.7675 19.8469 16.2998 28.9018 19.4903 18.3041 22.5459 22.196 19.1932 18.1082 17.9897 16.9566 16.9832 16.7081 17.6462 16.2953 16.2351 16.2112 20.5188 20.6953 20.359
threshold=0.52285000681877147 1.0000000180025095e-35 0.70000001788139354 0.70000001788139354 0.70000001788139354 1.0000000180025095e-35 0.61315789818763744 0.18975000083446505 0.48195876181125646 1.0000000180025095e-35 1.0000000180025095e-35 -0.41666667163372034 1.0000000180025095e-35 1.0000000180025095e-35 0.5000000149011613 1.0000000180025095e-35 0.31666667759418493 1.0000000180025095e-35 0.70000001788139354 0.70000001788139354 0.90000000596046459 1.0000000180025095e-35 1.0000000180025095e-35 1.0000000180025095e-35 0.47631579637527471 1.0000000180025095e-35 0.58333334326744091 0.30000000447034841 0.5000000149011613 1.0000000180025095e-35 0.83478260040283214 0.25000000745058065 0.41315789520740515 0.27061854302883154 0.65686276555061351 0.30670101940631872 0.36739130318164831 1.0000000180025095e-35 1.0000000180025095e-35 0.43260869383811956 0.90000000596046459 0.4097938090562821 0.62500000000000011 0.2578947395086289 0.35526315867900854 0.48157894611358648 0.7130434811115266 1.0000000180025095e-35 0.49782608449459081 0.41956521570682531 0.38913042843341833 0.41666667163372045 0.41494844853878027 0.75000000000000011 0.29782609641551977 0.38157895207405096 0.39347825944423681 0.52391305565834057 0.28913043439388281 0.27173914015293127 0.5000000149011613 1.0000000180025095e-35 0.47499999403953558 1.0000000180025095e-35 0.27647060155868536 0.59444445371627819 0.30392158031463629 1.0000000180025095e-35 0.48055554926395422 0.36578947305679327 0.25000000745058065 0.012550000101327898 0.17500000447034839 0.37371133267879492 0.50263157486915599 1.0000000180025095e-35 1.0000000180025095e-35 0.46052631735801702 0.33947369456291204 0.53055557608604442 0.35098040103912359 0.41956521570682531 0.25882354378700262 0.55927833914756786 0.35824741423130041 1.0000000180025095e-35 0.57474225759506237 1.0000000180025095e-35 0.46304346621036535 1.0000000180025095e-35 1.0000000180025095e-35 0.35000000894069677 1.0000000180025095e-35 0.33529412746429449 1.0000000180025095e-35 1.0000000180025095e-35 0.41388888657093054 0.49473683536052709 0.5000000149011613 0.51304346323013317 0.57222223281860363 0.58043476939201366 0.43298968672752386 0.52105262875556957 0.49782608449459081 0.38913042843341833 0.5000000149011613 0.30000000447034841 0.41666667163372045 0.30000000447034841 0.30217391252517706 1.0000000180025095e-35 1.0000000180025095e-35 1.0000000180025095e-35 0.28894999623298651 1.0000000180025095e-35 0.7689499855041505 0.57631579041481029 0.52894738316535961 0.37368421256542211 0.62894734740257274 0.90000000596046459 0.4607843160629273 0.44901961088180548 0.46944443881511694 0.37368421256542211
decision_type=2 2 2 2 2 2 2 2 2 2 2 2 2 2 2 2 2 2 2 2 2 2 2 2 2 2 2 2 2 2 2 2 2 2 2 2 2 2 2 2 2 2 2 2 2 2 2 2 2 2 2 2 2 2 2 2 2 2 2 2 2 2 2 2 2 2 2 2 2 2 2 2 2 2 2 2 2 2 2 2 2 2 2 2 2 2 2 2 2 2 2 2 2 2 2 2 2 2 2 2 2 2 2 2 2 2 2 2 2 2 2 2 2 2 2 2 2 2 2 2 2 2 2 2 2 2
left_child=5 2 4 8 22 11 -3 -5 10 55 47 -1 13 18 26 16 -16 59 19 -13 21 25 53 72 60 69 30 28 79 81 31 33 39 34 62 36 49 38 40 -33 41 42 43 -37 45 -44 -22 51 -26 -35 -8 -4 -43 61 -55 -10 104 -58 -59 -18 -14 94 63 -9 -39 121 -31 96 -34 70 71 -20 -24 -23 -49 -42 77 78 -77 -6 -81 83 88 84 87 -86 -85 91 -83 -88 99 92 -29 -94 107 -96 -68 -98 -21 -84 101 -101 -27 -17 105 106 -57 108 -2 110 113 112 114 -109 -112 116 -116 -118 119 -113 -46 -64 123 -111 -125 -124
right_child=1 6 3 7 27 -7 50 14 9 -11 -12 12 24 -15 15 103 17 -19 20 98 46 73 23 -25 48 102 -28 29 -30 66 -32 32 68 35 -36 37 -38 64 -40 -41 75 52 44 -45 120 -47 -48 74 -50 -51 -52 -53 -54 54 -56 56 57 58 -60 -61 -62 -63 65 -65 -66 -67 67 -69 -70 -71 -72 -73 -74 -75 -76 76 -78 -79 -80 80 -82 82 90 86 85 -87 89 -89 -90 -91 -92 -93 93 -95 95 -97 97 -99 -100 100 -102 -103 -104 -105 -106 -107 -108 109 -110 122 111 118 -114 -115 115 -117 117 -119 -120 -121 -122 -123 125 124 -126 -127
leaf_value=-0.043504816475110029 0.00081766161287672974 0.030452340531052582 -0.013063270909813763 -0.011343065135420655 0.045435143825002966 0.016127951245829813 -0.052003790045933466 0.019275306912124986 -0.014672437396662158 0.068464311798594926 -0.049838615954701772 0.0021897515791350713 0.013952200781458488 0.043686651899631931 0.005150800552263652 0.059917010629264134 0.0011604085153888995 0.030505776322097378 0.041739562354151882 0.016065870422164851 0.0034660089529901829 -0.0070540645574423038 0.02847514739251052 0.052096617770973387 0.0055411056971884677 -0.0070696736352609847 0.019564131517156833 0.010348794401327282 -0.070007733775694247 0.0087543606326575159 0.051066370254381155 -0.014461586093410861 -0.018156859890887715 0.010512774374623916 -0.062997502225008481 -0.066007691142329086 -0.032724404292999887 -0.057230986813108634 -0.043800228080782079 0.045182715469498508 0.0043627208514503751 0.018156131815147119 0.044126210181285534 -0.0037821855396920519 -0.046480432759626017 -0.045303414707673587 -0.049144897840653227 0.063693157248674359 -0.027710116448445801 -0.025694897332015895 0.012186877378089111 -0.047136115285959179 -0.001727503455461537 -0.029811122759091559 0.044708531245434613 -0.025375930967573731 -0.018778948481250737 0.0644118143935897 -0.0011427797768027877 -0.05533070490444017 0.052697137185992143 -0.0330565234897938 0.0063348865481549959 -0.031139766314458552 -0.01218057708928799 0.014381648847421125 -0.075061758706915255 0.019456551277826205 -0.057159010389972981 -0.009576106530981468 0.054006527373417879 -0.0035239522053384684 -0.016855863367307412 0.039072089438622011 -0.0097690085329449079 0.014220335830200907 -0.055002233055862118 0.020487679945717742 -0.039547643990455822 0.035880074531330991 -0.041238899440730739 0.0237328803713962 0.018935819126734248 -0.039359457381693386 0.017712145488211498 -0.02740945629938318 0.0044083533636110782 0.034480912122804977 -0.022123094134217952 -0.055366828216333125 0.056991712410939213 -0.0155884174456511 0.0099324569056588249 -0.084443826209394446 0.0094219870792180069 0.070524363468896858 -0.050656549759788061 0.025219195334254426 -0.021651496759037075 -0.0085851562756518677 -0.065694302523168255 0.064308862876621506 0.026474659012959506 -0.00012440385595675758 -0.019272638055187634 0.024617020876430161 0.0075707303611171331 0.0056000640870534106 0.02510643250721183 -0.0010942603745466484 -0.030294106851490983 0.052710977663722347 -0.045795094658043461 -0.046668242704216552 -0.020024790825695745 0.009241841904794856 -0.010773936428884363 0.0053961896413580708 0.060193686474024635 -0.010935061973964535 0.003024122961612424 -0.023498699633887336 0.024166285672371099 -0.049927557958289827 6.201677860893645e-05 0.0016445903903282465
leaf_weight=32.355633325874805 6637.8796485587955 175.27259791642427 1344.4087066426873 717.57026779651642 91.893475130200386 446.70516362786293 21.034279257059097 387.3446256518364 347.25112815201283 14.673109367489813 53.635165028274059 3417.6274017766118 593.90487095713615 38.40153506398201 49.672295451164246 30.144482240080833 17.243836462497711 11.518014639616011 24.34873178601265 604.62595890462399 1661.7911472991109 35.531581774353981 23.298547834157944 14.622243180871008 583.31527876108885 63.179071873426437 135.8395309150219 199.95848505198956 11.475132480263708 45.567534223198891 19.843073323369026 31.079560026526451 59.879512250423431 114.42168360948563 16.782444223761559 19.340783566236496 152.65043859183788 29.531559333205223 31.37749907374382 35.311953842639923 2588.1451865062118 136.85946281254292 23.473105639219284 432.98598217964172 109.05195540934801 14.857776671648024 19.488272652029991 16.121159598231316 52.29416635632515 61.441717907786369 30.513061121106148 44.723536871373653 1542.8944595381618 14.836766779422758 49.103391990065575 68.627479374408722 204.52480794489384 14.456855520606039 56.557191804051399 118.20957905054092 33.621129050850868 44.60061302781105 84.484035208821297 20.624398916959763 99.873114570975304 136.58124101161957 26.911316230893135 17.131159082055092 59.274181023240089 1600.7656321376562 21.54199293255806 359.18948499858379 385.31561677902937 51.141527831554413 16.241759359836578 29.121238082647324 27.867610663175583 82.919477447867393 71.030754171311855 21.339465290307999 14.364848077297209 42.049969792366028 486.6091446429491 76.459785580635071 631.02729192376137 45.915547907352448 208.8758200481534 48.163599044084549 100.67612813413143 18.939311981201172 30.600458443164825 270.54960855096579 14.536133810877802 14.5978537350893 46.854548245668411 16.460745438933372 19.787737056612968 12.322558984160422 30.828575871884823 36.711951404809952 17.47988848388195 14.9041281491518 89.074468851089478 18.255195304751396 54.669586628675461 186.49920516461134 136.87993422150612 366.6884698048234 124.77900529652834 5063.1811744570732 96.960035584867001 14.390348017215727 43.467475838959217 18.44709087908268 304.06900250911713 136.83065178245306 566.61783622205257 227.60739646106958 17.470293551683426 44.77889022231102 19.612724855542183 99.085655629634857 139.37686486542225 43.537470728158951 39.476889103651047 358.31136517226696
leaf_count=147 27082 746 6235 3122 564 1993 89 1702 1602 64 260 14073 2616 191 220 131 74 50 104 2890 7183 156 95 60 2541 279 799 909 47 194 84 145 295 489 89 83 674 127 157 169 11238 581 107 1827 543 69 81 73 226 264 128 267 6594 63 205 323 919 66 251 528 153 190 352 88 434 580 115 74 280 7048 94 1562 1620 219 72 129 136 369 318 126 82 191 2196 342 2856 205 961 219 456 84 147 1238 66 65 192 74 84 53 130 166 76 68 380 83 251 817 605 1531 592 20621 408 60 206 77 1282 579 2349 945 74 191 87 418 577 180 160 1471
internal_value=-1.25105e-07 -0.00107618 -0.00125255 -0.00392417 0.000316681 0.00306276 0.0203486 -0.00187278 -0.010045 -0.00390394 -0.0145583 0.00243608 0.00259625 0.00152837 -0.000890562 -0.0167705 -0.0300716 -0.0419758 0.00132547 0.00407841 -0.00151654 -0.00479159 -0.000707476 -0.0119782 0.00937441 -0.0057938 -0.000307477 0.00635016 0.0254911 0.00523158 -0.000720363 -0.000878023 -0.0179431 -0.000377998 0.00797121 -0.00149109 -0.0163501 -0.000562879 -1.04328e-05 0.0172617 0.000259079 -0.00336726 -0.0122086 -0.00644285 -0.0278259 0.00946159 0.00285618 -0.0132271 0.00280539 -0.00213717 -0.0140066 -0.0141603 -0.000107466 -0.000376573 0.0274169 -0.00489683 -0.000196587 -0.0107941 0.0122027 -0.0481391 0.016028 -0.000500399 0.00960697 0.0167266 -0.0224616 0.000534361 -0.0162618 -0.0312308 -0.0375589 -0.00718657 0.00225621 -0.000650421 -0.0142712 0.0201627 0.0268252 0.00323764 -0.0105667 -0.00380265 -0.0239135 0.0340795 0.00485295 0.00639018 0.0126524 0.00340439 0.0068117 0.0146516 -0.0103105 -0.00287639 -0.008613 -0.00056103 0.0178291 -0.0064775 0.00428216 -0.0373557 -0.00039891 0.0253074 -0.0459429 -0.0215387 0.014236 0.0156725 -0.00730925 0.012463 0.0125551 0.0372708 0.00634066 0.00991271 -0.00343153 -0.000513177 0.00126582 -0.0021213 -0.0065942 -0.00916428 -0.0106348 0.00309653 -0.0094875 -0.00785414 -0.00998404 -0.00613994 0.0172296 0.00454407 -0.0389343 -0.00976843 -0.000665183 -0.00149853 -0.0261554 0.00795176
internal_weight=37539.8 27780.1 27553.3 10195.5 17357.8 9759.73 226.82 7636.2 2559.27 1084.14 1475.13 9313.03 9280.67 8017.54 6918.63 245.043 196.644 146.971 7979.13 4053.08 3926.05 2244.77 14839 423.236 1263.14 2158.1 6673.59 2518.85 139.073 2379.78 6537.75 6517.9 185.545 6332.36 744.902 5587.46 328.514 5258.94 5129.54 66.3915 5098.16 2299.08 619.322 452.327 166.996 38.3309 1681.28 1421.5 635.609 175.863 51.5473 1389.13 1679.75 14415.7 63.9402 1069.47 722.215 275.539 71.014 135.453 627.526 14351.8 728.12 407.969 129.405 320.151 121.72 76.1528 119.154 2005.85 405.08 383.538 408.614 86.6731 32.3629 2799.08 210.939 183.071 100.152 127.598 35.7043 2258.06 729.032 1529.02 1224.75 676.943 304.275 547.806 142.726 227.815 586.306 499.642 229.092 29.134 14307.2 63.3153 59.0216 32.1103 635.455 555.705 69.096 51.6161 152.254 48.3997 446.676 392.007 205.507 14243.9 6762.66 7481.21 1837.33 1452.19 1375.55 385.136 1332.08 1235.12 1098.29 794.225 76.6395 59.1692 128.665 183.57 5643.88 5146.2 83.0144 497.688
internal_count=160737 118671 117708 45240 72468 42066 963 33435 11805 4898 6907 40073 39926 34390 30313 1086 872 652 34199 17093 17106 9842 60884 1775 5536 9467 29227 11584 819 10765 28428 28344 889 27455 3229 24226 1427 22799 22238 314 22081 9891 2716 1910 806 176 7264 6647 2767 753 217 6502 7175 59109 268 4834 3232 1236 317 602 2769 58841 3140 1790 561 1350 520 326 575 8808 1760 1666 1715 375 145 12190 952 816 447 772 208 10245 3300 6945 5558 3061 1387 2497 647 1045 2653 2278 1040 131 58651 266 252 137 3020 2506 310 234 659 214 1996 1745 928 58385 27674 30711 7702 6094 5769 1608 5563 5155 4576 3294 325 251 630 770 23009 20961 340 2048
is_linear=0
shrinkage=0.05


Tree=53
num_leaves=127
num_cat=0
split_feature=213 215 76 223 70 77 65 153 14 201 199 151 13 153 214 13 77 202 216 123 15 76 256 4 209 151 13 13 61 203 198 208 201 154 198 202 199 202 26 196 13 61 202 211 64 62 201 165 55 13 208 153 198 60 217 202 182 221 112 61 60 64 65 61 72 64 202 217 201 62 60 29 47 215 199 60 61 26 61 37 194 16 151 34 47 61 198 217 171 198 153 64 198 15 198 203 151 205 79 184 201 62 151 78 64 62 64 215 202 202 170 23 65 160 151 203 199 65 198 205 17 65 62 62 203 65
split_gain=47.3799 50.6757 50.3943 48.997 48.672 58.9105 45.5189 41.4803 41.405 42.7206 41.076 38.7371 40.5186 37.3541 35.0474 32.9982 36.2703 32.9303 32.5769 30.2579 29.8534 29.4076 28.6383 28.3678 27.9251 27.8545 40.7999 34.7407 29.8053 32.8071 36.8414 32.1396 30.0118 27.7234 43.7963 26.9613 26.884 27.5508 30.056 26.9704 26.506 39.4366 26.1865 26.1654 26.0037 42.0134 25.9593 27.9584 31.3757 27.2394 34.8522 25.5829 25.0459 27.4214 27.4148 32.2377 25.0379 24.7236 24.456 24.3379 36.9011 49.5382 25.7914 24.0595 30.6042 29.9983 25.5306 23.8283 23.4795 23.4186 23.4126 22.9747 23.2871 22.9024 36.4136 24.2271 24.924 22.7877 22.6353 29.9714 22.6183 22.5418 25.0064 25.8986 23.2707 22.9258 25.0165 22.5058 23.4886 21.4959 23.2346 23.6807 21.3976 22.1054 21.2923 23.0751 23.0653 21.098 21.0028 20.8732 20.6922 20.6618 26.7055 21.0303 20.6466 24.6108 24.7716 21.7035 20.6098 25.9096 20.4183 20.3464 21.8082 20.2852 20.215 20.0988 26.1542 27.8988 26.1955 21.7238 20.6607 19.9354 21.7071 20.1171 19.7458 21.0866
threshold=1.0000000180025095e-35 0.25000000745058065 0.25000000745058065 1.0000000180025095e-35 1.0000000180025095e-35 0.25000000745058065 0.47499999403953558 0.5000000149011613 1.0000000180025095e-35 0.36340205371379858 0.37368421256542211 0.90000000596046459 0.90000000596046459 0.5000000149011613 0.25000000745058065 0.90000000596046459 -1.0000000180025095e-35 0.6608695685863496 1.0000000180025095e-35 1.0000000180025095e-35 0.5000000149011613 0.41666667163372045 1.0000000180025095e-35 1.0000000180025095e-35 1.0000000180025095e-35 0.5000000149011613 0.5000000149011613 0.30000000447034841 0.28157894313335424 0.35833333432674414 0.23725490272045138 1.0000000180025095e-35 0.59020617604255687 1.0000000180025095e-35 0.33137255907058721 0.37608696520328527 0.40789473056793218 0.30652172863483435 1.0000000180025095e-35 1.0000000180025095e-35 0.30000000447034841 0.39210526645183569 0.43260869383811956 1.0000000180025095e-35 0.55869564414024364 0.51739129424095165 0.64690721035003673 1.0000000180025095e-35 1.0000000180025095e-35 0.30000000447034841 1.0000000180025095e-35 0.5000000149011613 0.61764708161354076 0.23137255012989047 -1.0000000180025095e-35 0.29782609641551977 1.0000000180025095e-35 1.0000000180025095e-35 1.0000000180025095e-35 0.41842105984687811 0.39019608497619634 0.41521738469600683 0.69166666269302379 0.53421053290367138 1.0000000180025095e-35 0.51304346323013317 0.48695652186870581 -1.0000000180025095e-35 0.41494844853878027 0.39347825944423681 0.72549021244049083 1.0000000180025095e-35 1.0000000180025095e-35 0.75000000000000011 0.37368421256542211 0.44901961088180548 0.39736843109130865 1.0000000180025095e-35 0.35526315867900854 1.0000000180025095e-35 1.0000000180025095e-35 0.75000000000000011 0.70000001788139354 1.0000000180025095e-35 1.0000000180025095e-35 0.56052634119987499 0.41372549533844 -1.0000000180025095e-35 1.0000000180025095e-35 0.48627451062202459 1.0000000180025095e-35 0.36304347217082983 0.54313728213310253 0.5000000149011613 0.27254903316497808 0.40277777612209326 1.0000000180025095e-35 0.066050000488758101 1.0000000180025095e-35 1.0000000180025095e-35 0.7345360815525056 0.53695651888847362 0.5000000149011613 0.25000000745058065 0.56956520676612865 0.25652173161506658 0.17608695477247241 -1.0000000180025095e-35 0.41521738469600683 0.6347826123237611 1.0000000180025095e-35 1.0000000180025095e-35 0.49722221493721014 1.0000000180025095e-35 0.70000001788139354 0.44166666269302374 0.41315789520740515 0.45277777314186102 0.39019608497619634 0.38285000622272497 1.0000000180025095e-35 0.31666667759418493 0.38913042843341833 0.51739129424095165 0.61388888955116283 0.61388888955116283
decision_type=2 2 2 2 2 2 2 2 2 2 2 2 2 2 2 2 2 2 2 2 2 2 2 2 2 2 2 2 2 2 2 2 2 2 2 2 2 2 2 2 2 2 2 2 2 2 2 2 2 2 2 2 2 2 2 2 2 2 2 2 2 2 2 2 2 2 2 2 2 2 2 2 2 2 2 2 2 2 2 2 2 2 2 2 2 2 2 2 2 2 2 2 2 2 2 2 2 2 2 2 2 2 2 2 2 2 2 2 2 2 2 2 2 2 2 2 2 2 2 2 2 2 2 2 2 2
left_child=1 2 3 4 5 8 78 17 11 43 40 12 22 18 51 -13 -17 21 23 111 63 33 25 44 87 27 59 124 -28 36 35 71 -33 46 69 -31 39 -38 -39 114 41 -4 -34 70 45 56 47 48 67 -48 -51 57 53 -29 55 -55 92 80 -46 60 62 -62 -27 64 68 66 -65 -3 77 -35 115 99 -73 -69 75 76 -75 -7 79 -6 110 82 84 85 121 86 -84 -14 -89 -56 91 -91 93 -11 -16 -96 -97 -61 -99 -32 -52 102 -12 -103 105 106 -18 -107 -42 -110 -2 112 -8 -53 -30 116 -10 118 -118 -119 -117 122 -80 -124 125 -1
right_child=14 7 10 -5 6 20 19 -9 9 13 101 15 24 -15 94 16 104 -19 -20 -21 -22 -23 -24 -25 -26 26 28 52 29 30 31 32 42 34 -36 -37 37 38 -40 -41 108 -43 -44 -45 58 -47 49 -49 -50 50 100 113 -54 54 89 -57 -58 -59 -60 97 61 -63 -64 65 -66 -67 -68 73 -70 -71 -72 72 -74 74 -76 -77 -78 -79 81 -81 -82 -83 83 -85 -86 -87 -88 88 -90 90 -92 -93 -94 -95 95 96 -98 98 -100 -101 -102 103 -104 -105 -106 107 -108 -109 109 -111 -112 -113 -114 -115 -116 120 117 119 -120 -121 -122 -123 123 -125 -126 -127
leaf_value=0.001893176779161658 -0.0044056132627170201 -0.044709695114055245 -0.058292472879437979 0.027031921274202106 0.0073990818473100633 0.0058042578172767794 -0.079689973234476741 0.035628893590952664 0.016405928461212971 -0.0058410040676519876 0.011377750815177265 0.010906279868719662 0.013918973426669557 -0.039971339469016258 -0.047290829004451848 -0.039714040752035024 0.033348877492661896 0.033097198818887778 0.021456763699909075 0.052659001919969806 -0.028158982545196665 -0.062236210536865955 0.074665026147978861 0.036598493699557422 0.03339821098639284 0.028103029835571943 -0.012084948306183615 -0.016029023229590503 -0.0074584962923857625 0.026199379088846609 0.002275664301730148 0.034291718455545156 -0.070450962620453667 0.018270337102382028 0.054401177083935486 0.0014186060539187082 0.0028355378488512193 -0.017653188907954087 0.015792321792921789 0.042164062689937304 0.0040371526292196386 0.049752368791837726 0.029548343092756404 0.059706942954100783 0.018437782068671686 -0.034507924047752186 0.028168201153607176 -0.053752147037517822 -0.044600601064002612 -0.011377413595462096 0.082238832123129255 0.014080567647602927 0.024515763060673011 -0.018651362455992512 -0.0026484883730425401 0.035940908448451866 -0.063740303738136952 0.04914927696596863 -0.045737476390312712 0.054879115065970208 0.020368119249846054 -0.048282557293972482 -0.024778071082846645 -0.018207951476488508 -0.035973476576253188 0.046453986147638154 0.034119854123149405 -0.0059209326409017243 0.024171516254518521 -0.059985077656160582 -0.048717755155507803 -0.0092077224561279807 -0.065475947633419268 0.031670600972266781 -0.047930176550028597 -0.05268966758418079 -0.023467128679875823 0.048542153727402823 0.015008978306447505 0.080049804079533035 -0.027521011942799989 -0.074628063189875485 0.0055528790548817087 -0.066195694960861834 0.042167107966230848 -0.016107459172196116 0.043044308223282805 -0.0097268607182291501 0.015795648365944211 -0.037426734611206436 0.032017544117780163 -0.005997557039291156 -0.040915082641896638 -0.036456065177856205 -0.0043723801977181252 0.011804801054521216 -0.036608463107942822 0.0033777619052461462 0.028859774869999646 0.036353668959448956 -0.0017321550477568703 0.0042524474229054037 0.043609398268162507 0.067444991612792812 0.021502191066528675 0.032140156041383643 -0.02232613024956031 0.0024300536876417085 -0.05025377539812137 0.033129032138910601 0.028834105671902085 -0.059680126406409489 -0.018526558679756271 0.08586977932930806 0.011551800415793885 0.008631460967643596 -0.010005521889365007 0.0062425425048150312 0.017911447903977289 -0.026593883547417835 0.05487748657196332 -0.031542941535913041 -0.041960936631790256 0.015533248835061828 -0.0070623979347196469 0.011952261716790195
leaf_weight=4749.9750796556473 2691.9452182650566 47.784763291478157 10.844602875411509 176.52639469504356 162.65099442005157 425.25945287942886 15.160055384039877 55.087445683777332 152.92713104188442 1526.4259242117405 102.11960352957249 1717.7088195458055 119.37365418672562 92.078340291976929 55.848116770386696 50.953400433063507 22.731227651238441 46.731521055102348 93.239578932523727 13.186578616499899 45.96222073584795 25.96365662664175 13.210353389382361 33.865079462528229 43.383983537554741 415.91906110942364 386.89112648367882 430.02030275762081 284.06381912529469 320.28036220371723 2893.1867125928402 134.64485032856464 14.118174076080324 20.053486958146095 43.170581102371216 166.99027790129185 365.68440736830235 628.92503908276558 75.205502793192863 44.930307596921921 59.285556733608246 38.178283542394638 12.207393556833265 19.871340617537498 126.86365681886673 174.35824313759804 78.381186038255692 40.784505523741245 69.103852115571499 247.30866467952728 16.907601892948154 53.416615635156631 78.516434460878372 38.384816095232964 4378.6015260964632 91.513875186443329 20.410781502723694 21.470904156565666 16.812737077474594 21.755661606788635 65.21123431622982 44.014104947447777 24.410922661423683 151.495620675385 27.650604203343391 26.919782787561417 27.548294216394424 1085.3417717814445 563.71034896373749 18.27070739865303 22.45359168946743 129.12297828495502 21.441044941544533 46.931315802037716 89.697787769138813 20.836383126676083 36.38569451123476 33.658466309309006 68.20219387114048 15.553563311696051 104.64148558676243 11.89149624109268 166.35195084661245 12.368639841675757 16.611378207802773 76.240973308682442 60.740437880158424 1815.1395806223154 94.857648000121117 121.29732789099216 21.799583181738853 118.46967458724976 47.979133173823357 61.330443277955055 240.33520460873842 29.69091522693634 143.53991225361824 1129.3669187799096 87.099301837384701 45.643425643444061 12.960087493062018 157.02403724193573 173.36824590712786 14.370932832360266 140.88914932310581 63.143908992409706 165.01244348287582 2318.4599925577641 56.077856659889221 11.172528244554995 47.006973206996918 36.997358232736588 376.95645678043365 12.062133774161337 275.43420538306236 414.19855165481567 181.9132264405489 66.596631810069084 156.16484606266022 206.71157912909985 25.646517336368561 147.2302188873291 49.793071299791336 21.90888187289238 536.98920285701752 585.1747437864542
leaf_count=19170 11555 227 50 779 711 2049 65 277 654 6475 470 8243 538 401 278 215 95 230 400 55 237 185 55 142 181 1766 1606 1779 1185 1319 11920 584 59 86 202 689 1509 2613 310 186 267 209 51 85 549 745 330 202 324 1114 79 231 324 158 17952 380 95 95 75 95 279 183 102 689 121 128 122 4834 2723 82 113 537 89 260 523 130 197 167 284 70 450 58 731 53 70 331 275 8475 429 502 92 491 207 267 1155 132 686 4730 399 189 60 697 875 71 616 266 681 9721 253 51 199 158 1660 52 1153 1767 777 287 661 885 110 632 211 96 2168 2365
internal_value=-1.71978e-07 0.000561071 0.00104246 0.00076383 0.000615664 0.00101816 -0.00904417 -0.00715743 0.000546891 -0.00460002 0.0151308 0.00124662 0.000339286 -0.00880058 -0.00562864 0.00546498 0.00208 -0.00836825 -0.00743468 -0.0219431 0.0114199 -0.00938817 0.0010726 -0.0087762 -0.00629441 0.00102072 0.00335791 -0.000569422 0.00132196 0.00228041 0.00488591 0.00296388 0.0247454 -0.00865595 0.0198656 0.0177069 -0.00353619 -0.00829859 -0.014081 0.00489308 -0.00536198 0.0258512 -0.0240804 0.00279146 -0.00955455 -0.0111622 -0.00995272 -0.012946 -0.0117539 0.0021435 -0.00521589 -0.00359692 -0.003513 -0.00393621 -0.00284605 0.019809 -0.00870442 -0.00430316 0.0109281 0.00996163 0.0187185 -0.00729577 0.0251714 0.0128679 0.0159322 -0.00275752 -0.0101566 -0.0100433 0.0173356 -0.0190372 0.00186942 0.00182898 -0.0172206 -0.00874837 -0.0245787 -0.00446828 0.00759119 0.00893879 -0.00199677 0.01374 -0.00470676 -0.00643869 -0.00512967 0.00472428 -0.0153715 0.00761609 0.0155807 -0.00714296 -0.00845932 -0.00348026 -0.0174041 -0.0218975 -0.00801768 -0.00702358 -0.0183127 -0.0143994 -0.0283107 0.00607511 0.00520228 0.00280494 0.0458024 0.0231814 0.0316616 0.00955094 0.00286574 0.00184382 -0.0155852 0.00321776 -0.0174547 -0.0364011 -0.00383514 -0.0242356 -0.0208913 0.0273052 0.00190005 0.0028127 -0.00208765 -0.00671348 0.00288987 -0.0185927 0.011328 -0.0187002 -0.005185 -0.0243933 0.00207663 0.00299649
internal_weight=37496.7 34096.7 32095 31472.6 31296 30044.2 1251.84 2001.7 28742 3439.85 622.442 25302.2 20823.3 2193.36 3399.96 4478.9 2761.19 1946.61 2101.29 442.3 1302.2 1899.88 18750.5 2008.05 2072.75 18737.3 7586.55 11150.7 5798.77 5411.88 3737.64 3250.36 160.97 1873.92 81.4948 487.271 1674.24 1069.81 704.131 604.428 175.559 49.0229 26.3256 1246.48 1974.18 1830.5 1792.42 1436.87 1396.08 355.558 277.176 2930.54 5278.6 5200.09 4770.07 129.899 1656.15 2865.06 143.676 1787.78 549.555 109.225 440.33 1256.24 1050.28 205.964 179.044 1326.98 1022.63 38.3242 1226.61 3089.39 150.564 1279.19 193.851 104.153 83.317 458.918 809.544 178.205 2843.59 631.339 619.448 315.702 303.746 303.333 227.092 2029.37 1910 4640.17 261.567 239.767 1635.74 1587.76 469.414 413.566 173.231 1238.22 1216.47 2938.83 29.8677 446.883 275.488 171.395 2710.24 2569.35 187.744 2381.6 126.536 67.2504 2738.95 429.114 392.117 65.4787 559.498 1204.16 764.313 611.386 338.078 273.308 439.845 287.134 139.904 71.702 5872.14 5335.15
internal_count=160737 145904 136562 133619 132840 127380 5460 9342 121144 14695 2943 106449 86612 9356 14833 19837 11594 9065 8955 1938 6236 8835 76989 8555 9623 76934 31553 45381 23999 22393 15437 13429 694 8650 370 2008 6956 4432 2923 2524 830 259 110 5339 8413 7789 8280 6697 6495 1583 1253 12582 21678 21354 19575 538 7044 12299 624 7554 2330 462 1868 5999 5060 939 811 6171 4939 168 5254 12735 626 5944 1110 587 457 2216 3522 781 12204 2741 2683 1390 1293 1337 1006 9442 8904 19037 1085 993 6949 6742 2251 1973 818 5224 5129 12109 139 2113 1345 768 11379 10763 776 9987 571 304 11754 1883 1725 283 2338 5141 3264 2610 1438 1172 1877 1223 591 307 23703 21535
is_linear=0
shrinkage=0.05


Tree=54
num_leaves=127
num_cat=0
split_feature=72 75 77 13 151 151 64 202 15 63 60 16 64 200 63 219 78 208 214 65 199 199 83 71 70 13 200 63 60 62 67 211 65 200 22 69 23 244 199 64 170 217 195 63 200 151 65 63 200 60 200 36 65 62 202 16 202 63 155 54 200 180 62 216 48 198 22 223 60 63 65 169 62 201 67 199 62 148 186 151 78 62 60 214 60 198 198 60 286 151 213 200 65 63 216 198 200 60 216 60 198 15 43 195 64 199 63 65 199 65 112 60 70 15 63 62 62 29 198 199 32 199 63 202 63 261
split_gain=45.8956 46.5618 55.3819 41.5307 57.0286 39.9012 39.0363 37.0042 30.1803 30.0305 29.5328 51.3336 31.4701 28.7135 28.3298 27.1528 27.039 26.9106 29.954 28.1485 32.1723 26.8586 26.5764 26.5748 25.9051 25.4028 26.4548 24.7419 24.5617 27.2963 23.9151 25.5352 23.5188 23.4207 29.8667 26.0088 25.7962 23.0519 22.9484 22.7083 22.5881 22.152 32.4499 26.7532 36.8877 31.3358 24.4508 29.8365 21.8752 21.8199 25.1981 29.268 22.4865 27.3445 40.1869 32.1552 27.0085 26.8808 25.517 24.7196 21.8014 21.5142 24.9362 22.415 34.0941 33.7461 25.9156 25.4709 25.0717 28.6968 31.4608 21.104 21.0819 21.1878 21.0635 20.8958 20.8127 32.7969 27.1467 20.7782 23.0798 20.7273 20.7028 20.7006 20.1637 20.1364 19.9458 19.6857 19.4312 19.4241 19.1793 21.1099 19.1274 26.6676 22.1951 24.8821 24.8737 19.5452 19.1176 18.897 18.8547 18.7816 18.7257 21.161 18.6601 29.0385 21.5712 18.6332 24.2763 21.2894 46.6012 27.5746 21.0109 20.4317 25.8327 20.0032 19.886 22.8439 19.7732 19.0817 21.2811 18.3668 18.3434 18.2573 18.247 18.1922
threshold=1.0000000180025095e-35 1.0000000180025095e-35 0.25000000745058065 0.90000000596046459 0.90000000596046459 0.70000001788139354 0.44130434095859533 0.56956520676612865 0.5000000149011613 0.62628865242004406 0.32745099067687994 1.0000000180025095e-35 0.31956522166728979 0.33695651590824133 0.6520618498325349 1.0000000180025095e-35 0.25000000745058065 1.0000000180025095e-35 0.58333334326744091 0.44166666269302374 0.41842105984687811 0.49473683536052709 1.0000000180025095e-35 1.0000000180025095e-35 1.0000000180025095e-35 0.5000000149011613 0.36304347217082983 0.49484536051750189 0.39019608497619634 0.56304347515106212 0.47384999692440039 1.0000000180025095e-35 0.40277777612209326 0.43260869383811956 1.0000000180025095e-35 1.0000000180025095e-35 1.0000000180025095e-35 1.0000000180025095e-35 0.48157894611358648 0.38478259742259985 1.0000000180025095e-35 1.0000000180025095e-35 1.0000000180025095e-35 0.27061854302883154 0.46304346621036535 0.70000001788139354 0.36388888955116278 0.30154637992382055 0.56304347515106212 0.30784314870834356 0.21956521272659305 1.0000000180025095e-35 0.58611109852790844 0.32391305267810827 0.38043478131294256 1.0000000180025095e-35 0.34565217792987829 0.64175257086753856 1.0000000180025095e-35 1.0000000180025095e-35 0.31521739065647131 1.0000000180025095e-35 0.032608696259558208 1.0000000180025095e-35 1.0000000180025095e-35 0.35490196943283087 1.0000000180025095e-35 1.0000000180025095e-35 0.47450980544090277 0.35824741423130041 0.58055555820465099 1.0000000180025095e-35 0.4760869592428208 0.62628865242004406 0.60324999690055858 0.55526316165924083 0.36304347217082983 0.87500000000000011 1.0000000180025095e-35 0.90000000596046459 0.41666667163372045 0.33695651590824133 0.44901961088180548 1.0000000180025095e-35 0.41372549533844 0.23137255012989047 0.34313726425170904 0.43921568989753729 1.0000000180025095e-35 0.30000000447034841 1.0000000180025095e-35 0.34565217792987829 0.46944443881511694 0.38402061164379125 1.0000000180025095e-35 0.25294119119644171 0.30652172863483435 0.25882354378700262 0.41666667163372045 0.19803921878337863 0.18235294520854953 1.0000000180025095e-35 1.0000000180025095e-35 1.0000000180025095e-35 0.4086956530809403 0.73421052098274242 0.56443297863006603 0.27222223579883581 0.41842105984687811 0.41388888657093054 1.0000000180025095e-35 0.34313726425170904 1.0000000180025095e-35 0.5000000149011613 0.57474225759506237 0.33260868489742285 0.67826086282730114 1.0000000180025095e-35 0.42549020051956182 0.36578947305679327 1.0000000180025095e-35 0.3605263233184815 0.56443297863006603 0.58043476939201366 0.56443297863006603 1.0000000180025095e-35
decision_type=2 2 2 2 2 2 2 2 2 2 2 2 2 2 2 2 2 2 2 2 2 2 2 2 2 2 2 2 2 2 2 2 2 2 2 2 2 2 2 2 2 2 2 2 2 2 2 2 2 2 2 2 2 2 2 2 2 2 2 2 2 2 2 2 2 2 2 2 2 2 2 2 2 2 2 2 2 2 2 2 2 2 2 2 2 2 2 2 2 2 2 2 2 2 2 2 2 2 2 2 2 2 2 2 2 2 2 2 2 2 2 2 2 2 2 2 2 2 2 2 2 2 2 2 2 2
left_child=1 2 3 4 17 -5 7 9 10 25 12 14 123 98 28 37 -15 18 21 82 -21 30 27 24 76 -2 -27 74 40 -30 31 -1 -28 35 72 36 39 49 -32 -29 -12 43 46 44 -23 99 47 -43 -22 50 -7 52 53 55 56 102 57 101 59 92 -49 62 -51 66 65 -65 67 107 69 -67 -71 88 73 -35 -3 -68 77 104 -78 80 -16 -10 -20 -54 -26 -48 -86 -82 -47 -87 -62 -92 93 121 95 -95 -97 -98 -14 -45 -19 -55 103 -52 -6 106 -106 108 122 110 111 -109 113 114 -113 -110 117 119 -119 120 -111 -56 -64 -4 -99 -77
right_child=6 22 8 5 23 15 -8 -9 81 -11 11 -13 13 16 79 -17 -18 100 19 20 48 41 -24 -25 84 26 32 33 29 -31 38 -33 -34 34 -36 -37 -38 -39 -40 -41 -42 42 -44 45 -46 71 85 60 -50 61 51 -53 83 54 58 -57 -58 -59 -60 -61 90 -63 63 64 -66 68 75 -69 -70 70 -72 -73 -74 -75 -76 125 78 -79 -80 -81 87 -83 -84 -85 86 89 -88 -89 -90 -91 91 -93 -94 94 -96 96 97 124 -100 -101 -102 -103 -104 -105 105 -107 -108 109 115 116 -112 112 -114 -115 -116 -117 -118 118 -120 -121 -122 -123 -124 -125 -126 -127
leaf_value=-0.0077192639623784977 0.01362449716541559 0.0056796678080118321 -0.010459346413722839 -0.013788096598809797 0.0071987984786665016 0.024123187970207072 -0.033328159361812611 -0.054446695295716496 0.01189595511981633 -0.042537594346283174 0.0022651040471515908 -0.06146162467814912 0.013098230584557894 0.016056294369564763 -0.0064215161742349515 -0.037060253933276492 0.042629323635892884 -0.052254482906239602 -0.049823633980691721 0.033551336219337653 -0.048454480568196401 0.00026080711588416717 -0.02982353166615034 -0.028110044468083024 -0.0022819430627141857 -0.021370099811605391 0.02644886390649161 0.027652102732950691 0.025390067220518394 -0.031161453439372662 -0.0008587471543215205 0.042297651233587967 -0.0099919194538896153 -0.026250539813622159 -0.071017005243222422 -0.045976746528124363 -0.037061952169558293 -0.044348265219272848 -0.015934142169245106 0.0015400224523898385 -0.064243187002549371 0.026018764197164514 0.033946424791834538 0.014748964945335875 -0.018722543751734693 0.00067773473700299589 0.022077523033337078 -0.037851925718422025 0.024724624941247594 -0.054333029301851 -0.007207905700417328 -0.037430459660474535 0.011910748749196527 -0.0039102523180430107 0.060227469433049435 -0.076011306929275158 0.028028357425948267 0.050534608535914842 -0.045025528761497922 0.039582749979901279 0.024637372649176814 0.025575108168661355 -0.041955580981231526 -0.039491069165242539 0.067111543332207479 0.060106802431041328 0.01835569556698672 0.047979529355947043 -0.057078869636216237 0.016207850078370011 -0.063241580717664461 -0.031700238894498231 0.021982698109037063 0.028992192020155346 0.01670872735860679 -0.016476296486881994 0.0032464436922784719 0.036882301723381493 0.053572557749365347 0.022870934697424135 -0.084894532622818916 -0.059583327979826767 0.026974465755374506 -0.037881871328152787 -0.079304849772982883 -0.032913472339716136 0.003047711971995382 -0.016569988787165323 0.013208623838785219 -0.011057325062436247 0.050174245069058813 -0.015599107382489258 -0.021809014723660702 0.054094289908277166 -0.066517411407443813 -0.058293127141301852 -0.02956215678827543 0.043418796332658049 -0.034348196872665361 0.00082965341882564069 0.0077554001344010458 0.040677937859624466 0.053266414655985528 -0.049258450786055681 0.03647400578979737 -0.057498015514720627 0.005701310923877094 -0.018435052547296455 -0.033666620782307928 -0.023749598004760227 0.046815139963946428 0.00059104224385723796 0.033410660986608762 -0.043689048454592545 0.046962194951246067 0.0012775333657004744 -0.054294776540357116 0.0067720947669181299 0.070084311268024002 -0.0050892292028088841 0.020432743824921658 0.0094362078257564479 0.013150085755955618 0.057011500217414794 -0.012914328045233087 0.044642921481410303
leaf_weight=2125.9183549359441 210.34784023463726 935.66916692256927 122.04032824188471 922.66911777108908 768.20581723749638 119.42299964278936 165.95897227525711 37.496466070413589 16.512833490967751 45.236983224749565 143.18106282502413 29.759727090597153 227.79005715250969 177.32009391486645 84.634006388485432 56.593828335404396 208.05155392736197 13.244267359375952 78.70411329716444 37.735463067889214 35.802273854613304 929.13538935780525 47.936220705509186 51.016758471727371 102.06891548633575 186.68660508096218 76.813383623957634 149.81679330021143 267.14553318172693 23.19036902487278 9137.1711824461818 25.827929422259331 104.53203125298023 115.89909993857145 21.223690658807755 22.571018368005753 27.689826607704163 32.346239864826202 259.61113296449184 187.42018903046846 14.016090393066404 89.42873340845108 46.641603127121925 252.93299582600594 353.17469607293606 422.06411546468735 31.697231970727444 48.147385343909264 14.287472456693648 25.48071600496769 496.61050676554441 49.610443487763405 540.81373423337936 275.78940865397453 22.060036793351173 18.140821635723114 188.49919292330742 28.715810060501099 40.694909155368805 30.763398483395576 55.51610378921032 58.309676870703697 106.09605178236961 135.31686051934958 10.910536065697668 21.443947359919548 224.27314774692059 22.407106503844261 16.524224579334259 42.087893664836884 17.700638085603714 31.143389388918877 43.551604256033897 20.414244666695595 805.66353642195463 93.135220915079117 1029.8743106648326 140.61543603241444 27.511809229850769 33.347633451223373 21.690874218940735 26.287265747785568 9.876683481037615 21.711412310600281 19.448971018195156 162.0335406139493 11.821602314710615 20.511479035019875 1158.6348946094513 272.81388488411903 13.390506789088247 137.10671070218086 140.83718384057283 15.315976440906523 17.01263615489006 24.715091243386269 38.657651484012604 29.969328567385674 23.413026615977287 6779.0363883897662 1117.9360644519329 25.829373314976692 12.061281010508536 31.835906982421875 167.58418472111225 10.853505894541739 86.262474045157433 165.52179256081581 53.061562314629555 265.51936437189579 56.003299757838249 433.62994374334812 57.634088709950447 23.803854763507843 32.269012808799744 179.47266405820847 22.105991646647453 52.099136203527451 16.156656071543694 1245.5185246318579 30.371960163116455 92.149080395698547 17.608126550912857 10.923850297927855 27.625433549284935 14.00592754781246
leaf_count=8870 871 4160 582 4938 3640 551 707 166 73 195 659 133 1066 799 370 305 1057 55 430 181 190 3806 207 213 467 807 337 673 1366 118 37728 108 452 506 89 94 117 171 1062 813 61 375 193 1038 1474 1767 134 200 65 116 2123 213 2302 1178 95 78 814 120 180 135 229 248 476 652 49 93 985 105 90 194 79 129 187 91 3631 407 4867 746 136 171 102 153 49 94 84 706 53 97 4841 1134 56 573 626 65 80 107 166 131 111 27664 4797 111 51 136 819 52 407 705 233 1183 247 1855 262 106 136 790 101 220 70 5366 132 401 75 57 116 59
internal_value=-6.77737e-08 0.000262989 -0.000206827 -0.000629625 0.000275313 -0.00412833 -0.0116476 -0.00620515 0.00935638 -0.00330451 0.0106146 0.00265562 0.0172077 0.0218288 0.00579543 -0.00259594 0.0304023 -0.000472417 -0.000850612 -0.0213732 -0.00131458 -0.000688495 0.00702871 0.0075936 0.00836403 -0.000235964 -0.00815788 0.00778691 0.012254 0.0208731 -0.00236405 -0.0071189 0.00544349 -0.00107549 -0.0149209 0.00610945 0.00933103 -0.0022573 -0.00127525 0.0131403 -0.00366494 0.00110603 -0.00660771 0.00177184 -0.0049676 0.00277164 -0.00894252 0.00117943 -0.0275811 -0.00201958 0.00176307 0.000532178 0.00142063 -0.00167443 0.00328107 -0.0105328 0.0129266 0.00430903 -0.00714913 -0.00363887 -0.00756051 -0.00453752 -0.00505698 -0.0046827 -0.0192763 -0.0233202 -0.00353807 -0.00511402 -0.000936192 0.0104843 -0.00731348 0.00905967 -0.00830166 -0.0179774 0.0107825 0.00967801 0.00964357 0.0142278 0.00455586 -0.012249 -0.0214827 -0.0320057 -0.0412607 0.00998894 -0.013044 -0.0163969 -0.0481721 -0.051687 0.00986274 -0.0192014 -0.000481099 -0.00974692 -0.00689506 0.00095689 -0.0126695 -0.00594752 -0.0135495 -0.00206057 0.00867605 0.00133032 0.00705278 -9.19059e-05 -0.00833522 -0.00974121 0.0111437 0.0225924 0.0260168 -0.00554555 -0.0162164 -0.00396207 0.00289745 -0.000552789 0.00485504 0.00149427 0.00380279 -0.00669631 -0.00719415 -0.00654731 0.0217586 -0.00780073 -0.0192145 0.0192468 -0.0341118 -0.00491619 0.0163985 -0.00848654
internal_weight=37447.9 36620.9 34243 32793.2 26054.3 6738.92 827.072 661.113 1449.82 623.617 1407.02 637.477 769.539 636.575 607.717 5816.25 385.372 23639 22507.8 176.406 87.8252 22331.4 2377.86 2415.26 2364.25 578.38 368.032 2329.92 447.533 290.336 11548.5 2151.75 181.345 588.586 201.089 387.498 364.927 5759.66 9396.78 337.237 157.197 10782.9 856.776 9926.12 1282.31 8643.81 810.134 343.589 50.0897 5727.31 2288.84 2169.42 2119.81 1557.28 998.635 558.649 518.834 330.335 479.801 439.106 254.161 3438.47 3380.16 3354.68 243.984 233.074 3110.69 2779.28 97.7567 81.2325 59.7885 1611.84 179.865 136.313 1741.33 331.414 2230.91 1173.52 1057.39 160.184 126.836 42.8001 88.5808 562.525 133.339 466.545 31.2706 42.2024 1580.7 434.847 206.013 150.497 408.342 267.505 153.296 136.283 120.968 96.2524 251.203 7031.97 1131.18 301.619 540.508 528.446 1032.91 264.7 253.847 2756.87 356.238 2400.63 768.862 712.859 547.337 489.703 465.899 232.534 1631.77 1609.67 68.2558 1541.41 295.891 114.209 123.704 132.964 57.5948 107.141
internal_count=160737 157202 146634 139659 109338 30321 3535 2828 6975 2662 6749 3077 3672 3033 2944 25383 1856 97854 93002 915 436 92087 10568 11484 11271 2467 1596 10361 2204 1484 47768 8978 789 2570 873 1697 1603 25078 38790 1486 720 44319 3600 40719 5280 35439 3407 1433 255 24907 9873 9322 9109 6713 4325 2388 2223 1409 2102 1922 1058 15034 14786 14670 1157 1108 13513 12062 456 366 273 6737 784 597 7791 1451 10667 5664 5003 740 569 226 479 2396 604 1974 137 199 6608 1840 858 629 1787 1161 665 585 520 413 1177 28702 4852 1289 2310 2259 4918 1278 1226 11957 1574 10383 3311 3064 2359 2097 1991 1023 7072 6971 290 6681 1315 496 551 639 247 466
is_linear=0
shrinkage=0.05


Tree=55
num_leaves=127
num_cat=0
split_feature=67 77 75 209 208 215 203 153 213 261 152 15 85 151 58 17 172 286 15 65 214 15 61 172 13 78 203 65 60 192 214 148 106 72 55 17 16 148 217 62 62 75 60 64 153 148 198 203 200 62 37 200 65 151 165 200 48 60 148 51 182 153 64 151 60 50 61 72 61 198 148 77 32 64 215 198 151 198 57 185 203 203 173 215 64 175 62 61 65 65 154 65 62 67 78 61 60 5 62 65 64 65 151 65 64 200 60 64 261 38 203 188 13 62 62 64 175 61 198 198 200 210 207 69 60 62
split_gain=42.7846 43.5873 46.4951 38.313 39.7667 47.0051 39.4034 39.1595 36.7517 36.5033 35.283 44.742 41.1884 46.8489 37.1027 33.4201 31.8532 29.4624 28.3738 27.4236 27.3482 26.7228 29.6329 25.4014 25.166 24.7661 24.5691 41.8199 24.3525 23.9289 23.7817 27.3647 23.6303 23.317 22.7399 21.6413 40.0553 37.5362 26.2125 26.4259 23.9514 23.8851 33.2878 25.2501 29.7036 29.2503 22.9641 22.4782 25.8896 24.167 24.7763 22.2847 22.1707 21.7136 21.4132 21.3344 21.2796 20.982 21.9232 21.1039 20.7774 23.75 20.7598 32.3466 20.6754 20.5954 20.4505 20.3394 39.4079 20.0548 20.0137 20.5385 22.2101 27.7628 32.8173 30.4978 19.9744 20.8108 19.9394 19.8958 19.8801 47.2943 24.7265 35.1466 24.2666 22.7278 22.3088 19.641 19.5769 19.531 29.9681 23.7135 58.0701 29.5209 23.6805 23.6792 19.4321 21.1955 19.4157 23.0776 26.0934 19.3913 19.2631 30.3685 29.7494 20.8761 21.2864 21.0777 19.4013 22.9615 19.2946 19.1881 19.0359 25.134 19.0205 18.9084 18.843 21.3827 22.6874 24.6444 18.7775 18.5519 18.4973 18.3371 18.238 18.0076
threshold=0.17965000122785571 0.25000000745058065 1.0000000180025095e-35 1.0000000180025095e-35 1.0000000180025095e-35 0.25000000745058065 0.47499999403953558 0.5000000149011613 0.25000000745058065 1.0000000180025095e-35 1.0000000180025095e-35 0.5000000149011613 1.0000000180025095e-35 1.0000000180025095e-35 1.0000000180025095e-35 1.0000000180025095e-35 1.0000000180025095e-35 0.37500000000000006 0.5000000149011613 0.63333332538604747 0.25000000745058065 0.5000000149011613 0.56052634119987499 1.0000000180025095e-35 0.70000001788139354 0.25000000745058065 0.52500000596046459 0.36944444477558142 0.37058824300765997 1.0000000180025095e-35 0.25000000745058065 1.0000000180025095e-35 1.0000000180025095e-35 1.0000000180025095e-35 1.0000000180025095e-35 1.0000000180025095e-35 0.75000000000000011 0.87500000000000011 1.0000000180025095e-35 0.38913042843341833 0.35869564116001135 -1.0000000180025095e-35 0.48039215803146368 0.22391304373741153 0.83333334326744091 0.37500000000000006 0.25294119119644171 0.76111111044883739 0.2434782609343529 0.27173914015293127 1.0000000180025095e-35 0.28043477237224584 0.71666666865348827 0.90000000596046459 1.0000000180025095e-35 0.25652173161506658 1.0000000180025095e-35 0.32352942228317266 0.62500000000000011 1.0000000180025095e-35 1.0000000180025095e-35 0.83333334326744091 0.53913041949272167 1.0000000180025095e-35 0.20784313976764682 1.0000000180025095e-35 0.47105263173580175 1.0000000180025095e-35 0.54999998211860668 0.27254903316497808 0.37500000000000006 0.58333334326744091 1.0000000180025095e-35 0.28478260338306433 0.41666667163372045 0.4450980424880982 0.90000000596046459 0.40980392694473272 1.0000000180025095e-35 1.0000000180025095e-35 0.28055556118488317 0.30833333730697637 1.0000000180025095e-35 1.0000000180025095e-35 0.24130434542894366 1.0000000180025095e-35 0.31956522166728979 0.47631579637527471 0.21944444626569751 0.4638888835906983 0.75000000000000011 0.62500000000000011 0.48695652186870581 0.66710001230239879 1.0000000180025095e-35 0.57631579041481029 0.33137255907058721 1.0000000180025095e-35 0.5978260636329652 0.29722222685813909 0.35869564116001135 0.29722222685813909 0.70000001788139354 0.43055555224418646 0.19782608747482303 0.35217390954494482 0.42549020051956182 0.53043478727340709 1.0000000180025095e-35 1.0000000180025095e-35 0.52500000596046459 1.0000000180025095e-35 0.5000000149011613 0.38913042843341833 0.39347825944423681 0.30217391252517706 1.0000000180025095e-35 0.25000000000000006 0.32745099067687994 0.29215687513351446 0.36739130318164831 1.0000000180025095e-35 1.0000000180025095e-35 1.0000000180025095e-35 0.41372549533844 0.40652173757553106
decision_type=2 2 2 2 2 2 2 2 2 2 2 2 2 2 2 2 2 2 2 2 2 2 2 2 2 2 2 2 2 2 2 2 2 2 2 2 2 2 2 2 2 2 2 2 2 2 2 2 2 2 2 2 2 2 2 2 2 2 2 2 2 2 2 2 2 2 2 2 2 2 2 2 2 2 2 2 2 2 2 2 2 2 2 2 2 2 2 2 2 2 2 2 2 2 2 2 2 2 2 2 2 2 2 2 2 2 2 2 2 2 2 2 2 2 2 2 2 2 2 2 2 2 2 2 2 2
left_child=-1 2 3 4 5 8 16 17 10 20 11 12 25 -14 21 23 24 19 34 55 29 67 -23 111 56 32 54 -28 116 62 31 -10 35 57 70 38 37 47 39 41 115 42 46 52 -45 -46 -2 48 -37 53 60 -40 -43 -50 64 -7 79 58 -4 76 61 65 63 -8 -13 -51 -52 80 -69 -32 -3 -72 73 75 -75 -73 -59 88 101 -6 85 84 83 102 -82 98 -84 -16 -78 90 96 93 -93 95 -94 114 -41 122 99 100 -12 -60 103 104 -83 106 107 -106 109 -104 -107 -5 113 120 -91 -39 117 -26 119 -119 -105 -53 -98 -19 -36 -34
right_child=1 18 33 15 6 7 9 -9 30 -11 14 26 13 -15 87 -17 -18 123 -20 -21 -22 22 -24 -25 28 -27 27 -29 -30 -31 69 -33 125 -35 124 36 -38 40 51 89 -42 43 -44 44 45 -47 -48 -49 49 50 66 121 -54 -55 -56 -57 -58 59 78 -61 -62 -63 -64 -65 -66 -67 -68 68 -70 -71 71 72 -74 74 -76 -77 77 -79 -80 -81 81 82 86 -85 -86 -87 -88 -89 -90 91 -92 92 94 -95 -96 -97 97 -99 -100 -101 -102 -103 108 112 105 110 -108 -109 -110 -111 -112 -113 -114 -115 -116 -117 -118 118 -120 -121 -122 -123 -124 -125 -126 -127
leaf_value=-0.0059472368235706377 0.033393401454177872 -0.010659004954247736 0.0078211362060679416 0.025406112901169155 0.011164936276010768 -0.043593480763434084 -0.031512338827732293 0.035164951468899912 -0.019479221075085693 -0.04229524177390738 0.015369323132679361 0.028733563069087743 0.059539258121483724 -0.034910774102029633 -0.0096453392741202119 -0.036054730540067359 0.039629467981392615 -0.012875433784658824 -0.029932491911946826 0.054159760470673737 -0.047008002228288187 0.047484283327316967 -0.010295822805285551 -0.041674446170895857 -0.046326066967921936 0.027582284005479629 0.036280019244758779 -0.019259799850983216 -0.019667241555425763 0.070260222564703961 -0.054048962707952043 -0.00044989086620005894 0.013916007307770121 -0.022584862298591579 -0.07748939977856166 0.022036836834067264 -0.060788555999742068 0.028789616392174061 0.0081681774683450212 -0.0023847793575351045 0.043185810757504384 -0.0096248939279466143 0.042278280452659467 0.0025627154732470784 0.0054600023182690043 0.061800894957834245 -0.020411140147040222 -0.075915901161438981 -0.040567360310655852 -0.011486416835389738 0.074553788890290115 -0.013248885050946818 0.011579564527853789 0.0059128048214332806 0.023463204728454187 0.0036968755376248852 -0.053918821537827816 -0.00039557970938054873 -0.022605363884068728 0.036468430941652329 -0.042913386797402781 0.050144866456271121 0.049671535810228054 0.019171833241853179 -0.02771765493835825 0.01770532178853022 0.0059358290942951126 -0.055180994970943677 0.029051879686974643 -0.015995076565456987 0.0084674404661524514 -0.043755432096010259 -0.0013129746891720551 0.043198008703915491 0.0021446315129773244 0.061960482713397741 -0.048680956102827501 0.04480418442269371 -0.032684843408064261 -0.037037858334541804 0.033331181993301123 -0.056032500369120809 -0.012012201134035215 -0.02339544166479697 -0.039464202128102616 -0.028751399008697609 0.049669312973128855 -0.055347503356054706 0.013865114682188243 -0.041307605272301012 -0.064515201506311168 0.021866210576339383 -0.014555699597216233 -0.0033671045493834139 0.035739480644067817 -0.0037150453109626247 0.0038829949135531397 -0.040992298635199043 0.053122066489583758 0.019288875835431415 -0.031144113970253996 0.031218786180052412 0.010965557694007748 0.038321773384372038 0.014673933955064375 0.013574320082659878 -0.031083196644120521 -0.04508676186345479 0.03777281322370607 -0.032083376903486303 0.046704639218404564 -0.023739654949939303 -0.015191679485536558 -0.016502951769843562 -0.016493192065705126 -0.063010583613755639 -0.04515392663556389 0.010986318660393644 0.019801269461175601 -0.03019129858414555 -0.0030651593949494712 0.035287716931205741 0.033676297195831782 -0.048289114684740723 0.0054526629403660294 0.06987452449112215
leaf_weight=2798.0615743771195 21.385352626442909 101.96618495881557 421.68038186430931 320.74959311634302 491.78949165344238 26.461768463253975 33.677085414528847 48.079496398568153 249.32354727387428 25.146318525075912 67.508671440184116 17.038169652223587 14.480154216289518 140.71436277776957 81.147744044661522 29.327202439308167 51.647577255964279 1241.6567464582622 46.122756376862526 24.628580093383789 15.210914224386213 76.106414377689362 31.3226268440485 16.22026763856411 20.011648207902908 79.639406800270081 55.680015236139297 86.620632082223892 244.95784368366003 23.566797077655792 40.071334645152092 779.83731719851494 67.224246025085449 61.405404776334763 13.253480121493341 68.221628129482269 34.046255141496658 11.155248612165453 167.90222917497158 2634.1354163736105 59.967936225235462 726.21802678704262 26.233452573418617 10694.244102835655 50.931118309497833 42.062159076333046 272.90631806850433 12.202885702252386 103.28615617752075 544.39062596857548 15.833098933100699 740.28365771472454 148.47485858201981 33.204520255327225 24.350845351815224 241.56784783303738 13.768901467323301 855.39271508902311 17.790779739618301 48.808887369930744 41.982371032238007 17.92410172522068 49.789820499718189 482.33656717836857 337.71696123480797 67.964615687727928 34.560062155127525 37.195581123232841 22.156766772270203 254.62772392481565 983.1992482021451 24.536898612976074 80.308786690235138 207.69157484918833 63.581882797181606 9.4496176391839963 13.965869963169096 51.268495336174965 14.166822202503679 22.381343185901642 13.174118533730505 16.189717769622803 19.9416284263134 109.41294758021832 87.392394438385963 29.820457220077515 55.338164672255516 33.097121819853783 120.07562573254108 94.35226583480835 17.812899902462959 263.34577944874763 275.4525753557682 2167.8455217480659 25.576467782258987 320.34042292833328 1983.1173595041037 25.739728808403015 33.218810588121414 421.46764963120222 54.488342419266701 281.6324910223484 732.98129820823669 62.696757853031158 176.02681194245815 125.85116052627563 38.467107474803925 16.104704082012177 64.149513110518456 32.3420240432024 67.526306599378586 21.17189085483551 309.06383011490107 80.02095927298069 425.40527674555779 11.282644882798193 20.923305243253708 82.071679726243019 163.76080561429262 65.203781053423882 48.689990371465683 20.22529710829258 53.502178341150284 37.66217390820384 13.257612392306326 18.287931248545647
leaf_count=12160 89 443 1771 1361 2118 111 147 245 1102 109 287 72 59 632 350 123 236 5900 242 102 78 339 134 69 86 369 240 375 1145 107 211 3324 299 260 57 286 145 50 708 11006 277 3048 114 44735 216 184 1145 50 432 2304 66 3151 623 144 102 1020 58 3675 87 224 174 81 225 2137 1442 287 145 160 96 1246 4468 156 451 1191 326 47 66 271 65 95 64 67 87 468 386 135 236 141 577 395 78 1104 1163 9045 106 1368 8313 107 142 1801 231 1360 3225 256 727 525 158 67 290 141 292 92 1321 324 1825 51 100 365 731 296 197 85 223 206 58 77
internal_value=-1.94252e-07 0.000480662 9.72649e-05 -0.000363939 -0.000560573 -0.00100917 0.00663745 -0.00928453 -0.000519205 0.0167316 -0.000106014 -0.000763027 -0.000428561 -0.0260983 0.00505009 0.0152607 0.00123456 -0.010644 0.00869378 0.00366764 0.0191867 0.00617836 0.0306376 0.0194627 -0.000528316 -0.000250861 -0.0152434 0.00247206 -0.00756158 0.0208951 -0.00864599 -0.00505992 -0.000350087 0.00772025 0.00988366 -0.000450894 -0.00743673 -0.00565936 -0.000102871 0.000273429 0.0266971 0.00177478 -0.0116905 0.00214487 0.00280738 0.0309438 -0.0165013 -0.00849721 -0.00761007 -0.00996423 -0.00631976 -0.00831827 -0.00602554 -0.02926 -0.0218931 -0.000971961 0.00742403 0.00874005 0.0152665 0.00433556 -0.00885454 -0.00658591 0.018839 0.015864 -0.0250064 -0.00824646 0.027495 0.00521275 -0.0237361 -0.0211694 0.010711 0.0123029 0.0220834 0.0282386 0.0335758 -0.0143622 0.00282853 0.017711 0.0252783 0.00906672 0.00585823 0.00351099 0.00523129 0.00410587 -0.0299281 0.0138127 0.0333299 -0.0228854 0.0073484 -0.00189753 0.000215519 -0.00468607 0.0047186 -0.00645065 -0.0102824 -0.0144076 0.000461031 0.00409582 0.0160137 0.0137455 -0.00540528 0.0280207 0.00580577 0.000907714 0.0104874 0.0130275 0.00286739 0.00966472 0.0113602 0.00914634 0.0251432 0.022363 -0.00751765 0.0048735 -0.0209978 -0.0173711 0.000863481 0.00377193 0.00699517 -0.00724439 0.0202305 -0.0119581 0.00466567 -0.013918 -0.0360119 0.0258835
internal_weight=37403.4 34605.4 33062 31175.8 30788.3 28982.1 1806.24 1620.06 27362 629.728 26038.2 23095.3 22573.9 155.195 2942.9 387.469 1176.52 1571.98 1543.37 292.658 604.581 2828.65 107.429 358.142 1124.87 22418.7 521.407 142.301 596.929 589.37 1323.86 1029.16 22339 1886.19 1497.25 22253.5 1056.02 1021.98 21197.5 20269.1 82.4058 11982.5 320.525 11661.9 10787.2 92.9933 294.292 939.57 927.367 859.146 722.655 928.411 874.693 136.491 379.106 268.03 527.94 1824.78 735.27 1089.51 672.262 630.279 565.803 516.014 354.755 612.355 50.3932 2721.23 59.3523 294.699 1470.73 1368.77 385.569 305.26 271.273 33.9865 1040.7 185.31 313.59 514.171 2661.87 2055.37 1954.8 1879.52 100.567 606.504 75.2798 114.245 134.041 8286.63 4714.31 3572.32 564.375 3007.94 301.029 840.098 4696.49 2062.36 576.683 543.465 121.997 299.423 1770.11 940.637 440.166 423.976 230.599 192.132 829.473 765.323 193.377 341.921 500.472 191.408 519.758 22.4379 351.971 331.048 311.036 147.275 111.387 760.509 2036.62 1279.32 26.5111 85.5122
internal_count=160737 148577 141138 132782 131137 123104 8033 7584 115520 2803 109637 96990 94759 691 12647 1645 5230 7339 7439 1233 2694 12156 473 1522 4994 94068 2231 615 2723 2616 5883 4426 93699 8356 7197 93323 4492 4347 88831 84887 378 50154 1348 48806 45135 400 1234 3969 3919 3633 3057 3944 3671 576 1616 1131 2271 8096 3283 4813 2846 2672 2509 2284 1514 2591 211 11683 256 1457 7082 6639 2171 1720 1517 203 4589 914 1512 2213 11427 8831 8381 8058 450 2596 323 491 643 34733 19727 15006 2373 12633 1269 3588 19649 8643 2461 2319 518 1447 7590 3934 1836 1769 952 794 3656 3366 817 1453 2098 777 2220 101 1578 1478 1392 661 453 3236 8536 6106 115 376
is_linear=0
shrinkage=0.05


Tree=56
num_leaves=127
num_cat=0
split_feature=205 244 210 198 286 148 79 65 54 76 64 71 208 62 152 63 61 64 62 106 199 70 15 152 17 76 63 198 61 198 61 15 261 60 61 62 203 261 148 61 78 76 63 79 62 64 76 202 51 199 209 198 62 201 62 203 45 201 203 286 203 65 186 62 217 199 65 62 164 203 62 63 201 201 201 62 152 61 198 62 153 205 64 200 203 201 286 63 199 217 160 199 203 202 60 201 60 161 211 63 65 61 47 199 60 199 195 60 60 61 24 33 201 205 217 29 62 194 62 61 63 201 22 199 24 198
split_gain=46.9108 34.5297 33.7337 34.7719 30.7969 31.1313 30.4667 28.0719 39.7374 36.8521 26.5503 26.1806 28.5508 23.9048 23.857 29.8888 27.0548 25.4263 26.1266 24.8168 23.7012 22.7556 23.8948 26.8626 22.566 21.9372 21.3508 23.7035 20.6072 20.4834 20.4279 20.2841 24.3291 21.9458 20.1728 24.0082 21.7511 24.2684 19.9135 19.8028 19.7532 19.7106 19.501 19.4424 19.3007 19.228 18.6925 18.6865 18.6218 18.2983 18.1489 18.036 26.2752 17.9393 17.5286 26.5621 20.9302 19.7093 17.4927 17.4365 28.265 30.5341 21.0233 17.43 23.1164 19.7585 20.8477 28.8379 17.3021 17.0092 19.4027 16.8531 21.2731 18.1989 33.6688 16.7937 20.0496 16.7069 16.6235 21.254 17.9714 16.4067 16.1387 16.4506 21.0668 18.525 16.1385 16.1158 15.7796 16.9593 19.1465 15.6903 15.6627 15.2953 16.9791 19.6506 15.2615 15.2003 15.1285 21.9935 15.1248 16.8903 17.4035 15.0806 15.031 14.9437 14.9432 14.7672 14.7406 14.9291 19.3579 14.8144 14.6636 14.6029 14.4973 14.4962 14.4815 15.9288 15.4598 22.8808 14.4686 18.8271 14.4564 14.3742 14.2309 14.1897
threshold=0.62944999337196361 1.0000000180025095e-35 1.0000000180025095e-35 0.26470589637756353 0.37500000000000006 1.0000000180025095e-35 1.0000000180025095e-35 0.36944444477558142 1.0000000180025095e-35 1.0000000180025095e-35 0.55434781312942516 1.0000000180025095e-35 1.0000000180025095e-35 0.29782609641551977 1.0000000180025095e-35 0.25257731229066854 0.47631579637527471 0.43260869383811956 0.30217391252517706 1.0000000180025095e-35 0.26842105388641363 1.0000000180025095e-35 0.5000000149011613 1.0000000180025095e-35 1.0000000180025095e-35 -0.25000000745058054 0.5850515365600587 0.35098040103912359 0.3605263233184815 0.22156862914562228 0.26842105388641363 0.5000000149011613 1.0000000180025095e-35 0.65686276555061351 0.37368421256542211 0.5978260636329652 0.55833333730697643 1.0000000180025095e-35 0.62500000000000011 0.38157895207405096 0.58333334326744091 0.25000000745058065 0.64175257086753856 -1.0000000180025095e-35 0.25652173161506658 0.28478260338306433 0.58333334326744091 0.27173914015293127 1.0000000180025095e-35 0.61315789818763744 1.0000000180025095e-35 0.55686277151107799 0.28043477237224584 0.28092782199382788 0.39347825944423681 0.46944443881511694 1.0000000180025095e-35 0.7345360815525056 0.27222223579883581 0.87500000000000011 0.37500000000000006 0.22777777910232547 1.0000000180025095e-35 0.26521739363670355 1.0000000180025095e-35 0.38157895207405096 0.63333332538604747 0.48695652186870581 1.0000000180025095e-35 0.49722221493721014 0.52826088666915905 0.66752576828002941 0.4587628841400147 0.46649484336376196 0.52577319741249096 0.34565217792987829 1.0000000180025095e-35 0.72631579637527477 0.30392158031463629 0.39347825944423681 1.0000000180025095e-35 0.23335000127553943 0.26739130914211279 0.39347825944423681 0.36944444477558142 0.36340205371379858 1.0000000180025095e-35 0.32216493785381323 0.33947369456291204 1.0000000180025095e-35 1.0000000180025095e-35 0.68157896399497997 0.54166665673255932 0.55869564414024364 0.34705883264541632 0.28092782199382788 0.34313726425170904 1.0000000180025095e-35 1.0000000180025095e-35 0.48195876181125646 0.63333332538604747 0.31052631139755255 1.0000000180025095e-35 0.52105262875556957 0.44901961088180548 0.52894738316535961 1.0000000180025095e-35 0.34705883264541632 0.33529412746429449 0.29736842215061193 1.0000000180025095e-35 1.0000000180025095e-35 0.40463916957378393 0.20054999738931659 1.0000000180025095e-35 1.0000000180025095e-35 0.49782608449459081 1.0000000180025095e-35 0.47173912823200231 0.41315789520740515 0.51030924916267406 0.61597937345504772 1.0000000180025095e-35 0.53421053290367138 1.0000000180025095e-35 0.35490196943283087
decision_type=2 2 2 2 2 2 2 2 2 2 2 2 2 2 2 2 2 2 2 2 2 2 2 2 2 2 2 2 2 2 2 2 2 2 2 2 2 2 2 2 2 2 2 2 2 2 2 2 2 2 2 2 2 2 2 2 2 2 2 2 2 2 2 2 2 2 2 2 2 2 2 2 2 2 2 2 2 2 2 2 2 2 2 2 2 2 2 2 2 2 2 2 2 2 2 2 2 2 2 2 2 2 2 2 2 2 2 2 2 2 2 2 2 2 2 2 2 2 2 2 2 2 2 2 2 2
left_child=6 2 4 105 25 114 11 8 30 21 93 12 14 -11 19 125 24 29 -19 31 -14 22 39 45 78 -2 27 -3 -13 58 106 33 69 34 38 36 41 -38 108 71 63 86 48 -23 -45 -24 50 -22 115 100 54 59 -53 -37 77 56 -56 116 -18 -32 62 75 -61 -41 65 87 -67 -68 88 70 113 73 -73 97 124 -62 -77 98 79 -17 82 -82 -80 85 112 -84 103 92 -15 90 -90 -63 -65 94 -5 -96 -20 -9 -27 -100 101 -46 -103 107 -87 -4 -7 -36 109 110 -1 -111 -85 -33 -6 -40 117 118 119 120 -57 -122 -98 -52 -75 -16
right_child=1 26 3 10 5 7 -8 9 -10 13 -12 28 20 68 15 16 17 18 96 -21 47 43 23 -25 -26 46 -28 -29 -30 -31 51 32 -34 -35 35 53 37 -39 42 40 -42 -43 -44 44 49 -47 -48 -49 -50 -51 123 52 -54 -55 55 57 -58 -59 -60 60 61 91 -64 64 -66 66 67 -69 -70 -71 -72 72 -74 74 -76 76 -78 -79 80 -81 81 -83 83 84 -86 104 -88 -89 89 -91 -92 -93 -94 -95 95 -97 122 -99 99 -101 -102 102 -104 -105 -106 -107 -108 -109 -110 111 -112 -113 -114 -115 -116 -117 -118 -119 -120 -121 121 -123 -124 -125 -126 -127
leaf_value=0.0016010966636010313 0.034893833426019559 0.0060499561083714329 0.062918924693476819 -0.0099013577524643247 -0.0097737892266739641 -0.0094911124093153814 0.01371340670060138 -0.0036863529838316931 0.038037202632200673 -0.028739614139644456 0.043811337727032773 -0.050984720164626775 -0.022883328155301252 -0.030775943104289091 -0.027131685162362369 0.036645154397837658 0.016215569027376916 -0.087266025869065303 0.018239853217798998 0.038390077779598651 -0.0048437784831169596 0.027644926918348574 0.01671884491116362 0.02420470180321424 0.049982530955288332 0.00037212968497736683 -0.076260712008773046 -0.045515710605630234 -0.0079627300833473701 0.010447081977582292 0.0023879639547934491 0.0027472624363429248 -0.072920607582344768 -0.02737198080845751 -0.010698660737637783 0.015735073259399719 -0.0070389972762850269 0.03409857211072486 0.016728850793443648 -0.018952085658162702 0.024235553653330112 0.026728656542236669 -0.011736882840415318 0.023070936225794061 0.020862123359053457 -0.046226130487996571 0.023628735821642877 0.01624058878638792 -0.019064961235796929 0.0071198082254046811 0.034724199236165126 -0.034582893467853773 0.027139182185240054 -0.022811295284268018 -0.0064881088208296328 0.026706896523683261 0.023024193189349632 -0.019942714012452303 -0.057783328321857556 -0.030648423222920398 0.030247245146807322 0.025303557152516334 0.036329974840636138 0.013023307437461351 -0.019988983961524438 -0.0035569917449567636 0.021477164219152554 -0.020129667432804081 0.06901834176672883 0.0095248523674232519 0.037715874550006218 0.0028720158431953385 -0.040566719973206065 0.021509749686689367 0.00031556676967741683 -0.046201268259418143 0.020413389515106059 0.017405663019170164 0.050708167704639776 0.0054947301033918374 0.024244232470755828 -0.046848589800357762 0.027480306618545527 0.019270882254947552 0.038385051983488024 -0.014011723762196294 0.0005782444691664031 -0.015260406476860401 0.038862670834144956 -0.033048722388429208 -0.010891924752614036 -0.030272680533455422 -0.025970143521965961 0.057070069918352229 0.046536991255785649 0.0012901711745821744 -0.027278952970298288 0.054881017506983057 0.0013792437920575173 0.052767504846260055 0.0043288722681236683 -0.039473356153832788 0.022634168772948583 0.025401302484553235 0.044608875646751006 0.015180895126103433 -0.061047356449173251 0.023258980967042691 -0.0057389053362710309 0.01172925997794267 -0.032735758406454568 -0.016786172129415119 -0.036618641256358921 -0.032303277562095674 -0.027759380447733892 0.061404352026240838 0.0069211636006693365 0.028096590104371755 -0.014633769028902975 -0.0039983862438544536 -0.0070737473731826974 0.035332610775455742 0.030658134167893644 -0.0011419160242506828 0.058168825391375134 0.0044882531877158734
leaf_weight=520.34431294351816 44.781521834433079 46.048311620950699 43.692775398492813 188.89127506315708 861.33196076005697 293.42186108976603 576.2325574234128 555.75835330039263 71.127140641212463 25.422411844134331 42.051683455705643 37.765459269285202 48.74656280875206 15.115993231534956 85.568426981568336 145.15775103121996 12.861546039581297 11.772710189223288 36.009672358632088 43.256065107882023 124.07379038631916 21.855109393596649 14.095636233687399 21.394256725907326 47.956682935357094 9706.5620125979185 19.832604922354221 43.187194854021072 105.84401308000088 486.42232548445463 2086.8249342441559 39.881448104977608 16.000374376773834 68.495633944869041 87.876703262329102 36.05917476862669 1190.1045454069972 36.964698776602745 493.63063082098961 275.78467384725809 51.529503308236599 76.772431336343288 71.974554777145386 23.12456151843071 13.712756752967833 87.115932248532772 82.193410858511925 686.68452213704586 35.51884625852108 40.484038800001144 66.055852845311165 19.969244435429573 126.28639946132898 185.25937193632126 2915.2325208485126 111.70572650432587 61.340885072946548 105.0221042484045 21.068973004817963 146.21665363758802 13.197182416915892 106.9424120336771 12.736266314983366 107.56913693249226 256.63009137660265 1435.2205513119698 188.82173112779856 53.430557161569595 18.419007003307343 81.044724836945534 14.177661284804342 61.923221677541733 51.730293817818165 132.92901784181595 276.09801187366247 51.35935366153717 14.480182796716688 149.41254706680775 24.441093027591705 87.928143098950386 11.778157189488409 26.096166551113129 44.711442217230797 28.894255951046944 79.070452302694321 135.20852264761925 5057.7408182621002 543.23438031971455 96.024789191782475 12.190107822418211 24.210993081331253 14.411027535796164 33.858842998743057 11.932441443204878 33.725821405649185 83.17590719461441 84.418430328369141 11.303811207413672 53.942591086030006 33.91011443734169 30.45406885445118 218.0208565145731 11.894831597805021 129.86484644562006 11.897423937916754 26.237737849354744 14.761710613965986 50.364874392747879 429.89566439390182 664.2313232421875 44.56182524561882 48.900578282773495 19.763250291347504 116.58186649531126 128.79437769204378 18.850820809602737 947.06914541870356 44.779581531882286 209.93974061310291 787.95311740785837 112.25928398966789 34.131134077906609 12.340743258595465 48.406909465789795 33.056918501853943 60.614116095006466
leaf_count=2217 227 198 184 794 3787 1443 2580 2608 316 114 183 160 216 69 374 641 56 50 157 216 550 107 60 94 208 40475 93 225 448 2126 9076 170 68 298 365 154 5096 159 2265 1211 294 369 321 100 61 432 414 3060 151 184 277 87 584 806 12125 462 257 441 92 750 64 500 60 477 1142 6246 807 235 89 352 60 268 227 638 1205 271 77 617 109 383 52 114 202 130 358 591 21694 2447 449 53 113 66 149 49 144 353 368 49 231 143 135 1008 51 541 51 110 68 210 1837 2808 191 211 86 495 599 85 3948 186 879 3277 468 144 55 203 139 265
internal_value=5.90627e-08 -0.00126433 -0.00114011 0.0127465 -0.0013865 -0.0037669 0.00248215 -0.00269562 0.00111465 -0.00508325 0.00647583 0.00194442 0.00220069 0.0164101 0.00151686 0.0074378 0.00980023 0.00267376 -0.0158781 0.000603802 0.0109781 -0.00598711 -0.0049516 -0.0266996 0.0169481 -5.10097e-05 -0.0293354 -0.0189062 -0.0192764 0.00782703 0.000209259 0.000432024 -0.0131367 0.000824799 0.00103521 -0.000331144 0.000209655 -0.00579975 0.00505638 -0.00429628 -0.00644968 0.00157454 0.0127319 -0.0180587 -0.0210166 -0.0374598 -0.000152166 0.013014 0.0159457 -0.0242576 -0.000279192 0.00165599 0.0187119 -0.016531 -0.000427845 -0.00274158 -0.00587992 0.0012287 -0.0297336 0.00063623 -0.00953667 0.00295256 -0.0252817 -0.00699594 -0.00573683 -0.00418843 -0.00126694 0.0123005 0.0233263 -0.00933605 -0.0182939 0.00135397 -0.0168995 0.00340974 0.0110144 -0.0212319 -0.0315506 0.00081221 0.0143719 0.0248941 0.00794922 -0.0247401 0.0115485 0.00855324 0.0224558 -0.000704262 0.00121194 -0.0113463 0.0176221 0.0231466 0.028844 0.0187037 0.003688 0.00153439 -0.000632685 0.0143438 -0.00954811 -0.00251887 0.000559079 0.0212145 -0.0288923 -0.033045 -0.0362602 0.0131664 -0.00927069 0.0450077 -0.0119606 0.00167296 0.00227018 0.00496421 -0.00110752 0.00977391 -0.0034298 -0.0233691 -0.0121133 0.0183722 0.00221786 -0.00120654 -0.00225128 0.000233852 0.0131546 0.00281336 -0.0198896 0.0195562 0.0288106 -0.0140206
internal_weight=37369.4 24757.7 24648.7 429.708 24219 8704.28 12611.7 7714.15 2971.73 4742.41 359.777 12035.4 11891.8 191.383 11032.3 1473.98 1327.8 664.894 144.542 9558.35 859.505 4551.03 4191.48 122.606 662.903 15514.7 109.068 89.2355 143.609 520.353 2900.61 9515.1 267.686 9247.41 9178.92 6851.01 6629.69 1227.07 2327.91 4068.88 2946.08 5402.62 619.975 359.546 337.691 101.212 15469.9 810.758 548 314.567 15387.7 2592.42 146.256 221.319 15273.3 5329.43 2976.57 2352.86 33.9305 2446.17 359.343 200.39 158.953 2894.55 2618.77 2362.14 1677.47 242.252 165.961 251.686 170.641 1122.8 113.654 1009.15 442.084 79.0367 65.8395 9943.83 614.947 233.086 381.861 37.8743 343.986 319.545 127.728 191.817 5325.85 684.662 147.542 132.426 120.236 121.353 141.428 317.725 305.793 116.902 132.769 567.062 9794.41 87.8527 274.083 243.628 229.916 268.106 147.106 69.9305 308.184 138.242 1707.93 1278.04 564.906 713.132 48.6575 156.463 990.126 512.481 2247.84 1300.77 1255.99 1046.05 258.096 146.39 96.7592 114.463 165.986 146.183
internal_count=160737 106116 105600 1817 103783 39009 54621 34623 13362 21261 1523 52041 51433 887 47607 6468 5829 2904 630 41139 3826 20374 18728 586 2925 64774 516 423 608 2274 13046 40923 1145 39778 39480 29394 28434 5255 10086 18142 13008 23179 2822 1646 1539 492 64547 3610 2501 1439 64133 11535 671 960 63653 22187 12382 9805 148 10864 1788 978 810 12714 11503 10361 7288 1042 773 1077 725 5134 495 4639 1982 412 348 41466 2717 1024 1693 166 1527 1418 574 844 22810 3073 684 615 562 566 626 1340 1291 497 580 2657 40849 374 1255 1120 1059 1116 642 294 1511 575 7264 5427 2408 3019 216 665 4386 2350 9364 5416 5230 4351 1074 612 423 480 777 639
is_linear=0
shrinkage=0.05


Tree=57
num_leaves=127
num_cat=0
split_feature=205 210 215 213 223 201 202 153 209 17 13 151 151 85 202 13 286 199 214 14 216 199 199 162 63 60 13 60 60 60 202 63 64 199 173 101 51 198 198 202 151 13 198 60 63 199 249 203 201 34 213 198 286 63 286 39 203 199 152 63 77 201 64 152 205 201 198 65 148 162 203 199 63 203 203 155 201 172 64 199 199 199 198 13 201 60 201 199 202 63 62 201 216 77 198 151 198 62 199 28 67 202 201 65 203 201 196 286 198 60 208 171 168 199 63 203 13 202 32 28 75 162 171 65 153 205
split_gain=43.347 42.9031 42.5616 40.7734 41.7911 37.1403 36.3905 34.2014 33.2287 33.9809 32.643 40.3823 37.06 31.2698 31.1353 30.8527 30.179 29.9853 27.8131 26.5269 35.281 26.7643 27.7593 26.3944 30.1643 23.6731 22.9857 29.0694 35.8634 22.1514 21.7858 21.6895 23.0286 21.9473 21.5276 21.76 21.5399 21.3368 27.6229 22.9803 20.9427 22.1172 20.809 20.7587 20.5316 20.4147 20.0525 19.9687 19.8024 26.7 24.9731 22.6334 39.1 29.797 27.9853 32.1004 28.4062 26.7137 29.5072 20.4928 20.1573 19.7244 19.2129 20.86 18.9851 18.8637 28.3085 22.4085 35.2591 21.6295 24.5713 23.7761 20.0142 18.7417 19.2508 18.7051 18.4335 34.2005 18.2964 17.9127 17.8549 19.5687 17.7691 17.7579 17.6761 24.1066 21.7187 20.9062 19.188 18.4167 17.5756 37.0339 28.3641 19.0305 22.3087 19.037 18.0586 17.7929 17.5674 21.5673 18.356 17.4397 35.9658 25.6678 24.3578 21.5552 21.2711 19.903 18.812 19.7935 18.4884 19.006 17.3582 17.3478 17.3338 17.3285 17.1944 17.0888 19.4327 18.1996 17.0854 16.9881 16.9292 18.4832 17.0646 16.8756
threshold=0.38285000622272497 1.0000000180025095e-35 0.25000000745058065 1.0000000180025095e-35 1.0000000180025095e-35 0.38402061164379125 0.44130434095859533 0.5000000149011613 1.0000000180025095e-35 1.0000000180025095e-35 0.70000001788139354 0.5000000149011613 0.70000001788139354 1.0000000180025095e-35 0.28043477237224584 1.0000000180025095e-35 0.37500000000000006 0.34736841917037969 0.25000000745058065 1.0000000180025095e-35 1.0000000180025095e-35 0.47631579637527471 0.68684211373329174 1.0000000180025095e-35 0.62628865242004406 0.25294119119644171 0.30000000447034841 0.4607843160629273 0.44901961088180548 0.25882354378700262 0.37173913419246679 0.54381442070007335 0.34565217792987829 0.67105263471603405 1.0000000180025095e-35 1.0000000180025095e-35 1.0000000180025095e-35 0.32745099067687994 0.39019608497619634 0.55434781312942516 0.90000000596046459 0.70000001788139354 0.2431372553110123 0.48627451062202459 0.22938144207000735 0.41842105984687811 1.0000000180025095e-35 0.64722222089767467 0.39948453009128576 1.0000000180025095e-35 -0.25000000745058054 0.63725492358207714 0.87500000000000011 0.44587628543376928 0.87500000000000011 1.0000000180025095e-35 0.39722222089767462 0.42368420958518987 1.0000000180025095e-35 0.38402061164379125 0.41666667163372045 0.4097938090562821 0.31086955964565283 1.0000000180025095e-35 0.49414999783039099 0.53350514173507702 0.57647061347961437 0.30833333730697637 0.87500000000000011 1.0000000180025095e-35 0.46944443881511694 0.45526316761970526 0.31443297863006597 0.61388888955116283 0.73611110448837291 1.0000000180025095e-35 0.37371133267879492 1.0000000180025095e-35 0.54782608151435863 0.39210526645183569 0.39736843109130865 0.42894735932350164 0.33137255907058721 0.90000000596046459 0.42010308802127844 0.18235294520854953 0.36340205371379858 0.31052631139755255 0.56956520676612865 0.64175257086753856 0.33695651590824133 0.42010308802127844 1.0000000180025095e-35 0.41666667163372045 0.20784313976764682 1.0000000180025095e-35 0.29215687513351446 0.19347825646400454 0.46578946709632879 1.0000000180025095e-35 0.6163499951362611 0.42826087772846227 0.55927833914756786 0.49722221493721014 0.34722222387790685 0.57474225759506237 1.0000000180025095e-35 0.62500000000000011 0.31176471710205084 0.33137255907058721 1.0000000180025095e-35 1.0000000180025095e-35 1.0000000180025095e-35 0.83421051502227794 0.71391752362251293 0.46944443881511694 0.70000001788139354 0.49782608449459081 1.0000000180025095e-35 1.0000000180025095e-35 0.58333334326744091 1.0000000180025095e-35 1.0000000180025095e-35 0.71666666865348827 0.5000000149011613 0.14844999462366107
decision_type=2 2 2 2 2 2 2 2 2 2 2 2 2 2 2 2 2 2 2 2 2 2 2 2 2 2 2 2 2 2 2 2 2 2 2 2 2 2 2 2 2 2 2 2 2 2 2 2 2 2 2 2 2 2 2 2 2 2 2 2 2 2 2 2 2 2 2 2 2 2 2 2 2 2 2 2 2 2 2 2 2 2 2 2 2 2 2 2 2 2 2 2 2 2 2 2 2 2 2 2 2 2 2 2 2 2 2 2 2 2 2 2 2 2 2 2 2 2 2 2 2 2 2 2 2 2
left_child=14 2 3 4 8 18 17 16 10 -10 11 26 84 15 42 -13 75 83 31 46 21 47 117 24 30 -19 73 28 45 -27 -7 33 -33 43 35 101 -36 90 -39 -40 41 44 -1 62 -16 -28 48 -21 49 50 -14 54 53 -53 76 56 -56 58 -58 -51 64 -43 -5 -64 -50 67 -67 68 72 113 -71 -72 -66 120 -75 78 122 -78 -4 -70 -63 82 -82 -3 86 -86 87 89 114 -12 93 96 -93 94 -18 -96 -92 -97 99 100 -47 102 104 110 106 -104 -17 -106 -109 -110 111 -103 -20 -69 -89 -88 -42 118 119 -23 121 -2 123 124 -52 -44
right_child=1 6 7 5 -6 23 -8 -9 9 -11 12 13 19 -15 40 34 37 25 112 20 -22 22 -24 -25 -26 29 27 -29 -30 -31 -32 32 -34 -35 36 -37 -38 38 39 -41 116 61 125 -45 -46 98 -48 -49 60 59 51 52 -54 -55 55 -57 57 -59 -60 -61 -62 80 63 -65 65 66 -68 69 79 70 71 -73 -74 74 -76 -77 77 -79 -80 -81 81 -83 -84 -85 85 -87 115 88 -90 -91 91 92 -94 -95 95 97 -98 -99 -100 -101 -102 103 105 -105 107 -107 -108 108 109 -111 -112 -113 -114 -115 -116 -117 -118 -119 -120 -121 -122 -123 -124 -125 -126 -127
leaf_value=0.011612663217634919 0.0028978185223692159 0.06160145956733179 0.010165907347077513 0.0068887258936513596 0.027188707368117196 -0.00074575199046325884 0.036294493246817952 0.0332437815659428 0.023728969707267369 -0.043543705636865007 0.0056202212045115664 0.035955287450106059 0.058286301707319757 -0.039247078590414687 -0.013114633825747202 -0.0022236544825937395 -0.051481275912785042 0.031650483649558185 -0.029170557363745783 -0.014835239022661154 0.037149022547456723 -0.0056353700330049735 -0.032571212281961463 -0.018906417758163738 -0.023747002954601165 -0.052302099578179412 -0.0092215719275384068 0.009424211518679065 -0.04078268401431831 0.00053003410337235134 0.017521319745046744 0.036538540658677329 -0.0028594372164892773 -0.028810967092599223 -0.0062882466419038 -0.036881681995215784 -0.069254267922291043 0.0069773331082659922 -0.018297420629608197 0.022910815605527855 0.029680356375965968 -0.0082250788122815374 0.0013961059911235252 -0.039703840983788326 0.0075641498252953625 -0.0076040675235073147 -0.046478909806751352 -0.054588312740221689 0.013822311787202399 -0.011291023983365404 -0.0029663108719678402 0.02850204954210055 0.061077747556834983 -0.028097073413293695 -0.039359535241387314 0.042586321139623066 -0.026960389664095093 0.055246394335210905 0.054330767368111578 -0.060194530313622756 0.029904160928213238 -0.0059586936803860272 -0.015447767760701409 0.021859633165397525 -0.0089138202740280548 -0.0036093667653182117 0.064511827363107274 0.00033508971922986382 0.0017979938214439163 0.029677006132121014 -0.032106149697078167 0.018424317534191572 0.018441443006552229 -0.011719399015866888 0.01351290860667536 -0.048840749052341842 -0.018511200977352395 0.051750410182162171 -0.03257163597803707 0.063144418714311007 0.047603200827948798 0.0045855794646764061 0.0017408608953513602 -0.0042719304322263616 0.048312969730292185 -0.0050063884633905036 -0.034188184028579198 -0.010763242556154989 -0.051373397436809909 0.07121081098919492 0.028179045778218705 -0.016106527368854463 -0.0439713241675707 0.035649107560879467 -0.043078154314878082 0.044045984625128459 -0.01963245432631891 -0.0069110263454177385 -0.003764308381920386 -0.043312482619672452 0.013291162034415833 0.011766311471921339 -0.021552673495914165 0.0016031754807404163 0.0075561123618411163 -0.0015612943190832123 0.029677806905737309 0.038677333137107056 0.036121111941084381 -0.018002423129632388 0.042858604332710687 0.051184140578537686 0.018641061858555644 -0.033703881369030908 0.032882204378117667 -0.011184799294910487 0.0090620253620983093 0.036187570774306448 0.040693795647223668 0.038299638002870173 0.037146859394772004 -0.0056080883158468146 0.02038448172528182 0.022658628708846527 0.027252694330493089 -0.012439889791350706
leaf_weight=179.53300140798092 4837.4408513829112 35.9114710688591 290.43584536015987 201.80055970698595 140.26751337945461 327.46942164748907 124.7712492197752 47.659433372318745 225.25127700716257 20.478004485368729 63.896867953240871 78.357543975114822 17.127507910132408 40.581019729375839 126.45909935235977 945.28644152730703 33.125580064952374 59.156058788299561 273.47773617506027 533.65652339160442 41.768195256590843 368.42355863004923 63.075028792023659 140.26690494269133 82.388985067605972 20.940041035413742 1329.3456877917051 395.81346932053566 67.975533097982407 377.72300469875336 325.42009578645229 46.606566339731216 181.65165611356497 160.72810788452625 239.5181213542819 30.751351237297058 14.398701190948485 246.02732062339783 356.05066972225904 37.38421493023634 110.69507626444101 595.31586360931396 363.5371470078826 48.723308883607388 2363.3940196707845 140.86241868138313 22.737896211445332 33.577485904097557 329.56349554657936 58.124918818473816 1486.6970142051578 47.122240245342255 37.448438987135887 45.908601149916649 133.19965753704309 19.588394969701767 77.090481489896774 15.82452070713043 13.053143098950384 33.925372958183289 67.771274298429489 359.29801820218563 386.19518650323153 41.494082421064377 105.75662286579609 1481.4885568842292 15.409398272633551 1168.5410038083792 15.530932828783987 135.03587882220745 41.177828848361969 53.558066695928574 181.81972439587116 460.89825605601072 90.422167778015137 16.051143661141396 250.05762860178947 18.608407199382782 27.406157776713371 50.889157749712467 54.055944576859474 622.93662817776203 34.662852928042412 14.306652098894117 21.567429184913635 1239.4992487356067 176.49733393639326 626.07524093985558 28.107337921857834 12.855225726962088 42.722050666809082 164.77971545606852 204.87551283836365 21.738966651260853 33.533971026539803 18.66787326335907 36.728773891925812 208.06517569720745 2097.1651856303215 21.273996755480766 414.04925900697708 838.49697958678007 181.62342913448811 583.06735291332006 1752.7001557052135 523.42092747241259 55.309988491237164 104.57604114711285 29.429424539208412 39.653097152709961 55.938005112111568 31.738054096698761 20.399603754281998 38.669596955180168 23.606412708759308 152.69812771677971 1168.5149376019835 35.388564988970757 27.440910711884499 25.182205028831959 34.529706336557865 668.07614828646183 100.18872156739235 79.838634565472603 48.232646457850933 559.66056899726391
leaf_count=775 19637 154 1230 867 623 1419 528 247 962 86 288 450 80 177 529 4105 170 254 1367 2394 182 1600 274 602 357 86 5461 1632 286 1604 1381 200 776 687 1024 133 61 1139 1805 183 644 2632 1576 229 9913 579 114 143 1419 258 6358 207 180 199 641 117 394 68 58 144 414 1579 1652 177 449 6316 65 5043 76 588 177 229 778 1873 366 71 1080 82 117 244 230 2727 149 62 93 5551 852 2826 141 58 236 739 1063 106 154 86 168 971 8542 87 1683 3666 770 2508 7584 2254 242 478 131 173 258 141 90 165 107 707 5205 149 120 125 184 2701 430 340 212 2409
internal_value=3.77826e-08 -0.000784722 -0.00105494 -0.000584025 -2.98719e-05 -0.00706354 0.0120999 -0.00854328 -0.000176647 0.0181228 -0.000351168 0.00102748 -0.00264852 0.00448257 0.00369775 0.00480498 -0.00968944 0.00615781 -0.0122312 -0.000895843 -0.00794593 -0.00967912 -0.00147998 0.000969844 0.00476158 0.00213472 -0.000787083 -0.00351157 -0.00476939 -0.00224501 0.00835912 -0.00848049 0.00518498 -0.0121986 0.00435512 0.00505295 -0.00985882 -0.0129032 -0.00616407 -0.0143818 0.0052519 0.00353003 -0.00396264 -0.00826165 0.00651388 -0.0041578 0.000389476 -0.0171884 0.000562274 -0.00289004 -0.0018723 -0.00230653 0.0179373 0.000571672 -0.00348448 -0.01895 -0.02399 -0.00467079 -0.0151891 -0.0293145 0.00288745 -0.000928639 -0.00582799 -0.0118282 0.0023813 0.0012345 -0.00290811 0.00469689 0.0159652 0.00192098 0.0159818 -0.00353922 0.0083815 0.00121064 -0.00758104 0.00382137 -0.00146705 -0.0136447 0.00648083 0.0487999 0.00312727 0.00771455 0.0296846 0.0428348 -0.00811891 -0.00409449 -0.0128018 -0.00812652 -0.0109272 0.016606 -0.0185421 -0.0248936 -0.0315501 -0.00949017 -0.0128348 -0.00791603 0.0060766 -0.00271552 -0.00163979 0.0060929 0.00798698 0.00530378 0.00342657 0.00982129 0.00586855 -0.00671119 -0.000460237 0.00915587 0.0253019 0.00505441 0.014995 0.0132039 -0.0258517 -0.000755253 -0.00917737 -0.023518 0.0108462 0.00281654 1.17352e-05 -0.00282449 0.00208555 0.00186566 0.000440707 -0.00079671 -0.00201673 -0.00699155
internal_weight=37344.7 30806.7 30173.9 28388.6 26152 2236.62 632.808 1785.25 26011.7 245.729 25766 16102.7 9663.3 5544.85 6538.06 5504.27 1737.59 508.037 1361.08 7318.5 1128.51 1086.74 519.51 875.545 735.279 457.819 10557.9 4466.49 4070.67 398.663 652.89 1067.2 228.258 838.941 5425.91 5171.99 253.917 1403.7 639.462 393.435 5435.33 4156.12 1102.73 678.213 2489.85 4002.7 6189.99 567.234 6167.25 2482.04 2389.99 2372.86 130.479 93.0308 2242.38 258.756 239.168 105.968 90.1436 92.0503 3685.21 1666.27 629.49 427.689 3617.44 3287.88 1496.9 1790.98 353.996 1436.98 229.772 94.7359 287.576 6091.37 551.32 333.893 1983.62 268.666 317.842 66.4201 1070.95 711.655 88.7188 50.2181 2344.8 1261.07 1083.74 754.541 677.789 76.7521 764.238 449.106 369.655 315.132 293.393 260.267 79.4508 226.733 2673.35 576.186 554.912 5141.24 3632 1509.24 2926.96 705.044 1000.6 1926.36 173.659 69.0825 926.173 870.235 293.877 1207.21 649.682 329.195 1279.21 456.435 421.047 393.606 5540.05 5505.52 1714.96 1614.77 1534.93 923.198
internal_count=160737 132369 129681 121196 111392 9804 2688 8485 110769 1048 109721 67186 42535 24155 28368 23978 8238 2160 6045 31912 4987 4805 2268 3759 3157 1944 43031 18270 16638 1690 2800 4588 976 3612 23528 22443 1085 6820 3127 1988 23608 17759 4760 2925 10442 16352 26925 2537 26811 10848 10446 10366 586 406 9780 1278 1161 520 452 402 15963 7317 2696 1829 15549 14130 6381 7749 1547 6202 994 406 1227 24761 2239 1418 8502 1162 1347 320 4685 3106 379 216 10623 5644 4979 3420 3074 346 3693 2206 1802 1487 1381 1211 404 1057 10891 2349 2262 22310 15737 6573 12713 3024 4347 8366 782 304 4065 3807 1457 5208 2933 1559 5849 1994 1845 1725 22522 22338 7340 6910 6570 3985
is_linear=0
shrinkage=0.05


Tree=58
num_leaves=127
num_cat=0
split_feature=205 13 70 151 210 67 148 79 61 71 214 201 201 199 101 214 65 213 203 115 60 202 203 76 217 214 216 201 199 61 216 221 199 14 202 201 207 198 198 203 219 16 201 22 151 213 58 202 76 219 63 160 202 213 13 63 38 205 201 198 64 48 61 65 65 63 65 64 63 64 202 63 201 29 60 13 13 213 25 201 151 199 15 60 200 199 201 63 216 199 65 201 60 203 60 14 148 67 151 199 201 203 153 202 202 200 201 167 64 60 61 78 17 216 60 60 67 153 213 13 64 2 202 201 34 60
split_gain=40.3209 34.1341 28.9078 27.7599 27.2199 27.0712 34.1195 24.1651 26.7049 27.4515 23.6739 22.1164 23.9841 25.8688 21.6167 21.3006 21.0978 20.9733 20.4539 19.6133 19.5033 19.4951 19.101 38.2232 29.8139 24.8663 19.3592 19.0997 32.1484 20.1503 30.0299 21.1865 20.2909 18.9637 30.473 27.3339 20.9519 18.5307 26.9006 20.2475 19.6522 18.0754 18.0888 17.8326 18.3737 20.8357 18.6058 19.6669 17.7653 17.7074 17.5984 17.4947 18.2764 17.4084 17.2414 17.1392 17.0826 17.0346 16.7304 18.8031 18.7391 19.2632 16.6508 18.0631 35.3911 20.1184 19.9304 17.5966 38.1418 26.8477 17.4657 17.3636 16.2625 16.1694 16.1667 16.124 16.106 16.0478 22.7228 16.0165 15.9389 18.6442 35.4856 18.4774 21.1807 17.678 16.682 24.8259 21.5139 15.9038 16.3069 15.8709 15.822 15.7118 15.6345 15.5935 15.5872 15.576 15.4441 16.8463 29.1535 33.6648 27.7347 24.8556 22.8864 20.5717 24.9958 19.601 22.8945 19.4286 26.7023 19.0284 18.9148 18.6356 18.0286 15.8662 15.7459 16.1333 15.3427 15.308 15.1546 16.8435 15.0093 15.2026 14.958 14.9081
threshold=0.67135000228881847 0.90000000596046459 1.0000000180025095e-35 0.90000000596046459 1.0000000180025095e-35 0.52525001764297496 1.0000000180025095e-35 1.0000000180025095e-35 0.49473683536052709 1.0000000180025095e-35 -0.25000000745058054 0.32216493785381323 0.53350514173507702 0.49473683536052709 1.0000000180025095e-35 0.25000000745058065 0.69166666269302379 0.25000000745058065 0.33055555820465093 1.0000000180025095e-35 0.3980392217636109 0.36739130318164831 0.4083333313465119 0.41666667163372045 1.0000000180025095e-35 0.58333334326744091 0.41666667163372045 0.28092782199382788 0.25000000000000006 0.26842105388641363 0.58333334326744091 1.0000000180025095e-35 0.60789474844932567 1.0000000180025095e-35 0.43695650994777685 0.37371133267879492 1.0000000180025095e-35 0.33529412746429449 0.22156862914562228 0.38333334028720861 1.0000000180025095e-35 1.0000000180025095e-35 0.71391752362251293 1.0000000180025095e-35 0.5000000149011613 0.41666667163372045 1.0000000180025095e-35 0.45869565010070806 0.25000000745058065 1.0000000180025095e-35 0.17783504724502566 1.0000000180025095e-35 0.21956521272659305 -1.0000000180025095e-35 0.5000000149011613 0.28092782199382788 1.0000000180025095e-35 0.68125000596046459 0.26288658380508428 0.20784313976764682 0.42391304671764379 1.0000000180025095e-35 0.28157894313335424 0.64166668057441723 0.47499999403953558 0.29639174044132238 0.66944444179534923 0.39347825944423681 0.56443297863006603 0.45217391848564154 0.30217391252517706 0.38402061164379125 0.19329896569252017 1.0000000180025095e-35 0.99019607901573192 0.5000000149011613 0.70000001788139354 1.0000000180025095e-35 1.0000000180025095e-35 0.64175257086753856 0.70000001788139354 0.38684210181236273 1.0000000180025095e-35 0.23725490272045138 0.36739130318164831 0.28157894313335424 0.64175257086753856 0.60567009449005138 1.0000000180025095e-35 0.45000000298023229 0.54166665673255932 0.28865978121757513 0.48627451062202459 0.52500000596046459 0.33137255907058721 1.0000000180025095e-35 0.87500000000000011 0.89024999737739574 0.90000000596046459 0.47631579637527471 0.25257731229066854 0.22777777910232547 0.83333334326744091 0.34565217792987829 0.49782608449459081 0.67826086282730114 0.502577304840088 1.0000000180025095e-35 0.20434782654047015 0.30392158031463629 0.36578947305679327 0.58333334326744091 1.0000000180025095e-35 0.25000000745058065 0.23137255012989047 0.35098040103912359 0.66435000300407421 1.0000000180025095e-35 1.0000000180025095e-35 0.5000000149011613 0.53043478727340709 1.0000000180025095e-35 0.42391304671764379 0.32989689707756048 1.0000000180025095e-35 0.25294119119644171
decision_type=2 2 2 2 2 2 2 2 2 2 2 2 2 2 2 2 2 2 2 2 2 2 2 2 2 2 2 2 2 2 2 2 2 2 2 2 2 2 2 2 2 2 2 2 2 2 2 2 2 2 2 2 2 2 2 2 2 2 2 2 2 2 2 2 2 2 2 2 2 2 2 2 2 2 2 2 2 2 2 2 2 2 2 2 2 2 2 2 2 2 2 2 2 2 2 2 2 2 2 2 2 2 2 2 2 2 2 2 2 2 2 2 2 2 2 2 2 2 2 2 2 2 2 2 2 2
left_child=5 2 3 14 17 49 10 8 9 16 -7 124 -13 41 19 48 -8 98 -18 22 -19 -6 23 24 33 27 122 77 -29 30 32 43 74 37 36 -36 51 38 39 55 57 42 75 44 45 -31 -46 56 50 96 -10 52 -35 -40 -17 -2 76 -39 92 -60 61 73 -4 64 65 70 -65 68 119 -69 -64 -71 -55 -61 -30 -14 -48 78 -24 -54 81 85 -83 84 -82 -74 88 -88 -87 90 -37 -9 -52 -80 -45 -73 -1 -12 -3 100 104 103 105 -102 109 106 112 108 -101 -100 -111 -108 113 116 -110 -114 -103 -118 -99 -67 121 -59 123 -26 -5 -16
right_child=1 4 62 11 21 6 7 91 15 -11 97 12 13 -15 125 54 18 20 -20 -21 -22 -23 25 -25 26 -27 -28 28 29 31 -32 -33 -34 34 35 89 -38 40 53 -41 -42 -43 -44 94 46 -47 47 -49 -50 -51 58 -53 79 72 -56 -57 -58 120 59 60 -62 -63 63 66 -66 67 -68 69 -70 71 -72 95 80 -75 -76 -77 -78 -79 93 -81 83 82 -84 -85 -86 86 87 -89 -90 -91 -92 -93 -94 -95 -96 -97 -98 118 99 107 101 102 -104 -105 -106 -107 111 -109 114 110 -112 -113 115 -115 -116 -117 117 -119 -120 -121 -122 -123 -124 -125 -126 -127
leaf_value=-0.0018112086301735068 -0.037748705545977014 -0.0091331297387643156 0.016150151407152764 -0.0020634355132154933 0.0021945900991075453 -0.04124616176298937 0.0074363457618869993 -0.0051488313571897322 -0.02703891673860382 -0.037146313474687206 -0.031530299721794407 0.01500989015078099 0.04069048787890394 0.015220669210501823 -0.071397022733627066 0.0078829690035665239 -0.0066035046537667374 -0.012358127185889869 0.03413885928037886 0.024547414666083494 -0.051133270184151716 0.056203998903578634 0.012327667279446704 0.031167144670154301 0.011796762195111882 -0.04160163052153687 -0.063217019709118097 -0.02723844958663349 -0.013487871081603674 -0.0014192611540767459 -0.064670984147819244 0.048655623901096005 0.014781031156293241 0.026798984585372051 0.03593686846462784 -0.0043894367013041528 0.036619275539205347 -0.040181861493996641 0.027386943357215567 0.024378012646815758 -0.062325544517069648 -0.065644628982412231 -0.045419220650858468 0.019730662327290299 0.0026731465788366778 -0.04036803675738948 -0.022280684284892091 0.061303617086268664 0.030908790069931642 -0.028779466484665873 0.0094002032861666002 -0.045347164448803295 -0.014122082255880339 0.035811793196064722 -0.033516052471942122 -0.008821555184675858 0.058125547868852739 -0.0030139288474067688 -0.022292144079289693 0.0061397489228116687 -0.0062100610098861026 -0.024699498952524258 -0.065398204904440926 0.059576512541079478 -0.034306095240512896 -0.015849443563635816 -0.014430041899058114 -0.050715294240453894 0.062633175907122904 0.05531417380647629 -0.013675899101234089 -0.021181853900510882 0.0055908977675744719 -0.020444718258620181 0.03528628522517431 -0.0055491007243437095 0.026370265730416849 -0.0074296685430077381 0.0041085403779747834 -0.05664065689598291 -0.07205244435983392 0.0018657114530113168 0.041035511909758737 0.015371151631125271 0.0018769255682652521 -0.013993286793687144 0.0093703848275472328 -0.044040746541432932 -0.053352068439617199 0.018712932586553349 -0.058456573446624083 0.025768058409813773 0.048716351200855768 -0.044122018213117363 0.0032309914671747233 0.028806276241524209 0.0071434093565205707 0.0015727059080909431 0.046523253700282222 0.053236539154205398 -0.034160952252187834 -0.02930738484987544 -0.064708107221907826 0.028445197390011247 -0.05271906029525706 0.046762426765745484 -0.0046091837687487194 -0.03587403769202499 -0.026283965521734672 -0.040093479394577247 0.023596584648341353 0.056668416632782895 0.040132623456775755 -0.050013333350562954 0.0038871783702919341 -0.023153437160859477 -0.012958472614086287 0.045845722028739752 -0.0091103352013919715 0.014308628531607515 -0.014718722367421208 0.018217364953870132 0.0017020797112019565 -0.029258115111264922 -0.047768611055446678 -0.016148864833968275
leaf_weight=3873.5200544670224 59.081448473036289 1542.961493909359 53.368118330836296 360.23299968242645 38.068948954343796 36.371527709066868 3269.4809122979641 50.908541992306709 52.084544315934181 33.477474942803383 40.117382705211639 756.87304033339024 20.528155989944935 186.88335669785738 15.186763554811476 37.621827907860279 39.594056010246277 106.21403146535158 138.77831052988768 77.74902131408453 46.683107495307922 29.776843518018723 821.51734627783298 83.73790355026722 26.464421406388283 34.260065153241158 22.306844159960747 104.91039875149727 376.79766178876162 4059.9725300148129 23.12689870595932 23.51288977265358 92.05187975615263 26.141384705901146 61.033936455845833 43.913266599178314 19.110460132360458 31.67866125702858 72.267686165869236 40.208381816744804 14.350075110793112 13.261897787451742 26.21630322188139 225.90923922508955 2717.8407161906362 34.629725739359856 35.748020365834236 26.33902994543314 53.241774752736092 56.816405206918716 320.24402137100697 48.466710120439529 481.85261168330908 36.225406900048256 75.863047726452351 384.13604560494423 16.103974044322968 2982.2805901318789 84.957879826426506 1620.4520219415426 569.49545516818762 55.648725569248199 24.359890207648277 17.530608981847763 169.72186380624771 86.262971788644791 18.911104694008827 38.996674716472626 27.238892361521721 11.759868919849394 49.465029664337635 66.354274436831474 199.28274041414261 59.290405541658401 17.791807472705841 231.06940598785877 32.457254871726036 154.53919818252325 37.316589653491974 23.215919733047485 12.93887612223625 1640.3945070952177 59.934022858738899 351.56557398289442 38.564059719443321 241.34744293987751 132.66806796193123 26.023675367236137 40.55354193598032 39.599943414330482 20.435720518231392 224.83459328860044 27.811759203672409 30.841539576649666 393.92715404182673 20.396433562040329 555.69250901788473 2112.1693706810474 46.579969942569733 22.521269828081131 19.381141349673271 189.27212445437908 24.881342232227325 87.106950342655182 11.565965101122854 15.054471760988234 367.71325840055943 32.822497010231018 52.384306199848652 22.663697123527527 60.089498117566109 13.120967738330362 23.364157825708389 53.658625621348619 903.28731352090836 17.190377458930016 211.47718515247107 12.344854310154913 399.68572614341974 82.14808914065361 269.25839872658253 96.436167240142822 91.620141938328743 152.41228270530701 18.8372652977705 62.30105097591877
leaf_count=16729 254 7460 232 1712 167 174 14342 226 221 142 173 3718 124 917 63 167 173 538 602 340 275 128 3389 435 109 175 132 434 1564 16657 155 99 380 110 258 194 80 133 307 165 65 55 123 939 11379 155 148 113 264 252 1378 206 2035 149 370 1603 70 12326 374 6942 2460 237 111 75 743 363 82 167 116 49 214 283 819 250 76 1067 133 647 152 99 55 6711 247 1537 165 987 551 107 182 163 85 1032 123 125 1649 98 2557 8918 249 94 85 839 129 371 67 65 1572 139 221 99 270 96 103 337 3836 78 954 51 1766 363 1120 393 389 673 82 262
internal_value=-1.4086e-11 -0.00125876 -0.000402782 -4.18432e-05 -0.00549833 0.00214675 0.0036853 0.00556551 0.0049447 0.00791241 -0.00119171 0.00622943 0.00947242 0.000703547 -0.000627416 0.00145044 0.00834991 -0.00604701 0.0250951 -0.000508756 -0.0241971 0.0258988 -0.000622486 -0.00243363 -0.00279501 0.000916763 -0.0184469 0.00107466 0.000261869 0.0006191 -0.00900293 0.00126736 -0.00635739 -0.00218338 -0.00964968 0.00937699 -0.0148921 -0.00133595 0.00131091 -0.00959553 -0.00393694 -0.00861708 -0.00589478 0.00111964 0.0003922 -0.00174867 0.00349138 0.0235896 0.0022983 -0.00104354 0.00175232 -0.0165903 -0.0139665 0.00315974 -0.0197917 -0.0126776 0.0118073 -0.00368902 0.00230003 0.000808422 0.00165991 0.00424256 -0.0106368 -0.0129683 -0.0151256 -0.00712687 0.0211715 -0.00189381 0.00773966 -0.0156006 -0.0307426 -0.00170006 0.00252983 0.00520139 -0.0112887 -0.00177636 0.000871136 0.00744267 0.010026 -0.0160765 0.00209033 0.000508624 0.00324639 0.0112737 -0.0166961 -0.00676638 -0.0123557 0.000611555 -0.0196553 -0.00621772 -0.0215599 0.0200601 0.0125418 -0.0177158 0.00924456 -0.00942887 -0.000687755 -0.000620839 -0.0053029 -0.00259998 -0.00667025 -0.00957618 -0.0126314 0.0170507 0.0146668 -0.0111968 -0.0121792 0.00213236 0.00340764 0.020693 0.00615373 -0.00249797 -0.0194469 -0.0222927 0.00223337 0.0133067 -0.0186919 -0.00971514 -0.000127177 -0.00113884 -0.00334373 -0.00234889 -0.0147549 -0.0231841 -0.00433468 -0.0269769
internal_weight=37303.1 23514.9 19564.8 18898.2 3950.18 13788.2 9302.13 6713.79 6438.04 3481.33 2588.34 1613.9 1234.83 477.959 17284.3 2956.71 3447.85 3882.34 178.372 17206.8 152.897 67.8458 17129.1 7869.51 7785.77 9259.59 292.804 9225.33 8181.12 8076.21 509.768 7566.44 486.641 7492.97 763.77 164.983 598.787 6729.2 3335.19 483.426 3394 291.076 277.814 7542.93 6923.09 4094.6 2828.49 110.648 2843.23 4486.03 2789.98 579.677 531.21 2851.77 113.485 443.217 84.3092 3379.65 2737.9 2389.84 2304.89 1735.39 666.514 613.146 576.704 406.982 36.4417 333.157 195.65 137.507 73.8249 98.5106 2779.5 1679.74 394.589 251.598 68.2053 1044.21 889.675 505.069 2743.27 2340.2 1700.33 403.069 51.5029 639.875 440.593 158.692 281.901 103.949 64.349 275.743 348.056 68.1581 619.836 86.7507 4429.21 2551.97 3729.44 2186.48 1175.46 1034.57 928.077 106.488 140.899 903.196 888.142 1011.02 978.193 129.333 82.7532 380.834 507.307 466.753 955.672 40.5545 413.094 223.822 2511.86 168.411 3347.98 3078.72 270.497 178.877 379.07 77.4878
internal_count=160737 100865 82642 79746 18223 59872 40334 29303 28045 15259 11031 7798 6004 2286 71948 12786 15117 17928 775 71623 813 295 71283 32844 32409 38439 1303 38264 33951 33517 2175 31342 2020 31106 3230 700 2530 27876 13839 2022 14037 1369 1314 31243 28655 16812 11843 464 12249 19538 11985 2450 2244 11817 537 1857 351 13972 11764 10263 9889 7429 2896 2664 2507 1764 157 1439 842 597 325 430 11510 7192 1640 1191 281 4313 3666 2134 11361 9604 6958 1757 220 2646 1827 658 1169 442 279 1258 1501 277 2588 381 19286 10857 17115 9655 5365 4680 4224 456 685 4095 4030 4290 4151 618 369 1668 2362 2181 4057 181 1844 1005 10684 726 13839 12719 1171 782 1794 325
is_linear=0
shrinkage=0.05


Tree=59
num_leaves=127
num_cat=0
split_feature=67 205 215 213 76 199 203 14 79 208 70 239 203 242 199 203 76 167 153 62 155 286 286 203 202 199 207 198 65 30 65 151 152 203 261 62 22 13 62 208 286 26 198 199 152 16 70 153 167 60 62 123 160 63 216 71 200 207 176 199 168 202 65 148 202 154 198 62 200 60 203 65 200 162 203 253 202 65 61 63 62 16 148 63 151 176 199 202 208 16 238 34 215 200 175 61 209 199 62 185 78 60 62 58 22 200 63 198 123 60 199 65 65 61 200 65 286 13 199 151 62 202 200 198 65 14
split_gain=37.9254 38.3922 31.749 35.1695 32.2645 41.4773 29.7531 42.5726 40.8219 39.7554 37.0219 35.4877 34.1074 33.9364 31.7768 35.3194 28.604 27.6604 27.6562 25.6451 25.9165 25.6123 24.7833 24.77 24.6589 24.3607 24.1835 30.4446 23.5678 22.2197 28.0649 28.5222 24.3694 21.1971 24.8957 20.7484 39.1143 20.8985 20.6414 20.6396 23.5073 20.5168 23.8421 31.7948 30.9075 33.1159 28.1841 21.8641 21.2149 29.2463 20.6759 24.4134 22.936 24.127 20.364 20.2308 20.0425 23.7773 20.0095 19.9441 19.8528 19.3086 19.1994 21.7852 19.1629 19.1238 43.6401 18.9848 21.9131 22.0592 18.9203 21.9235 22.2882 20.3302 22.8641 18.9085 18.885 18.9189 26.1299 20.4579 30.4932 24.9314 21.375 36.4724 36.0475 18.7622 18.6033 18.2978 22.9204 20.6104 18.2661 18.0195 18.0074 17.9666 17.7627 18.9536 17.701 17.9635 20.798 19.4973 17.6264 17.0017 22.7774 28.2295 20.1859 21.3387 20.595 16.916 16.8642 16.8583 16.8053 18.9508 18.9028 16.7902 16.7492 16.6753 16.3811 16.3027 17.916 17.2827 16.1393 16.6667 16.0411 16.0391 15.9479 15.9225
threshold=0.17965000122785571 0.34025000035762792 0.25000000745058065 0.25000000745058065 0.25000000745058065 0.41842105984687811 0.41388888657093054 1.0000000180025095e-35 1.0000000180025095e-35 1.0000000180025095e-35 1.0000000180025095e-35 1.0000000180025095e-35 0.62500000000000011 1.0000000180025095e-35 0.26842105388641363 0.29722222685813909 0.41666667163372045 1.0000000180025095e-35 0.5000000149011613 0.39347825944423681 1.0000000180025095e-35 0.87500000000000011 0.37500000000000006 0.30833333730697637 0.28043477237224584 0.52105262875556957 1.0000000180025095e-35 0.35490196943283087 0.27222223579883581 1.0000000180025095e-35 0.4361111074686051 1.0000000180025095e-35 1.0000000180025095e-35 0.47499999403953558 1.0000000180025095e-35 0.32391305267810827 1.0000000180025095e-35 0.70000001788139354 0.28043477237224584 1.0000000180025095e-35 0.62500000000000011 1.0000000180025095e-35 0.33529412746429449 0.38684210181236273 1.0000000180025095e-35 1.0000000180025095e-35 1.0000000180025095e-35 0.5000000149011613 1.0000000180025095e-35 0.23137255012989047 0.40652173757553106 1.0000000180025095e-35 1.0000000180025095e-35 0.32989689707756048 0.25000000745058065 1.0000000180025095e-35 0.57826086878776561 1.0000000180025095e-35 1.0000000180025095e-35 0.62894734740257274 1.0000000180025095e-35 0.6608695685863496 0.64166668057441723 0.87500000000000011 0.6347826123237611 1.0000000180025095e-35 0.33137255907058721 0.45000000298023229 0.21956521272659305 0.44901961088180548 0.38333334028720861 0.59444445371627819 0.32391305267810827 1.0000000180025095e-35 0.21388889104127887 1.0000000180025095e-35 0.2326086908578873 0.62500000000000011 0.49473683536052709 0.47164948284626013 0.45869565010070806 0.75000000000000011 0.87500000000000011 0.17783504724502566 0.5000000149011613 1.0000000180025095e-35 0.75000000000000011 0.4086956530809403 1.0000000180025095e-35 1.0000000180025095e-35 1.0000000180025095e-35 1.0000000180025095e-35 -0.25000000745058054 0.4760869592428208 1.0000000180025095e-35 0.57631579041481029 1.0000000180025095e-35 0.71578946709632885 0.26521739363670355 1.0000000180025095e-35 1.0000000180025095e-35 0.30784314870834356 0.32391305267810827 1.0000000180025095e-35 1.0000000180025095e-35 0.37173913419246679 0.28092782199382788 0.40980392694473272 1.0000000180025095e-35 0.26470589637756353 0.48157894611358648 0.57222223281860363 0.44722221791744238 0.33947369456291204 0.25652173161506658 0.47499999403953558 0.62500000000000011 0.70000001788139354 0.33421052992343908 0.70000001788139354 0.32826086878776556 0.49782608449459081 0.39347825944423681 0.42549020051956182 0.54722222685813915 1.0000000180025095e-35
decision_type=2 2 2 2 2 2 2 2 2 2 2 2 2 2 2 2 2 2 2 2 2 2 2 2 2 2 2 2 2 2 2 2 2 2 2 2 2 2 2 2 2 2 2 2 2 2 2 2 2 2 2 2 2 2 2 2 2 2 2 2 2 2 2 2 2 2 2 2 2 2 2 2 2 2 2 2 2 2 2 2 2 2 2 2 2 2 2 2 2 2 2 2 2 2 2 2 2 2 2 2 2 2 2 2 2 2 2 2 2 2 2 2 2 2 2 2 2 2 2 2 2 2 2 2 2 2
left_child=117 24 3 4 6 28 7 13 9 11 38 12 55 14 15 -3 18 54 22 20 35 26 114 107 62 -15 86 -28 -6 30 -17 -32 39 85 -35 87 37 123 -10 40 -33 42 43 44 45 47 48 64 50 -50 51 -45 58 -54 -14 76 57 60 94 70 67 65 63 -2 -16 -24 -67 -21 -69 -70 73 72 -72 -43 -75 125 -8 79 -79 81 -81 82 96 -84 -85 115 109 88 -9 -89 92 -7 -44 -93 -52 -96 97 99 -99 101 -80 102 103 108 -103 106 -106 -22 -78 -5 111 -39 -112 -19 -4 -11 -100 119 -119 -1 -86 -122 -82 124 -37 -26
right_child=1 2 16 21 5 91 8 19 10 33 -12 -13 17 25 41 29 -18 113 -20 56 23 -23 61 -25 75 -27 27 -29 -30 -31 31 32 -34 34 -36 36 -38 110 -40 -41 -42 59 90 46 -46 -47 -48 -49 49 -51 52 -53 53 -55 -56 -57 -58 -59 -60 -61 -62 -63 -64 -65 -66 66 -68 68 69 -71 71 -73 -74 74 -76 -77 77 78 100 80 122 -83 83 84 120 -87 -88 89 -90 -91 -92 93 -94 -95 95 -97 -98 98 116 -101 -102 104 -104 -105 105 -107 -108 -109 -110 -111 112 -113 -114 -115 -116 -117 -118 118 -120 -121 121 -123 -124 -125 -126 -127
leaf_value=-0.0047831603901266687 -0.0077803692721569772 0.00030153582495576697 -0.032058542753123261 0.003767319477223106 -0.028568389177735545 0.030151065264628893 0.013776726921075892 -0.012727525577516025 -0.0031410433542897638 0.015992669874899858 -0.04572021623802968 0.043656969570337947 -0.0036228373768792291 -0.074860154984517868 -0.011556305838147426 0.040701373859474282 -0.060529448246669608 0.020087453460150933 0.033188842777775077 -0.039126534368596304 -0.037284510360858308 -0.02909701748229343 -0.012413305745501533 -0.078204494035151451 0.007554809740867769 0.010013770565348613 -0.017832522205361613 0.050047803604446842 0.0082317827514999022 -0.044182403130795828 0.061741113662705509 0.0077165334289093822 -0.040267061463009526 0.022712040422290334 -0.040451745312240689 0.011465197105960057 0.049454111938433104 -0.035395968297287875 0.020248255759403241 -0.042423901914579919 0.058741045933200488 0.0014835798687276164 -0.052360874460423895 0.0048973846316334255 0.021286638798181153 -0.058653560881423955 -0.022017996007816263 0.053647472167229385 -0.050046875513588357 0.029114079460799316 0.0051945209605724508 0.029915843604057326 -0.071567190196174829 -0.01083428942129956 -0.065669560466523766 -0.02248885692595004 0.0097318355162015341 0.042335344498873169 -0.018707014313988093 0.020062872450696281 0.011018859493638039 0.028663024072612404 0.01881917082952636 0.025715350244169349 0.021400630895366039 -0.031773254254984992 0.059338254386446326 0.029709671554038211 -0.015466032081947757 -0.055612062460208958 -0.071187327970367725 0.02129492420147415 -0.012800471891584864 0.056990851082091877 0.0093473814528737351 -0.029612271463631601 -0.010966602020536812 0.016083380775158133 -0.00071253067988670245 -0.0044082314595667227 0.0023340954599040142 -0.036747337667520426 -0.060093738281040365 -0.024478032808405097 0.049877250123176828 -0.049185056023035564 0.018577592453077173 0.0087838367195607805 -0.062335133952756229 -0.05794823408996596 -0.034380377269858889 0.020324384283060496 -0.0037105963193120595 -0.034767664640739833 0.00076225597006076857 -0.038872681975299798 0.037160555806707289 0.02437416502543685 -0.0082176961837021473 -0.0094422375589741838 0.05019181905842271 0.0043631971010836042 0.0044543378074988734 0.05031370662680195 -0.025003860470583873 0.030566210386998572 0.013888800166581134 0.034155939596110234 0.020807328646284158 -0.012603445417895723 0.028304360375266076 0.020971673206171802 -0.017869349010390018 -0.040945337399154347 0.0085680817078253712 -0.015170108500768912 -0.038315919762560748 -0.023884345189104653 -0.0072503234611273797 0.0085197127988014577 0.012862329472178769 0.055247685933616286 0.02014060599263226 0.040876521057627471 -0.028859456726291029 -0.0015543914960507699
leaf_weight=1147.2087229788303 744.99868706613779 476.38733503967524 27.701311588287354 197.60617477446795 69.966765873134136 251.86610961705446 325.04716664552689 289.86342944204807 114.32491011172533 123.42674465477467 25.10136292129755 47.824805095791817 2044.5370369926095 25.96090042591095 706.41081192344427 140.41878491640091 24.466492488980293 13.166986808180807 43.684150032699108 170.54898352921009 22.531664937734604 129.86452904343605 1228.1855913586915 22.297642022371292 3639.3536240458488 12.537227064371107 27.4271419942379 41.529880508780479 115.04452988505363 12.558358266949652 24.864415816962719 107.04041073471308 25.892685756087303 395.45717803388834 16.24078232049942 148.86863160133362 45.121745184063911 84.383044719696045 539.31790505349636 15.50225794315338 28.605109848082066 618.09598442912102 19.100197121500969 1870.4403300136328 84.573289051651955 34.173894956707954 107.27680112421513 13.962218821048735 12.751121684908865 137.33578011393547 767.19226916134357 102.8723513931036 22.812754347920418 57.749791845679283 13.310164146125315 85.604303754866123 58.845707073807716 14.328842133283613 129.27727493643761 195.60995564609766 39.316916897892952 31.205678500235081 89.556082889437675 51.926074415445328 47.044353023171425 23.942129917442799 29.136341966688633 22.248953923583031 207.53196179866791 40.972568593919277 24.29200667142868 26.202595442533493 49.962769813835621 36.559501267969608 80.91585797816515 36.864417299628258 632.41271071881056 503.86383729428053 598.85092326253653 2832.0343769192696 378.83537270128727 39.750293537974358 14.749819427728651 37.876130297780037 62.355385832488537 17.3409264087677 63.979261100292206 154.11114279925823 25.318201936781406 12.50986637175083 49.732255630195141 41.084075048565865 4552.7749888449907 23.130814649164677 75.453079387545586 50.251530960202217 36.007084205746651 39.309111133217812 215.66579672694206 304.82089728116989 17.502724021673203 2048.0432579815388 1093.3941987529397 20.767352879047394 41.376657709479332 163.07563491165638 191.91828019917011 13.105818688869475 44.712834104895592 770.20962478220463 42.60038723051548 18.111457213759422 46.207952633500099 78.156065583229065 301.38942807912827 65.820305526256561 57.195595920085907 188.55147987604141 1144.2858291864395 310.1619698703289 137.29365313798189 27.907568253576756 189.86718681454659 37.306538581848145 29.353453502058983 552.56037332862616
leaf_count=4772 3207 2003 117 866 333 1242 1362 1232 512 554 112 200 8591 114 3008 619 181 54 232 756 96 735 5934 94 15817 53 120 175 555 51 112 456 125 1774 70 626 196 386 2415 79 168 2658 82 7882 363 150 481 61 54 575 3213 426 94 242 74 358 251 61 552 824 167 165 385 239 204 110 142 102 901 220 102 112 213 178 348 163 2644 2135 2521 11908 1591 171 106 160 297 82 275 674 130 54 232 184 19273 106 316 212 154 168 900 1273 77 8588 4582 86 172 680 802 57 184 3380 192 77 200 326 1280 282 256 848 5069 1471 634 176 804 158 122 2412
internal_value=-1.38558e-07 0.000453595 -0.000242779 0.000166022 0.000550826 0.0131174 0.000307908 -0.00147641 0.00191605 0.00128983 0.013869 0.000669786 0.000502499 -0.000360139 -0.000191603 0.00919698 -0.006855 -0.0052191 -0.00607575 -0.00923559 -0.00442248 -0.00809639 -0.00712063 -0.0368726 0.00445107 -0.0472203 -0.00561878 0.0230489 -0.00568515 0.0211381 0.0235344 0.0115953 0.00455255 0.0136623 0.0202203 -0.0024091 0.00528634 0.000387688 0.0161574 0.0122305 0.0184767 -0.0009821 -0.0017607 0.000956677 -0.00746117 -0.0104943 0.0031945 -0.00834967 0.00403288 0.0223887 0.00313726 0.00620164 -0.00234636 -0.0280319 -0.00402416 0.00171516 -0.0178545 -0.0211343 -0.000321954 0.00569051 -0.0230266 -0.010197 -0.00313114 -0.00559785 -0.00949854 -0.0111434 0.0182405 -0.0260598 -0.017829 -0.0220852 0.00232774 -0.018026 -0.0319014 0.00510746 0.0241745 0.00604054 0.00192123 0.00152516 0.00763747 0.000729854 -0.00228656 0.00269928 0.00300264 0.0164334 0.0206859 0.000593004 -0.0075347 -0.00962779 -0.0167125 0.00377361 -0.00424169 0.024123 -0.00391385 0.000479704 0.00233991 -0.0150822 0.00223289 0.00197373 -0.00962824 0.00277138 0.000733011 0.00365033 -5.01507e-05 -0.00710737 0.00636208 0.0166903 0.00699089 -0.011012 -0.00886846 -0.0092609 -0.0116408 -0.0254354 0.00427967 -0.0321456 0.00514832 0.00515423 -0.0145267 -0.00560699 -0.00960348 -0.001952 0.0282034 0.0200225 0.00827898 0.0110642 0.00482366 0.00635407
internal_weight=37269.2 34479 29363.8 27654 26423.4 501.092 25922.3 12288.1 13634.3 12955.5 678.744 12337.2 12289.4 10742.6 10704.1 831.269 1709.71 2149.17 1685.24 1545.48 991.691 1230.62 1641.56 57.9351 5115.26 38.4981 1100.75 68.957 185.011 354.882 342.324 201.905 177.04 618.286 411.698 933.756 451.953 406.831 653.643 151.148 135.646 9872.82 8841.19 4219.58 886.165 801.591 3333.41 767.417 3226.14 150.087 3076.05 1973.31 1102.74 80.5625 2057.85 10140.2 553.794 494.948 1022.17 1031.64 480.619 1312.47 886.481 796.925 753.455 1281.26 53.0785 441.302 270.753 248.505 836.029 100.457 74.2548 735.571 117.475 4228.78 10054.6 9729.59 1120.22 8609.37 3400.74 5208.63 5168.88 280.183 265.433 206.588 1031.8 481.803 315.182 166.621 4621.61 316.081 4571.88 64.2149 892.897 125.705 4888.7 4852.69 312.171 4540.52 616.354 4235.7 1791.29 697.893 2444.41 396.371 233.295 35.6375 677.126 967.816 191.303 102.495 88.8083 91.3231 329.091 189.247 272.861 2790.21 1332.84 1457.37 227.557 165.201 568.703 215.529 178.222 4191.91
internal_count=160737 148577 126354 118193 112642 2420 110222 52387 57835 54796 3039 52034 51834 45635 45468 3613 8161 9045 7980 6752 4294 5551 7748 247 22223 167 4816 295 888 1610 1559 940 828 2762 1844 4047 1957 1761 2927 703 624 41855 37420 17833 3786 3423 14047 3273 13566 629 12937 8308 4629 336 8665 42789 2458 2207 4293 4435 2146 6351 3831 3446 3212 6186 252 1979 1223 1121 3611 427 315 3184 526 18392 42431 41069 4733 36336 14303 22033 21862 1373 1267 918 4521 2090 1362 728 19587 1532 19355 290 3741 528 20489 20335 1324 19011 2598 17738 7496 2914 10242 1654 974 153 2828 4246 855 463 392 380 1397 836 1156 12160 5917 6243 1107 810 2395 906 748 18229
is_linear=0
shrinkage=0.05


Tree=60
num_leaves=127
num_cat=0
split_feature=72 210 70 77 65 64 208 209 199 202 213 215 153 202 151 198 164 64 79 203 154 123 152 15 63 15 35 58 38 15 202 34 203 203 213 60 123 85 151 151 200 76 198 203 188 65 65 201 203 199 199 77 76 201 201 189 199 199 63 34 192 192 198 202 198 177 215 200 64 37 203 202 155 64 64 176 67 64 79 38 63 203 77 64 63 78 60 76 151 205 65 200 203 181 213 164 198 65 33 63 201 203 154 23 181 217 71 201 199 63 152 78 60 63 60 198 151 203 202 200 199 63 39 202 202 153
split_gain=38.8724 37.6673 39.3555 42.8176 35.2831 34.807 34.5611 36.46 35.5046 34.3524 33.6503 34.2406 41.8701 33.5213 35.4522 41.0529 47.4173 32.8704 31.841 36.621 30.904 30.8598 30.665 48.3316 44.3808 34.8902 40.245 39.191 30.7942 30.376 31.2506 29.9748 29.0004 28.9958 27.8823 27.8156 27.7215 27.3329 44.0674 27.2141 36.9867 27.1313 26.9838 26.4053 25.9997 24.5797 32.4939 24.3357 24.2836 25.2904 24.1312 25.8123 24.0255 23.4805 25.406 24.1183 24.7599 23.396 23.2838 23.2546 28.144 23.0788 22.8141 22.5508 22.3342 33.7277 22.3302 21.8824 21.2872 21.2464 21.1961 21.8581 20.8103 20.6625 30.4721 21.9983 20.493 20.3851 20.2926 32.5663 26.3763 19.8512 19.4259 35.8192 28.1971 37.1798 20.5951 19.3194 19.2005 18.9765 18.9197 28.5851 29.8408 23.3884 22.0298 20.332 19.4344 21.0667 18.7931 22.0246 18.7349 20.9825 44.2288 34.211 24.7357 19.4083 21.8028 20.8358 18.5411 18.429 28.4531 32.1821 20.9959 19.6222 18.7897 18.2966 18.6421 21.9527 25.1265 18.1992 18.1911 18.1185 18.1058 18.0557 20.288 29.5088
threshold=1.0000000180025095e-35 1.0000000180025095e-35 1.0000000180025095e-35 0.25000000745058065 0.47499999403953558 0.54782608151435863 1.0000000180025095e-35 1.0000000180025095e-35 0.26842105388641363 0.58043476939201366 0.75000000000000011 0.25000000745058065 0.5000000149011613 0.56304347515106212 0.5000000149011613 0.27647060155868536 1.0000000180025095e-35 0.56956520676612865 1.0000000180025095e-35 0.22777777910232547 1.0000000180025095e-35 1.0000000180025095e-35 1.0000000180025095e-35 0.5000000149011613 0.27577318251132971 0.5000000149011613 1.0000000180025095e-35 1.0000000180025095e-35 1.0000000180025095e-35 0.5000000149011613 0.54782608151435863 1.0000000180025095e-35 0.30833333730697637 0.24166666716337207 1.0000000180025095e-35 0.27647060155868536 1.0000000180025095e-35 1.0000000180025095e-35 1.0000000180025095e-35 0.90000000596046459 0.7130434811115266 0.25000000745058065 0.57647061347961437 0.61388888955116283 1.0000000180025095e-35 0.64166668057441723 0.66944444179534923 0.26288658380508428 0.31666667759418493 0.68157896399497997 0.54999998211860668 -0.25000000745058054 0.41666667163372045 0.62113401293754589 0.69329896569252025 1.0000000180025095e-35 0.33421052992343908 0.4342105239629746 0.62628865242004406 1.0000000180025095e-35 1.0000000180025095e-35 1.0000000180025095e-35 0.19803921878337863 0.45217391848564154 0.28823530673980718 1.0000000180025095e-35 1.0000000180025095e-35 0.30217391252517706 0.30652172863483435 1.0000000180025095e-35 0.15833333879709247 0.23695652186870578 1.0000000180025095e-35 0.58043476939201366 0.41956521570682531 1.0000000180025095e-35 0.49635000526905065 0.36739130318164831 -1.0000000180025095e-35 1.0000000180025095e-35 0.43298968672752386 0.48611110448837286 0.58333334326744091 0.28478260338306433 0.64175257086753856 0.75000000000000011 0.20784313976764682 0.41666667163372045 0.70000001788139354 0.80445000529289257 0.37500000000000006 0.39347825944423681 0.45277777314186102 1.0000000180025095e-35 0.25000000745058065 1.0000000180025095e-35 0.57647061347961437 0.25833334028720861 1.0000000180025095e-35 0.28092782199382788 0.17783504724502566 0.22777777910232547 1.0000000180025095e-35 1.0000000180025095e-35 1.0000000180025095e-35 -1.0000000180025095e-35 1.0000000180025095e-35 0.69329896569252025 0.68157896399497997 0.53865978121757518 1.0000000180025095e-35 0.91666665673255932 0.39019608497619634 0.64175257086753856 0.40588235855102545 0.29215687513351446 0.30000000447034841 0.36944444477558142 0.58043476939201366 0.33260868489742285 0.70789471268653881 0.69845360517501842 1.0000000180025095e-35 0.55869564414024364 0.48695652186870581 1.0000000180025095e-35
decision_type=2 2 2 2 2 2 2 2 2 2 2 2 2 2 2 2 2 2 2 2 2 2 2 2 2 2 2 2 2 2 2 2 2 2 2 2 2 2 2 2 2 2 2 2 2 2 2 2 2 2 2 2 2 2 2 2 2 2 2 2 2 2 2 2 2 2 2 2 2 2 2 2 2 2 2 2 2 2 2 2 2 2 2 2 2 2 2 2 2 2 2 2 2 2 2 2 2 2 2 2 2 2 2 2 2 2 2 2 2 2 2 2 2 2 2 2 2 2 2 2 2 2 2 2 2 2
left_child=1 2 3 6 31 9 7 10 -8 35 11 18 32 14 17 62 119 53 22 -20 44 41 23 34 28 26 27 33 59 30 66 36 50 42 37 -2 73 39 -39 47 100 45 57 69 61 78 63 48 68 -50 51 -13 64 55 -55 56 -3 -26 108 60 -24 87 -16 -47 65 122 82 -14 -1 123 -9 88 -32 74 109 -76 -49 -59 79 -6 -80 -63 86 -84 -85 -86 -5 89 -72 -10 91 92 96 -92 95 -94 97 -35 99 -70 -41 102 103 -102 105 -103 107 -107 -37 110 111 -4 -112 114 -111 -91 -117 -118 -119 -17 -66 -29 -34 124 125 -25
right_child=5 13 4 29 21 -7 8 70 20 -11 -12 12 67 -15 15 16 -18 -19 19 -21 -22 -23 24 43 25 -27 -28 121 -30 -31 72 -33 52 90 -36 58 -38 38 -40 40 -42 -43 -44 -45 -46 46 -48 76 49 -51 -52 -53 -54 54 -56 -57 -58 77 -60 -61 -62 81 -64 -65 120 -67 -68 -69 98 -71 71 -73 -74 -75 75 -77 -78 -79 80 -81 -82 -83 83 84 85 -87 -88 -89 -90 115 93 -93 94 -95 -96 -97 -98 -99 -100 -101 101 104 -104 -105 -106 106 -108 -109 -110 113 112 -113 -114 -115 -116 116 117 118 -120 -121 -122 -123 -124 -125 -126 -127
leaf_value=-0.013905934788487555 -0.02469142143028644 0.052844497653177003 -0.0055265072725590152 0.035539015808869777 -0.048060322948290712 -0.054300879949301217 -0.020557678761160207 0.078778418211054038 0.0078970996564457097 -0.05119987776661028 -0.023644181937180028 0.043616560223691217 -0.029154431901640146 0.057373512607844436 0.00030819110329993564 -0.00074501666340055133 -0.039081651898611292 0.071534444153744839 -0.014707769782142091 0.011044970280604785 0.046603511094179588 0.046257805039954802 -0.02236489728259115 -0.021902284695968076 0.02987745931738869 0.035877338850550444 0.035810417989593793 -0.034840241061803424 0.04447235992771241 -0.031797652000983924 0.036317047040887306 -0.045000602865330606 -0.012476550694932647 -0.033166135652402916 -0.0063963374022480979 0.0048645458232354543 -0.033414256774014418 0.059218292248541221 -0.029558570763520083 -0.022284621031882473 -0.042157451820725805 0.044426943958200252 0.070130737322613615 0.016166007997393938 0.027402982273308993 0.067569563472941782 -0.029530894636080846 -0.0052169976308591194 0.0062779348855929217 0.031423663968808128 0.010572020818668372 -0.042151240419175 -0.061500755348706415 0.086411079820432696 -0.014348716571667372 -0.082865682089216991 -0.014424909075920795 0.020967145523104209 -0.037227685140837706 0.011923195706572923 0.048703272595648467 0.011111791996636519 0.058806765841860675 -0.017935974059645084 -0.002197858061881993 -0.05546602395849709 -0.0063108799511170412 0.052728043123478632 0.034541704867976038 -0.061792820002488313 -0.073188899378960046 0.015613968853168675 -0.036882470008152063 0.035910807840398719 -0.019625240528398005 0.034657416960871094 -0.00066467659882082529 -0.016820841625156329 -0.016402525263173134 0.068793695749823178 -0.042889417497551804 0.069272784512281804 -0.038508312865478636 0.039510855010844947 0.028084802454546233 -0.057897904833829221 0.0047381724517779472 0.054646128251621212 0.010130288132941792 0.011379635166371039 -0.0010267114258669136 0.02383485281965813 0.013904314947588682 0.052222484994245644 -0.044576895745438064 0.066841021316141849 0.042990997423691536 -0.0011081187060681501 -0.034501027106875103 0.0017003152287825706 0.023522835846808171 0.021398774486272611 -0.078301540118140958 -0.05254773210418813 0.045884297193964321 0.0040343936749702991 -0.027233477097292454 -0.013064645373638013 -0.027858418416638789 0.061271451315002348 0.0074685103242327702 0.072224027952659656 0.065398862581225028 -0.0048543020913863139 0.0043057616732571627 0.010564449925203653 -0.029899587227306779 0.002411800340327991 -0.074320888060109794 0.02401444798194555 0.052875600624254719 0.030806454826915682 0.035742533218065108 0.022145858703542347 -0.071691891138704208 0.02800530069509698
leaf_weight=274.76941393315792 153.35244770348072 14.591057777404783 376.65450731664896 58.21832948923111 10.789111480116844 43.456167533993721 112.1623232588172 12.40035557746887 879.97420271486044 44.066862240433693 158.0781080275774 9.3771062269806844 10.135354116559027 37.10881319642067 21.347257286310196 109.88746647536755 44.210231423377991 13.268504202365873 158.33289545029402 1077.4055546149611 51.567958243191242 17.625250950455666 323.68457061052322 348.4741525053978 141.42610996961594 98.328510567545891 105.20077981054783 85.76338292658329 23.994442835450172 45.421331785619259 140.69514183700085 39.410634964704514 421.04381002485752 87.375957459211349 1989.5785494744778 493.21844606101513 59.484810911118984 15.491013884544371 143.1582465916872 64.602189242839813 43.162572257220745 15.307476073503492 24.511100478470325 55.858608551323414 146.37679399549961 22.844428732991219 35.307372644543648 3074.1529740542173 1208.9638835787773 109.00824172794819 33.28911741822958 136.03403580188751 19.586035184562206 12.772263377904894 12.262436941266058 12.013233318924902 218.82440382242203 68.226097695529461 40.68974868953228 72.362986445426941 14.557302311062811 34.752242535352707 76.015987172722816 11.640126943588255 944.21645423397422 45.485645674169064 246.62745323032141 41.849954843521118 56.576768577098846 28.84118963778019 13.483289197087288 368.07569744437933 10.429382652044294 42.425146222114563 215.92924498766661 20.430022582411766 12624.790784828365 74.839176878333092 173.09059131145477 13.327680453658104 205.68227095901966 25.389633059501648 21.589106611907482 162.57548338919878 36.20305547863245 19.261865817010403 800.73376698046923 18.620855405926704 14.193013310432434 141.41170813888311 1304.9780666157603 243.16543406993151 217.63358053565025 20.952310547232628 14.790703192353247 19.787930905818939 15.879468038678167 123.9338071346283 31.918643787503242 522.70344595611095 317.58788553625345 139.75043213367462 11.85398808121681 15.50131882727146 34.26975654065609 2802.6438603177667 61.060266211628914 190.2530185803771 47.452982291579247 43.168455019593239 34.989048600196838 13.796588763594626 28.284992218017578 33.693902686238289 21.77827450633049 88.82370400428772 141.28129531443119 151.79493966698647 11.475222304463385 228.64682811498642 15.2358251363039 11.978881523013113 20.411763980984688 26.969269245862961 18.203857108950615 32.369415879249573
leaf_count=1142 655 60 1661 285 47 187 513 53 3908 197 829 87 43 159 94 472 191 56 686 4686 246 75 1390 1495 607 439 447 367 104 243 706 177 1911 381 8595 2112 258 63 658 280 204 77 110 246 655 100 158 13015 5019 450 149 719 141 52 51 51 904 294 178 313 61 150 336 50 4347 255 1140 225 233 120 56 1577 49 184 958 91 52384 325 760 72 929 118 145 1014 183 95 3650 98 62 629 5649 1063 931 88 66 84 67 531 133 2166 1468 618 54 67 151 12458 256 836 206 191 158 69 135 157 92 380 648 683 50 999 66 52 87 113 79 139
internal_value=-1.45888e-07 0.000242595 1.44551e-06 0.000342084 -0.0081084 -0.010751 -4.25441e-05 -0.000436055 0.00668483 -0.00832093 -0.000635189 -0.000515023 -0.00741609 0.0109657 0.00871113 0.016992 0.00961777 -0.00530106 -0.000105218 0.00774532 0.0084913 -0.0187393 -0.000460107 -0.00105832 0.00422801 0.00664934 0.0055269 0.00422933 -0.0105851 0.00848445 0.00970722 -0.00232897 -0.00881253 0.0055156 -0.000730807 -0.00574912 -0.000440744 -0.000212368 -0.0208901 -6.03773e-05 0.00385526 -0.0210869 0.019793 -0.0162768 0.00729283 -0.0232085 0.00418605 -0.0008654 0.0040546 0.00835771 -0.0278291 -0.0366203 -0.00649444 -0.00907049 0.0370572 -0.0137757 -0.0102198 0.015456 -0.000752487 -0.0138025 -0.0193063 0.00532188 0.0459807 0.0387075 -0.00574959 -0.014471 0.00728531 0.0367638 -0.00234674 -0.020261 0.0144087 0.0123918 0.0312654 0.00191915 9.07512e-05 -0.0149332 -0.00155611 0.00119979 -0.027954 0.0165168 -0.0307855 0.0356652 0.0103376 0.0229257 0.0290085 -0.00177528 0.0068258 0.00404874 -0.030461 0.00338278 0.00336195 0.00987119 0.00278845 -0.000185269 0.014628 0.0183163 -0.0103552 -0.014364 0.0028498 0.00490785 0.00440124 0.00488375 0.0166051 0.0199827 0.0036312 0.00317781 0.00234401 0.00294744 0.00199256 0.00651957 0.00226125 -0.00277919 0.0333647 0.0261069 0.0421694 -0.00404538 -0.00959041 -0.0154687 -0.00298125 0.0159776 -0.00132331 -0.0267949 -0.010247 -0.0174493 -0.0201253 -0.0176604
internal_weight=37238.7 36416.5 35615.6 34179.9 1435.66 822.237 32638.1 30834.5 1803.63 778.78 30426.4 30268.3 1696.67 800.948 763.84 480.108 382.745 283.732 28571.6 1235.74 1691.47 505.614 27335.9 24242.5 3093.37 2658.77 2560.44 2455.24 434.599 1541.75 1496.33 930.046 1644.68 2357.5 23731.8 734.714 890.635 21742.2 158.649 21583.6 3680.69 487.989 309.002 510.716 1639.9 472.682 69.7919 17902.9 2203.94 1317.97 178.7 145.411 1465.98 270.463 25.0347 245.429 233.415 284.491 581.361 410.605 338.242 1493.52 97.3632 34.4846 1446.39 486.941 1345.21 51.9853 885.968 454.858 408.152 395.752 151.125 831.15 788.725 236.359 15698.9 143.065 402.89 24.1168 378.773 60.1419 1098.58 239.63 218.04 55.4649 858.952 1433.38 27.6763 1414.76 2048.5 722.567 479.401 1325.93 252.212 237.422 227.189 211.31 611.199 579.28 3637.52 3572.92 344.943 333.089 3227.98 3193.71 3053.96 2992.9 540.671 552.366 453.725 390.451 63.274 98.6406 64.9467 534.787 393.375 304.551 163.27 338.534 959.452 97.7423 441.456 426.017 399.047 380.844
internal_count=160737 157202 153777 147378 6399 3535 139868 131790 8078 3348 130042 129213 8030 3425 3266 2092 1662 1174 121183 5372 7565 2268 115811 102442 13369 11501 11062 10615 1868 7510 7267 4131 7762 10196 100250 3151 3954 91655 721 90934 16392 2193 1336 2192 7319 2116 308 74542 9143 5469 955 806 6807 1118 103 1015 964 1226 2496 1764 1451 6664 430 150 6666 2253 6512 268 3674 1946 1748 1695 755 3696 3512 1049 65399 619 1808 119 1689 268 5372 1437 1292 278 3935 6396 118 6298 8860 3123 2060 5737 1081 1015 979 912 2532 2399 16188 15908 1589 1535 14319 14168 13550 13294 2318 2463 2023 1730 293 440 283 2390 1761 1381 733 1471 4413 419 1998 1826 1713 1634
is_linear=0
shrinkage=0.05


Tree=61
num_leaves=127
num_cat=0
split_feature=13 151 151 152 15 106 244 15 155 200 153 61 58 62 56 65 62 62 154 199 63 201 176 169 207 199 151 199 180 202 79 60 62 63 200 202 202 195 153 23 60 65 63 38 61 69 63 16 202 79 65 65 60 186 35 77 214 60 65 202 14 148 61 60 201 63 25 177 65 201 200 65 151 63 62 57 151 153 78 201 65 13 200 160 28 14 62 200 51 196 200 77 201 200 201 65 151 151 195 170 201 202 14 153 63 23 61 34 50 62 65 65 70 62 60 46 148 63 199 215 65 199 65 61 202 62
split_gain=37.2361 63.1052 60.9826 35.5756 49.4144 36.6893 33.3306 30.8983 33.6037 67.1548 29.4684 28.8083 34.592 28.8013 28.0078 27.9979 27.7832 26.0988 25.3978 25.2636 26.2448 24.708 40.3439 33.9455 32.6007 30.0265 29.8152 25.7842 25.426 24.041 23.8289 23.7788 24.0546 32.9164 34.306 30.9659 30.676 26.9688 26.2879 25.791 24.323 25.1561 23.3932 27.3431 26.5636 26.015 24.4196 23.2846 22.8494 22.7668 23.4899 22.3755 58.8515 32.9304 23.385 22.3696 22.2975 22.179 22.0055 28.0514 34.4544 25.2225 24.7494 31.6418 29.2941 29.6857 30.775 24.7651 23.6186 29.9738 22.7732 22.5966 21.8122 21.4861 33.5837 26.2718 21.4763 21.4075 21.0189 20.9454 25.4295 20.553 20.482 22.1591 20.4697 20.4118 22.8166 20.1544 19.9783 20.3579 19.8281 19.7871 19.5962 30.5728 30.0286 26.899 25.0537 25.2003 24.0655 19.4515 19.4392 21.2903 19.0962 30.3871 20.8392 31.731 43.9519 22.7399 21.1315 19.9885 19.6308 24.7585 22.9988 23.6663 19.188 20.076 18.9573 19.0783 18.7894 18.7728 18.7582 27.6839 26.7625 25.6579 18.7161 18.796
threshold=0.70000001788139354 0.70000001788139354 0.70000001788139354 1.0000000180025095e-35 0.5000000149011613 1.0000000180025095e-35 1.0000000180025095e-35 0.5000000149011613 1.0000000180025095e-35 0.39347825944423681 0.5000000149011613 0.48684209585189825 1.0000000180025095e-35 0.50869563221931469 1.0000000180025095e-35 0.31666667759418493 0.30652172863483435 0.38913042843341833 1.0000000180025095e-35 0.33947369456291204 0.27061854302883154 0.48195876181125646 1.0000000180025095e-35 1.0000000180025095e-35 1.0000000180025095e-35 0.40263158082962042 0.30000000447034841 0.38157895207405096 1.0000000180025095e-35 0.27173914015293127 0.25000000745058065 0.63725492358207714 0.51739129424095165 0.42525772750377661 0.21956521272659305 0.48695652186870581 0.60434782505035411 1.0000000180025095e-35 0.5000000149011613 1.0000000180025095e-35 0.39019608497619634 0.50277778506279003 0.48195876181125646 1.0000000180025095e-35 0.35526315867900854 1.0000000180025095e-35 0.59536081552505504 0.75000000000000011 0.58043476939201366 1.0000000180025095e-35 0.43055555224418646 0.37500000000000006 0.44901961088180548 1.0000000180025095e-35 1.0000000180025095e-35 0.25000000745058065 0.75000000000000011 0.30784314870834356 0.27222223579883581 0.51304346323013317 1.0000000180025095e-35 0.87500000000000011 0.36578947305679327 0.33529412746429449 0.7345360815525056 0.28092782199382788 1.0000000180025095e-35 1.0000000180025095e-35 0.30833333730697637 0.48195876181125646 0.45869565010070806 0.71666666865348827 0.90000000596046459 0.53865978121757518 0.38913042843341833 1.0000000180025095e-35 0.90000000596046459 0.5000000149011613 1.0000000180025095e-35 0.40463916957378393 0.34722222387790685 0.30000000447034841 0.44130434095859533 1.0000000180025095e-35 1.0000000180025095e-35 1.0000000180025095e-35 0.22826086729764941 0.29782609641551977 1.0000000180025095e-35 1.0000000180025095e-35 0.31521739065647131 0.25000000745058065 0.60567009449005138 0.38913042843341833 0.53865978121757518 0.44166666269302374 0.30000000447034841 0.5000000149011613 1.0000000180025095e-35 1.0000000180025095e-35 0.44587628543376928 0.53043478727340709 1.0000000180025095e-35 0.5000000149011613 0.53350514173507702 1.0000000180025095e-35 0.55526316165924083 1.0000000180025095e-35 1.0000000180025095e-35 0.4760869592428208 0.16388889402151111 0.41388888657093054 1.0000000180025095e-35 0.45869565010070806 0.37058824300765997 1.0000000180025095e-35 0.62500000000000011 0.56443297863006603 0.62894734740257274 0.25000000745058065 0.64722222089767467 0.36578947305679327 0.608333319425583 0.39210526645183569 0.47173912823200231 0.30217391252517706
decision_type=2 2 2 2 2 2 2 2 2 2 2 2 2 2 2 2 2 2 2 2 2 2 2 2 2 2 2 2 2 2 2 2 2 2 2 2 2 2 2 2 2 2 2 2 2 2 2 2 2 2 2 2 2 2 2 2 2 2 2 2 2 2 2 2 2 2 2 2 2 2 2 2 2 2 2 2 2 2 2 2 2 2 2 2 2 2 2 2 2 2 2 2 2 2 2 2 2 2 2 2 2 2 2 2 2 2 2 2 2 2 2 2 2 2 2 2 2 2 2 2 2 2 2 2 2 2
left_child=2 18 47 4 5 6 31 8 10 -10 11 19 13 14 99 17 -16 -6 21 -5 -21 22 24 25 26 85 77 -26 30 -17 92 32 33 34 -3 49 40 -38 39 84 41 76 43 45 -44 51 73 -1 -42 56 -51 53 54 81 72 -52 78 -47 59 60 61 -36 64 68 65 66 -60 -67 69 -64 -63 -70 -53 74 -46 -75 -37 -2 102 80 -80 -4 83 124 -34 86 -23 -49 89 -88 -41 -43 93 94 -27 -94 -96 -98 -99 -13 -33 -102 104 -104 105 106 108 110 114 -108 -106 119 113 -113 115 -35 -78 -118 -11 -112 121 -22 -123 -124 125 -81
right_child=1 3 42 7 15 -7 -8 -9 9 118 -12 12 -14 -15 16 29 -18 -19 -20 20 120 23 -24 -25 27 28 -28 -29 -30 -31 -32 100 38 35 58 36 37 -39 -40 90 48 91 44 -45 46 57 -48 87 -50 50 55 52 -54 -55 -56 -57 -58 -59 62 -61 -62 70 63 -65 -66 67 -68 -69 71 -71 -72 -73 -74 75 -76 -77 116 -79 79 82 -82 -83 -84 -85 -86 -87 88 -89 -90 -91 -92 -93 95 -95 96 -97 97 98 -100 -101 101 -103 103 -105 107 -107 109 -109 -110 -111 111 112 -114 -115 -116 -117 117 -119 -120 -121 -122 122 123 -125 -126 -127
leaf_value=8.7956497021245608e-05 -0.042992842643583121 0.02597690171510918 0.057792380722680059 0.034617526847763508 0.029203459319084038 0.044015725582488514 -0.039888773854664966 0.03663642178792386 -0.049874070779184876 0.064845259415824641 0.039010905814250825 -0.0050174366137043054 -0.079254631834465697 0.02382565252750514 -0.01894596992305804 0.010841173502619365 0.062540894886521634 -0.023858898342369775 0.010564465150207588 -0.020356866369114855 -0.027986343064998299 0.037194623947608051 -0.048716471260818496 0.062878357442040692 0.078541041060395583 -0.021642783325750228 -0.010217628984508689 0.0057453342157766912 0.040207149627839112 -0.035813964429589527 0.057832620534030113 -0.032395644653296848 -0.0059369506307486997 -0.0014225740904894174 -0.012255701879753361 -0.047992647659802407 0.0025055693961020015 0.08182467559847488 0.02874047641972205 -0.078172770355975016 0.01024109208445715 -0.012610332598230498 0.014744453107538608 0.04431562991814654 0.015607840248428116 -0.062614151909595239 0.0086423639764460804 -0.019208980321521692 -0.04820761606663905 0.040490119617327944 0.016333741872204918 0.0065706698084715583 -0.040280595246482254 -0.035560618529473016 -0.042986822349096482 -0.032990146305938321 -0.061113513143641246 0.0013314778033690433 0.019162805734546727 0.031200589680603297 -0.049347989370978437 0.0031324660392868311 0.051031155026341792 0.010532810954360801 -0.04405273128306364 0.023742361068461539 -0.037579032135885065 -0.018200361768544362 -0.0040320964964308337 -0.020648562313629635 0.072074499506934037 0.036341519983339045 0.02363708094417985 -0.022098904282124021 -0.014853709546166169 0.031975519582301028 -0.0030557760184922139 0.034147341352828646 -0.071085129336952657 -0.031842695525295235 0.006076589205661561 0.018570200481884968 0.070122664240885549 0.084752405307670267 -0.063320630705377412 -0.042837497502663267 -0.012584254020500585 0.036036882927691881 -0.05278261732927067 0.037731019165731253 -0.019671007677011583 0.05107375872213378 0.0051952718020449092 0.016609055325465642 0.077409821603284037 -0.023564311753985698 -0.03311695430594884 0.025488770483589992 -0.052151650261562349 -0.042150164809575071 -0.010340947140101914 0.064400102989996835 -0.0085053378413470684 -0.075058309714748681 -0.058110567149033746 -0.047363860520167264 0.021239392207441046 -0.062323868907861749 -0.028276591750612329 -0.02845067724389852 0.017426830390928912 0.0044620386065469565 -0.035577628182085971 -0.024212933045008708 -0.015458730768326948 0.059301858340426283 -0.057386380283875466 0.001136711284110214 -0.0034711222752014932 -0.022781182092352695 0.043827354462740331 0.017368300669784467 0.022016520578472115 -0.048655284290915424 0.071227131919713443 0.017736951964107635
leaf_weight=18756.013113029301 105.53945132344961 174.34271168708801 35.352841548621655 109.44485077261925 46.876539930701256 45.963136583566666 54.124950885772705 81.59598932415247 72.735655978322029 20.086576789617538 68.920818544924259 501.61237362027168 14.084158733487127 106.41550193727016 16.330549821257591 31.954519167542458 29.100346013903618 45.828445211052895 185.56047441065311 69.639402002096176 44.870231822133064 23.918222770094872 71.978647142648697 18.978470370173454 16.473198384046555 161.15648859739304 1842.8803545683622 46.503117799758911 39.626536011695862 203.17129965871572 17.060013562440872 105.09049945324659 928.22828593850136 543.86180135607719 261.40788312256336 119.06452964246273 135.15228416770697 11.639232411980627 48.384263768792152 21.949757471680641 115.25590436533093 161.80892852693796 342.61350905895233 60.527758397161961 186.80581523478031 21.838014982640743 385.91174129396677 20.923278212547302 19.558587864041328 66.879261955618858 88.128462329506874 761.50293475389481 62.495724223554134 27.074333190917969 20.646969690918922 31.098680302500725 15.449423328042029 35.772579625248909 46.74930427968502 41.845787815749645 52.893942728638649 38.013846471905708 44.386078342795372 789.76438791304827 21.25051636993885 463.35611596703529 48.88365113735199 38.086684286594391 1448.4254317581654 21.721820965409279 17.489235013723373 35.50636924803257 248.25782053172588 262.17402450740337 175.47827751934528 24.566609099507332 80.118166413158178 9.8316740393638593 12.616949960589407 27.381485760211945 69.465709313750267 604.80117383599281 22.216110035777092 11.08224408328533 15.805437847971914 53.901202633976936 432.82899603247643 78.241984248161316 29.393314361572266 21.08278751373291 42.582190424203873 13.19156229496002 140.6843516305089 256.37687291204929 12.499413475394247 192.62430956959724 34.863495491445065 85.701734110713005 11.296190693974493 37.935022085905075 61.772506773471832 11.265677541494368 488.36702492088079 17.77545240521431 12.468146637082098 42.712603345513344 204.40214042365551 12.898211553692816 114.62769937515259 22.462781518697739 418.2837348729372 872.93240977823734 42.306889951229095 78.419554576277733 307.51866511255503 13.960381165146826 45.182634636759758 20.130472555756569 20.172712996602058 31.194716200232506 43.236558631062508 418.32299745827913 21.490793570876122 31.91667939722538 11.219472691416739 63.326874688267708
leaf_count=77411 662 806 241 496 216 229 278 383 333 91 319 2186 62 475 70 139 131 202 823 307 211 105 359 83 72 739 8551 209 171 918 75 491 4093 2326 1113 574 599 50 222 93 545 712 1609 295 873 95 1789 89 97 314 385 3355 336 127 94 139 73 156 203 187 231 217 199 3485 90 2052 209 220 6240 91 87 154 1430 1184 799 114 357 41 55 123 317 2864 105 50 71 253 2020 333 134 95 185 57 634 1145 65 883 162 385 52 170 277 50 2115 78 54 181 874 54 496 97 1778 3724 184 333 1371 59 243 102 92 145 190 1908 95 139 54 299
internal_value=4.89409e-08 -0.0019148 0.00130687 -3.53767e-05 -0.00122157 -0.000544988 -0.000767674 0.00661214 0.00510575 -0.0211968 0.00706968 0.00554558 -0.00168117 -0.000100946 -0.00445352 -0.0202983 0.0332497 0.00297223 -0.00747758 0.0124452 0.00859023 -0.00840109 -0.0119325 -0.00357605 -0.0106225 -0.00440962 -0.0117613 0.0247871 0.000998387 -0.0294733 -0.000704749 -0.000536093 -0.000176676 0.000770159 0.00434973 -0.0021368 -0.0116034 0.00879485 -0.00726106 -0.00898817 -0.0168172 -0.0225161 0.00762595 0.0112556 0.00267703 0.0101547 -0.00131787 0.000215718 0.00176148 -0.000262989 0.0167725 0.0112369 0.00683204 0.0184519 0.00968949 0.00346832 -0.0011801 -0.0229079 0.0032308 -0.00760045 -0.011991 -0.00575598 0.00473807 0.00238702 0.0136347 0.0156878 -0.0098413 0.0205566 -0.00176337 0.0274785 0.0248564 -0.00306607 0.0107666 -0.00724024 0.000853286 -0.0174661 -0.0322464 -0.0364191 -0.000911051 0.0141402 -0.00578396 0.0207363 0.0262342 0.0176064 -0.00689769 -0.0135837 -0.010475 0.0243803 -0.0128342 -0.0102473 -0.0395697 -0.00780982 -0.0018203 0.00387729 -0.00680666 -0.0114253 0.00975556 0.00334248 0.0164469 -0.0076282 -0.0186256 0.00118739 -0.0019255 -0.0108426 -0.000264989 -0.00501116 -0.0035122 0.00377352 -0.00810326 0.0163194 0.00435921 0.00489892 0.000494246 0.00209837 -0.00543099 9.71507e-05 -0.0193549 -0.0393487 0.030614 0.0146363 0.012191 0.00954324 0.013113 -0.0202174 0.0103059 0.0027707
internal_weight=37200.9 15090 22111 11279.2 9571.28 9243.45 9197.49 1707.91 1626.32 112.995 1513.32 1444.4 705.478 691.394 584.978 327.831 45.4309 92.705 3810.76 738.922 629.477 3625.2 2093.21 1531.99 2021.23 1513.01 1958.25 62.9763 951.889 235.126 912.263 9143.36 8965.23 7908.28 3544.12 4364.16 721.102 146.792 1056.95 1008.57 574.311 439.496 3255.82 1878.27 1377.55 1817.74 1034.94 18855.2 134.814 3643.06 186.106 1760.13 1092.9 667.228 1030.41 119.227 3456.95 57.6106 3369.78 411.651 369.805 316.911 2958.13 2339.8 618.326 597.076 95.633 501.443 1550.04 66.1079 55.5031 1483.93 1009.76 649.025 362.284 286.741 264.496 115.371 3441.5 217.309 82.0827 640.154 135.226 113.01 944.034 561.125 507.223 99.1653 483.305 453.912 64.5319 175 895.203 561.894 305.517 333.309 144.361 131.861 96.9979 539.547 178.129 73.0382 3224.19 506.142 2718.05 1249.55 1206.83 1468.5 979.969 226.865 1455.61 1443.14 993.659 951.352 865.341 557.822 145.431 65.3131 40.2593 449.478 559.837 516.601 471.73 53.4075 101.928 90.7084
internal_count=160737 67543 93194 49825 42167 40692 40463 7658 7275 516 6759 6440 3094 3032 2557 1475 201 418 17718 3346 2850 16895 9894 7001 9535 6918 9254 281 4311 1057 4140 40185 39367 34703 15584 19119 3336 649 4664 4442 2687 2045 15361 8993 6368 8698 4759 77833 642 15783 838 8447 5215 3232 4879 524 14945 251 14778 1835 1648 1417 12943 10169 2774 2684 412 2272 6684 290 304 6394 4785 2970 1672 1298 1276 703 14872 1003 372 3105 631 526 4164 2607 2354 422 2249 2115 278 769 4065 2548 1403 1517 664 599 437 2356 818 327 13869 2193 11676 5404 5223 6272 4252 971 6218 6164 4241 4057 3756 2385 702 345 183 1923 2543 2353 2142 234 476 422
is_linear=0
shrinkage=0.05


Tree=62
num_leaves=127
num_cat=0
split_feature=205 101 213 215 153 201 202 194 203 223 76 203 22 62 69 199 62 64 213 106 14 202 164 50 62 203 167 65 151 217 205 203 201 202 60 202 64 167 199 79 64 63 169 192 201 201 151 250 77 63 286 199 203 202 65 153 201 63 77 62 199 202 256 200 62 77 192 60 167 63 63 151 200 200 203 62 201 64 39 208 196 164 63 32 14 217 201 16 286 63 64 199 22 200 60 64 199 199 65 286 202 244 154 78 64 200 55 202 250 14 60 63 60 151 200 60 63 201 174 199 33 14 60 203 63 60
split_gain=34.8372 26.9094 26.1758 27.7301 31.7249 35.7733 28.4563 24.9959 26.5559 23.5147 23.7634 25.6607 29.4073 27.5737 24.1137 23.9344 23.9832 23.5664 22.8202 23.8725 22.2161 21.873 21.7979 21.6391 21.2207 20.9146 29.0382 29.8704 20.87 20.5532 20.226 19.771 19.4748 20.6512 18.3642 18.3176 18.0215 19.1527 27.8856 19.107 17.5379 17.4014 17.3754 17.3627 17.7012 22.1591 21.3773 46.0875 17.1321 16.9638 32.6164 21.8608 18.9748 18.6617 21.1298 18.2836 16.9182 16.8176 16.7552 21.6652 18.777 17.7879 17.1118 16.4406 16.5306 16.362 16.3609 16.3753 16.3252 16.2305 28.0648 16.094 16.0917 17.4076 16.0523 16.0368 17.7234 16.0329 15.8997 15.7259 29.0158 16.7082 15.6896 15.6718 19.5983 15.6184 15.3958 15.196 15.1484 16.8047 18.7458 19.051 15.8233 17.9407 20.4117 15.6256 20.5971 15.0538 24.4171 19.3718 15.9446 15.0413 14.8765 14.8327 21.306 35.868 18.4588 17.305 25.7855 16.2805 15.8825 16.3635 14.8137 14.6662 18.037 14.5884 19.5112 17.4577 16.0384 16.4836 15.8239 15.3354 14.5211 15.8376 14.474 14.4542
threshold=0.67135000228881847 1.0000000180025095e-35 1.0000000180025095e-35 0.41666667163372045 0.5000000149011613 0.64175257086753856 0.29347826540470129 1.0000000180025095e-35 0.44166666269302374 1.0000000180025095e-35 0.41666667163372045 0.41388888657093054 1.0000000180025095e-35 0.39347825944423681 1.0000000180025095e-35 0.49473683536052709 0.7130434811115266 0.68260869383811962 0.75000000000000011 1.0000000180025095e-35 1.0000000180025095e-35 0.23695652186870578 1.0000000180025095e-35 1.0000000180025095e-35 0.35217390954494482 0.61388888955116283 1.0000000180025095e-35 0.37500000000000006 0.90000000596046459 1.0000000180025095e-35 0.88155001401901256 0.59444445371627819 0.37886597216129309 0.34565217792987829 0.25294119119644171 0.6608695685863496 0.60434782505035411 1.0000000180025095e-35 0.38157895207405096 1.0000000180025095e-35 0.56304347515106212 0.48195876181125646 1.0000000180025095e-35 1.0000000180025095e-35 0.28092782199382788 0.38402061164379125 0.70000001788139354 1.0000000180025095e-35 0.58333334326744091 0.51030924916267406 0.87500000000000011 0.3605263233184815 0.32500000298023229 0.28043477237224584 0.63333332538604747 0.83333334326744091 0.48195876181125646 0.27061854302883154 1.0000000180025095e-35 0.31086955964565283 0.57631579041481029 0.28478260338306433 1.0000000180025095e-35 0.43260869383811956 0.37173913419246679 0.41666667163372045 1.0000000180025095e-35 0.40980392694473272 1.0000000180025095e-35 0.4097938090562821 0.53350514173507702 0.5000000149011613 0.61956521868705761 0.29347826540470129 0.37500000000000006 0.51739129424095165 0.59020617604255687 0.28913043439388281 1.0000000180025095e-35 1.0000000180025095e-35 1.0000000180025095e-35 1.0000000180025095e-35 0.62628865242004406 1.0000000180025095e-35 1.0000000180025095e-35 -1.0000000180025095e-35 0.36340205371379858 1.0000000180025095e-35 1.0000000180025095e-35 0.55927833914756786 0.56304347515106212 0.44473683834075933 1.0000000180025095e-35 0.39347825944423681 0.31764706969261175 0.4760869592428208 0.59999999403953563 0.39736843109130865 0.27222223579883581 0.37500000000000006 0.25652173161506658 1.0000000180025095e-35 1.0000000180025095e-35 0.41666667163372045 0.43695650994777685 0.26521739363670355 1.0000000180025095e-35 0.37608696520328527 1.0000000180025095e-35 1.0000000180025095e-35 0.44901961088180548 0.32989689707756048 0.4294117689132691 1.0000000180025095e-35 0.31956522166728979 0.28823530673980718 0.47164948284626013 0.64175257086753856 1.0000000180025095e-35 0.31052631139755255 1.0000000180025095e-35 1.0000000180025095e-35 0.28823530673980718 0.36944444477558142 0.3427834957838059 0.30392158031463629
decision_type=2 2 2 2 2 2 2 2 2 2 2 2 2 2 2 2 2 2 2 2 2 2 2 2 2 2 2 2 2 2 2 2 2 2 2 2 2 2 2 2 2 2 2 2 2 2 2 2 2 2 2 2 2 2 2 2 2 2 2 2 2 2 2 2 2 2 2 2 2 2 2 2 2 2 2 2 2 2 2 2 2 2 2 2 2 2 2 2 2 2 2 2 2 2 2 2 2 2 2 2 2 2 2 2 2 2 2 2 2 2 2 2 2 2 2 2 2 2 2 2 2 2 2 2 2 2
left_child=7 2 3 9 5 6 41 18 22 10 11 13 15 24 97 16 25 75 19 28 23 -20 -9 66 29 43 27 40 36 79 -14 -32 -4 -34 -3 102 37 39 -39 58 -27 -5 49 44 83 46 86 -48 115 55 51 87 -52 54 -53 57 -54 -30 62 60 -60 -61 88 64 -36 78 101 -68 -10 -28 -71 -38 73 -22 -23 -17 -77 -41 -59 -2 81 -81 -35 84 -13 -79 125 -51 -1 90 92 -92 -90 113 -95 96 -91 98 99 -12 -99 -15 -8 104 106 -106 110 -107 109 -109 111 -26 -25 114 -94 120 118 -118 119 -117 121 -47 123 -63 -88 -46
right_child=1 34 32 4 -6 -7 35 8 68 -11 14 12 30 20 -16 17 -18 -19 21 -21 72 74 -24 112 103 26 69 -29 42 -31 31 -33 33 82 63 -37 71 38 -40 77 -42 -43 -44 -45 45 48 47 -49 -50 50 52 53 56 -55 -56 -57 -58 65 59 61 -62 122 -64 -65 -66 -67 67 -69 -70 70 -72 -73 -74 -75 -76 76 -78 85 -80 80 -82 -83 -84 -85 -86 -87 124 -89 89 95 91 -93 93 94 -96 -97 -98 100 -100 -101 -102 -103 -104 -105 105 107 -108 108 -110 -111 -112 -113 -114 -115 -116 116 117 -119 -120 -121 -122 -123 -124 -125 -126 -127
leaf_value=0.0087892628130795993 -0.00087446736358397388 -0.0696566341362789 -0.012007292801661296 0.055008779219730457 0.050518356379971902 0.012194238512492531 -0.030162450017748761 -0.032588414574177833 0.0050642686530468564 0.023664242240708663 0.020389801835462781 0.0026571698467330734 0.020071634957385148 -0.0023663361061806252 -0.04271077542058728 0.0013890220233609613 0.036230272631157877 0.056044247511483319 -0.091180553212920915 0.036037493255388534 0.0027163875673649621 0.014486525090009176 0.00363908319772791 -0.024496417395764945 -0.0017125238567511081 0.0022420580742280169 -0.063505972962520155 -0.012977842623252401 -0.001055877420616392 -0.025238870206644223 0.0097952700674331511 -0.0085683667370168703 -0.013550222290556383 0.0077102922215599229 0.019730632199481554 0.025029430439201219 0.0026140701947516831 -0.018743270130335977 0.017541848260443041 -0.0068115788308697155 0.041326516683278233 -0.019338832447036665 -0.028471341876180129 0.013449662787199935 -0.013206782000870016 0.0083063730779274515 -0.032933093264380618 0.040555065506307358 0.032403045083444451 -0.0061529143665996835 -0.047239370982251574 -0.018926450754127383 -0.02658513115276679 0.012644015700912331 0.034924301857035107 0.041198207082331906 0.012772710764796658 0.011201483746495548 0.03714151270009481 -0.01951075847227654 -0.011376768335354103 -0.0030554432525274505 0.059568411268321901 -0.052430999411052372 -0.030727506182114225 0.045114007666225614 -0.0098789755525759346 -0.051821200580432172 -0.037433929876584636 0.020214903167047611 -0.052956777810011624 -0.021391276456570241 0.025489570959478455 -0.024899398330920693 -0.031080884275678785 0.013835486097294503 -0.0079773138720916625 -0.040946200266584035 -0.013150287437875892 -0.012512593449464624 0.054938158885449478 -0.049732357088874732 -0.020332611897872513 0.045696890925313288 0.050397211631085563 0.018208388789836025 0.0099663769164734795 -0.061402584847275836 -0.0030372907926710475 0.0031567703942810849 0.028556625375042773 -0.00083751723800108084 -0.051843037482090883 0.032707588969763418 0.0044832054259987316 -0.0053349574290146055 0.017958564075445341 -0.021813878109516127 0.025352128192973444 -0.062688635110381266 0.036204338699406452 -0.050696250942549828 0.017769979891793502 0.048205858113258622 0.033619411079089299 -0.027611599364660028 -0.036640660283079628 0.01438472876699535 -0.069704061478236462 -0.048435446635631867 -0.031691145143055516 0.01452992833858276 0.012180547768164674 0.0018172698188383121 0.010299459877558096 -0.016400390094215119 -0.012155448753677751 0.0032791344963639247 0.028138588290578404 0.0020588940729664544 -0.01399861872219601 -0.015014473538488707 0.0031863642144739205 0.052990095832795674 -0.038125301742567647 0.0086242448843814167
leaf_weight=478.30671179294586 4615.5604136884212 19.732432425022125 913.26935887336731 18.68625719845295 19.483261309564114 99.954176902770996 328.5204117372632 151.17468786239624 244.34819148480892 101.73360987007618 11.058519199490549 303.12651880830526 297.88204442709684 2661.0564539581537 16.39144803583622 4282.8478081151843 40.43810573220253 20.62554632127285 10.265051938593386 53.091289341449738 70.351171009242535 31.176911182701588 57.245010003447533 198.07571160793304 203.03181745857 271.37029772996902 34.119811773300171 581.17892362177372 368.95170740038157 93.074365310370922 516.49546090513468 204.64738444983959 227.90601670742035 447.87092954665422 35.297918438911438 17.225546032190323 122.63310546427965 62.167387127876282 357.10617613792419 95.767430558800697 32.096627101302147 13.597174316644667 35.974086701869965 200.31996233016253 123.18013307452202 761.10194523632526 183.60436379164457 24.13982018828392 38.045892614871264 177.01120245456696 44.790978521108627 98.116105005145073 59.879233252257109 596.9133021235466 22.368925899267197 43.808247491717339 50.191147178411484 1425.8868686258793 101.89647211879492 67.792075052857399 24.79354539513588 19.985107272863388 12.132885023951529 23.247979938983917 30.0506601780653 34.039925381541252 79.800161048769951 32.851907335221767 24.900169923901558 24.296268865466118 28.447874784469604 162.13123390078545 20.815800413489342 302.14245910942554 50.850382201373577 518.74956464767456 113.49988313019276 11.537062689661978 70.336040541529655 186.01943541318178 14.298802837729452 35.985447973012924 56.128628320991993 26.976518660783768 23.138702392578125 339.89309278130531 21.759776189923286 13.38660256564617 5323.6181010976434 1039.7564051896334 102.26178608834743 119.58448543399572 29.409433618187904 101.42477841675282 173.86856463551521 351.77324990928173 303.66731432080269 13.143571272492407 46.631511680781841 19.197999343276024 119.58330901712179 16.19675537198782 17.026602745056152 19.922852702438831 45.379657715559006 126.3136879503727 22.121071875095367 91.471863627433777 12.152411326766012 11.624204128980635 22.68688178062439 656.35529393702745 31.974826604127884 414.19444966316223 19.366091877222061 139.26138084381819 793.50067816674709 238.20180612802505 51.746730819344521 919.13176985085011 110.29908229410648 77.688719466328621 205.72631860524416 34.13467925041914 55.679646655917168 197.2054507881403
leaf_count=1971 19576 85 4082 138 126 480 1835 649 1049 452 54 1289 1286 11330 77 18099 171 86 50 267 325 160 247 844 862 1159 143 2475 1653 414 2184 869 990 1949 149 99 524 272 1520 411 136 65 153 854 525 3212 863 108 232 783 201 444 274 2714 101 210 225 6514 452 298 108 87 52 104 130 229 344 146 104 103 121 717 90 1352 255 2192 480 50 320 845 63 164 246 114 98 1495 91 56 22841 4435 453 507 122 437 763 1498 1285 64 254 99 646 85 92 108 194 528 94 390 51 51 95 2779 132 1772 84 594 3357 999 216 3878 465 328 908 152 234 826
internal_value=3.1437e-08 -0.00117258 -0.00105704 -0.000595352 -0.0120647 -0.0145279 -0.0212889 0.00199879 -0.0092384 -0.000316374 -0.000432271 -0.000607286 0.00101114 -0.00251078 0.0156935 0.000204718 -0.0021285 0.00271017 0.00240353 0.00257716 -0.00611526 -0.0223724 -0.0226381 -0.00465951 -0.000512235 -0.00242342 -0.00904752 -0.00633878 0.00244173 -0.00196502 0.00911136 0.004584 -0.00713729 -0.00106052 -0.026035 -0.0252921 0.00134587 0.00170652 0.0121617 0.00123873 0.00637588 0.023695 0.00607156 -0.000922673 -0.00162698 -0.0026389 -0.0113937 -0.0243938 -0.000944531 0.006485 0.00140571 0.00502371 -0.019803 0.00902094 -0.00892867 0.00926291 -0.00863829 0.00852627 0.000733313 0.0100876 0.0276464 0.00329809 0.000231513 -0.0163194 -0.00347263 0.0108366 -0.00344414 -0.0221103 0.00113402 -0.036634 -0.0192507 -0.0110534 -0.0172929 -0.0196837 -0.0137616 0.00248636 0.00991971 0.0113243 0.0100567 -0.00151856 -0.0140991 -0.0185457 0.00458725 0.0090712 0.00604289 0.0162664 -0.00460505 -0.0100374 0.000146387 -0.000371721 -0.00156355 0.0127119 -0.00208599 0.00477382 0.0148818 0.00404614 0.00650257 0.0202606 0.00265572 -0.0323241 0.030459 -0.00265872 -0.0278006 0.00541972 0.00470409 -0.00716655 0.00847117 -0.0148286 -0.000818215 0.00730168 0.00960251 0.0106926 -0.0193987 -0.00123661 -0.0271697 -0.001355 -0.0036416 -0.00859188 0.000958919 -0.000369944 0.00380523 0.0061464 0.00924876 0.0322939 -0.024612 0.000230769
internal_weight=37159.4 23419.8 23311.5 21666.3 514.493 495.01 395.056 13739.6 477.668 21151.8 21050.1 20824.1 11254.8 9569.26 226.006 10235.8 5300.06 4935.72 13262 13169.7 3413.27 92.2923 208.42 3019.96 6156 5259.62 971.51 884.646 13116.6 4944.94 1019.02 721.143 1645.17 731.906 108.329 362.773 10074.9 9790.16 419.274 9370.89 303.467 32.2834 3041.65 4288.11 4087.79 3734.55 605.569 207.744 3128.98 3005.68 1062.66 907.796 154.861 717.398 120.485 1943.02 110.07 1899.21 8923.69 454.328 126.69 327.638 8469.36 88.5966 65.3486 1530.26 2789.91 112.652 269.248 86.864 52.7441 284.764 393.309 372.494 82.0273 4915.1 632.249 447.198 1496.22 4851.86 236.304 222.005 504 353.242 326.265 351.43 397.825 190.398 8457.23 7978.92 6283.73 221.846 6061.88 738.263 275.293 1695.2 1343.42 209.615 76.888 30.2565 132.727 2677.25 345.547 1211.06 1191.14 286.942 904.195 241.562 115.248 103.096 882.074 859.387 230.051 462.97 48.7755 3090.93 2141.84 1031.7 1110.14 1058.39 949.09 838.791 259.846 54.1198 77.4394 320.386
internal_count=160737 100865 100397 93130 2835 2709 2229 59872 2049 90295 89843 88649 47787 40862 1194 43448 22591 20857 57823 57358 14648 465 896 12881 26214 22420 4137 3770 57091 21062 4339 3053 7267 3185 468 2026 43214 41973 1792 40181 1295 203 13877 18283 17429 15928 2647 971 13281 13724 4798 4098 700 3259 545 8926 499 8716 38225 2005 560 1445 36220 383 279 7063 11905 490 1153 367 224 1241 1767 1677 415 20771 2672 1956 6834 20648 1072 1009 2195 1501 1387 1545 1676 839 36168 34197 26979 960 26019 3178 1200 7218 5720 1117 407 153 710 11415 1927 5152 5044 1214 3830 1020 492 441 3736 3641 976 1978 206 13049 9044 4356 4688 4472 4005 3540 1147 239 325 1351
is_linear=0
shrinkage=0.05


Tree=63
num_leaves=127
num_cat=0
split_feature=13 151 151 70 219 151 13 13 15 115 56 62 33 217 202 192 22 63 155 200 62 13 24 199 46 61 14 201 203 216 16 201 63 63 61 203 62 195 202 201 200 215 151 61 13 29 42 155 199 151 25 200 37 33 51 188 193 199 14 244 153 37 153 203 153 17 15 199 202 61 26 32 64 62 213 200 62 199 61 170 216 169 64 199 17 201 286 64 203 200 62 123 63 170 201 63 203 163 203 14 217 16 61 203 62 202 201 201 62 205 201 63 62 61 17 201 201 201 205 34 201 250 78 202 202 63
split_gain=36.5337 55.0913 37.0069 25.214 23.9442 22.8826 37.4493 30.9798 24.7604 23.3984 23.6285 23.1016 23.0781 22.362 21.8543 36.2775 23.4107 23.8519 21.6308 28.2251 27.164 27.0283 23.6524 22.3465 21.2089 21.8321 26.8234 28.9274 29.7877 33.6246 31.0382 27.0593 26.4165 25.434 27.1834 24.7662 34.2143 24.3305 27.4149 35.0727 25.5961 26.0889 23.213 21.2224 36.5719 27.6777 27.2153 27.0722 28.5812 22.2982 21.1526 21.0748 20.9516 20.7142 22.0207 20.7127 20.7045 27.0226 20.6363 30.7945 28.0344 27.8361 32.4015 25.2263 23.0493 25.0039 29.1222 27.3877 23.0832 25.4478 26.1263 30.5297 28.5339 22.1506 21.0512 21.0031 20.5953 32.2699 27.964 24.0786 24.3807 23.4477 22.0135 21.4781 20.6545 20.3942 20.3334 19.8829 29.7809 30.4497 24.9481 30.4718 19.8709 19.6216 24.6022 20.8604 19.6239 19.5612 31.9637 19.4539 19.4815 19.4533 19.3532 18.996 19.9992 18.8761 18.694 19.5774 20.0542 18.5458 18.5157 21.1312 22.2457 23.5294 18.4196 18.3962 20.5377 18.3643 28.2183 28.1137 23.7215 21.2829 20.2411 19.0886 21.7363 18.3258
threshold=0.90000000596046459 0.90000000596046459 0.70000001788139354 1.0000000180025095e-35 1.0000000180025095e-35 0.5000000149011613 0.30000000447034841 0.30000000447034841 0.5000000149011613 1.0000000180025095e-35 1.0000000180025095e-35 0.83478260040283214 1.0000000180025095e-35 0.58333334326744091 0.53043478727340709 1.0000000180025095e-35 1.0000000180025095e-35 0.44072164595127111 1.0000000180025095e-35 0.29347826540470129 0.37826086580753332 0.5000000149011613 1.0000000180025095e-35 0.47105263173580175 1.0000000180025095e-35 0.26842105388641363 1.0000000180025095e-35 0.64175257086753856 0.51944443583488475 -1.0000000180025095e-35 1.0000000180025095e-35 0.5695876181125642 0.59020617604255687 0.37371133267879492 0.25000000000000006 0.24722222238779071 0.40652173757553106 1.0000000180025095e-35 0.45217391848564154 0.57989689707756054 0.22391304373741153 0.25000000745058065 0.70000001788139354 0.49473683536052709 0.5000000149011613 1.0000000180025095e-35 1.0000000180025095e-35 1.0000000180025095e-35 0.26842105388641363 0.70000001788139354 1.0000000180025095e-35 0.29782609641551977 1.0000000180025095e-35 1.0000000180025095e-35 1.0000000180025095e-35 1.0000000180025095e-35 1.0000000180025095e-35 0.59999999403953563 1.0000000180025095e-35 1.0000000180025095e-35 0.5000000149011613 1.0000000180025095e-35 0.5000000149011613 0.36388888955116278 1.0000000180025095e-35 1.0000000180025095e-35 0.5000000149011613 0.59999999403953563 0.6347826123237611 0.83421051502227794 1.0000000180025095e-35 1.0000000180025095e-35 0.35000000894069677 0.7130434811115266 -0.25000000745058054 0.25652173161506658 0.39347825944423681 0.45000000298023229 0.52894738316535961 1.0000000180025095e-35 0.25000000745058065 1.0000000180025095e-35 0.53913041949272167 0.28157894313335424 1.0000000180025095e-35 0.46649484336376196 0.62500000000000011 0.46304346621036535 0.33611111342906957 0.35869564116001135 0.4760869592428208 1.0000000180025095e-35 0.47164948284626013 1.0000000180025095e-35 0.8015463948249818 0.55154636502265941 0.60277777910232555 1.0000000180025095e-35 0.64166668057441723 1.0000000180025095e-35 1.0000000180025095e-35 0.75000000000000011 0.62894734740257274 0.49722221493721014 0.34565217792987829 0.48695652186870581 0.64690721035003673 0.68814432621002208 0.28478260338306433 0.88155001401901256 0.38402061164379125 0.3427834957838059 0.42826087772846227 0.62894734740257274 1.0000000180025095e-35 0.29639174044132238 0.22938144207000735 0.39948453009128576 0.62944999337196361 1.0000000180025095e-35 0.39432989060878759 1.0000000180025095e-35 0.25000000745058065 0.56304347515106212 0.53913041949272167 0.4587628841400147
decision_type=2 2 2 2 2 2 2 2 2 2 2 2 2 2 2 2 2 2 2 2 2 2 2 2 2 2 2 2 2 2 2 2 2 2 2 2 2 2 2 2 2 2 2 2 2 2 2 2 2 2 2 2 2 2 2 2 2 2 2 2 2 2 2 2 2 2 2 2 2 2 2 2 2 2 2 2 2 2 2 2 2 2 2 2 2 2 2 2 2 2 2 2 2 2 2 2 2 2 2 2 2 2 2 2 2 2 2 2 2 2 2 2 2 2 2 2 2 2 2 2 2 2 2 2 2 2
left_child=1 3 -2 5 58 6 11 8 -7 10 14 101 13 18 24 16 52 -18 20 -20 93 23 -23 -21 25 32 37 28 29 -28 31 35 33 -9 42 36 -31 40 39 -39 41 -27 -35 44 46 53 49 48 -46 -42 114 92 -16 54 56 76 87 -58 59 61 64 62 73 109 65 66 68 -67 69 70 71 -60 -72 74 -4 -63 81 79 82 80 -78 -3 84 -81 99 115 -66 106 89 -89 -90 -92 -26 95 -95 96 -8 117 110 100 -79 -1 -56 -65 -105 -29 -45 -108 -109 -64 -99 -112 -113 -114 -12 116 -36 119 -119 120 -76 122 123 124 -120 -10
right_child=2 55 4 -5 -6 7 12 9 125 -11 50 -13 -14 -15 15 -17 17 -19 19 21 -22 22 -24 -25 51 26 27 105 -30 30 -32 -33 -34 34 85 -37 -38 38 -40 -41 43 -43 -44 45 47 -47 -48 -49 -50 -51 -52 -53 -54 -55 102 -57 57 -59 60 -61 -62 75 63 103 86 67 -68 -69 -70 -71 72 -73 -74 -75 97 -77 77 78 -80 83 -82 -83 -84 -85 -86 -87 -88 88 90 -91 91 -93 -94 94 -96 -97 -98 98 -100 -101 -102 -103 -104 104 -106 -107 107 108 -110 -111 111 112 113 -115 -116 -117 -118 118 121 -121 -122 -123 -124 -125 -126 -127
leaf_value=0.001251602823827029 -0.011955533719185613 0.010072827189147008 0.042320569943433479 -0.0084072394497370691 -0.031621507518914099 0.015320943625162909 -0.004959924553397492 -0.019419931423020363 0.0075715563348888503 0.037572567381911906 0.01875230399675526 0.058500779550907711 -0.015453534656875498 -0.036461695036644565 0.0019761122864791476 0.085298197558234645 0.05143774511499815 -0.0098833372608259605 0.036125944492988636 -0.0020626515900911526 -0.0069680223347046537 -0.017056312048234535 0.029631107307144855 0.041362962050865523 -0.014833105347844593 0.021210785764249208 0.05715298336205419 -0.031209123005101681 0.012160698540860378 0.020433233640743627 0.034566118971160374 0.03177154984152674 -0.049063645850884761 -0.0016393778369913946 -0.042657534232997861 -0.018913763647177364 -0.028583313095118908 0.018419587631165548 0.050378076852552814 -0.033950436706799085 0.01017816299734336 -0.020862445088682152 0.043182642728767928 0.0020315484508716493 0.025365082716701143 -0.02923853460198382 -0.040832044061578421 0.020363171802785768 -0.0012344157172276488 0.030638509585598123 -0.034706169791286295 -0.029830940902687616 0.032669853771710521 -0.025340768519909379 -0.033813601690127516 0.020255813278345976 -0.0283050083592719 0.032010776982446754 -0.017362688590559092 -0.053740131060586088 -0.041956195573719393 -0.036535222522829265 0.012628274392066105 0.060837997282307148 0.05250926806105112 0.041703691979135593 -0.048784544804975204 -0.044643217081205999 0.039842484322977663 0.056081860248018117 -0.014946971386122207 0.019871860629636428 0.040036563220735288 0.031446097874957286 -0.0049474335559723612 0.017475872700345108 -0.010997811763026832 0.011494984784378905 0.025712193491637371 -0.034770672396035172 -0.061921486579376343 -0.043899391457915285 0.025572500279776901 0.041900483768622883 -0.048424457405599586 0.0094232609774251592 -0.020914207214119435 -0.057830428740292754 -0.015249766040824179 -0.0064888364933188341 0.021293047410983451 -0.047909891245879722 0.050215156362741292 0.0171737797595439 -0.057125649084698561 0.0061226384193047972 0.0076772857915835373 0.054980419153716688 -0.015750257580350216 -0.03139765533918442 -0.044656086635838768 0.037410540386991577 0.0071076715714710904 -0.015802782923157139 0.046665561271609479 0.014088672411585734 0.038310752053844897 0.043731440815451141 -0.0090151176444231065 -0.043804417150164324 -0.017482048781207758 0.038087733799720247 -0.042139055909326151 0.040047312113552752 -0.030227452905327513 -0.030482680232375554 0.031833341482152493 0.0056237306917188441 -0.0027745152930978602 -0.03701725394882692 -0.063297598310389766 -0.019707199579803825 0.025593176295144633 -0.023244297636958105 0.048951834312305348 -0.075415512880490629
leaf_weight=7545.3895942121744 1020.6824204847217 1595.5187122970819 26.72031556814909 844.24531197547913 66.26997147500515 574.9841483309865 2433.8874718137085 219.91568369418383 13.27567331492901 44.68075305223465 353.14059574902058 17.773372530937195 379.1814374178648 48.956376768648624 689.89289139211178 15.116897583007811 54.133746758103371 22.427791520953178 76.469891518354416 55.736142173409462 2790.42449888587 161.93800497800112 32.586755618453026 63.236279420554638 31.971702829003334 275.02473875135183 19.633277043700218 151.45887644588947 258.46034517884254 104.07386310398579 38.565865606069565 34.417998060584068 37.787491247057915 54.510698869824409 13.500637665390967 522.80435900390148 54.111026175320148 186.53017780184746 49.984547957777977 38.582922741770744 457.98469242453575 42.545298233628273 61.448408290743828 2104.7225790396333 105.41416881978512 90.044951297342777 21.675184443593025 172.42786906659603 2405.6217377111316 187.75382056832314 21.684765160083771 112.28521212935448 60.471052229404449 85.730480074882507 88.341144651174545 284.70998421311378 114.15010045468807 22.177465990185738 600.28112808614969 26.73454537242651 57.371993951499462 19.131091892719269 63.630022674798965 45.553929626941681 30.046266034245491 45.629900075495243 45.451644644141197 11.497298270463942 24.803881101310253 14.660799235105513 44.614137746393681 60.610294193029404 50.085437595844269 50.195628792047501 1802.0138826668262 304.28113321959972 347.73982035368681 153.82402931153774 162.5150029733777 12.151546657085417 25.208119466900826 20.3803571164608 66.428554832935333 36.786267183721066 26.674858078360558 108.07396237552166 13.741916656494139 53.334781259298325 145.10612533986568 62.981954231858253 140.38331124186516 17.939792215824127 18.553647920489311 224.68636188656092 11.722773760557173 731.52781328558922 351.57659824192524 34.180169239640236 81.172385916113853 44.075878873467445 17.171398371458054 37.380833692848682 42.935767978429794 24.796690225601196 26.510408565402031 27.115804120898247 75.227411702275276 24.063241183757782 71.754831850528717 18.878143332898617 39.224197342991829 88.485833287239075 21.289153799414635 14.737112894654272 20.298256456851959 104.55339071899652 29.410438239574432 1149.1856631189585 1149.6613538935781 73.673956900835037 17.587962493300438 205.34429477900267 61.510044112801552 114.58249145001173 20.674871519207954 13.334339916706083
leaf_count=30868 5528 7939 126 3634 366 2790 10177 934 59 193 1471 75 1594 270 2922 65 238 94 314 229 11688 707 141 261 133 1152 82 637 1082 439 161 143 159 226 56 2194 270 784 210 160 1896 183 271 8782 443 375 90 775 10086 848 90 467 258 354 370 1434 473 92 2690 154 270 80 288 202 128 220 216 51 109 63 199 281 230 224 8043 1319 1659 779 808 57 114 89 329 180 122 450 66 224 608 260 603 74 77 990 50 3040 1475 144 355 206 78 166 178 106 120 113 312 100 298 93 166 381 92 63 84 490 122 5008 5070 336 77 910 332 510 92 56
internal_value=7.97677e-08 0.000793378 -0.00310039 9.63014e-05 -0.0017194 0.000373154 -0.000898549 0.00210792 0.0131388 0.0014678 0.00131152 0.00156331 -0.0034402 -0.00278785 0.000834257 0.00854017 0.00713697 0.0334745 -0.00255009 0.00888983 -0.00323183 0.00224625 -0.00923524 0.021019 0.000120042 0.00044638 0.00112765 -0.0057502 -0.00253526 -0.00744515 -0.00912727 -0.0114827 -0.00853293 -0.00594328 0.0020345 -0.0136688 0.00366592 0.00230332 0.0168814 0.00944371 0.00171419 0.0155742 0.0221125 0.00103596 0.0038033 -0.00191826 0.0142773 0.00119826 -0.000117759 0.0161272 0.0133023 -0.0177638 0.00444969 -0.00111138 -0.00041036 0.0074755 0.000517689 -0.018493 -0.00141353 -0.000208755 -0.00802335 5.36931e-05 -0.000843306 0.0200328 -0.00595542 -0.00768339 -0.00985897 0.0243257 -0.00763368 -0.00916252 -0.0104285 -0.0139479 0.0141331 -0.00159974 -0.00193826 0.0142809 0.00602494 -7.09097e-05 0.0089298 -0.0101128 -0.0144398 0.00939211 7.96525e-05 0.0228626 -0.00692544 -0.00707655 0.029467 0.00147917 -0.0085199 -0.0300305 -0.000273999 0.0134516 0.00905357 -0.000454207 0.0134895 -0.00139149 -0.00336488 -0.00218093 0.0106716 -0.0017784 0.00585628 0.00142986 -0.0204298 0.0373388 0.0164746 -0.0243308 0.00332341 0.0192198 0.00423137 -0.000283713 0.0215082 0.0145208 0.0246024 -0.00851943 0.01609 -0.0191689 0.0083971 -0.00296169 -0.00031503 -0.00673744 -0.00551144 -0.00471306 -0.00242629 -0.00376761 -0.00186073 -0.0340135
internal_weight=37133.9 29568.4 7565.5 26775.3 6544.82 25931 14962.5 10968.5 601.594 10366.9 10322.3 7600.54 7361.93 6982.75 9927.13 842.042 826.925 76.5615 6933.79 389.967 6543.83 313.497 194.525 118.972 9085.09 8922.28 8293.08 1210.64 1032.07 773.606 753.973 715.407 629.201 591.413 371.498 680.989 158.185 7082.44 275.098 225.113 6807.34 317.57 115.959 6489.77 3350.88 3138.89 667.414 2683.46 2511.04 645.739 395.124 162.811 750.364 3048.85 2963.12 2793.18 2831.84 136.328 6478.55 5479.76 998.795 5453.02 5129.61 179.369 941.423 897.635 840.507 57.1272 795.056 770.252 755.591 660.891 94.6996 4950.24 4900.04 323.412 2508.47 892.575 470.69 421.886 372.948 1615.9 308.175 48.9378 241.746 255.538 43.7882 2695.51 419.746 116.317 303.429 158.323 50.5254 3753.4 236.409 3516.99 2785.46 4873.32 279.089 215.071 170.995 7582.77 131.277 96.861 51.3071 178.575 2275.77 171.045 95.8181 82.5082 197.916 163.736 124.512 36.0263 373.439 147.464 42.9111 4594.23 2700.96 1893.28 1819.6 1551.77 1346.43 1284.92 1170.34 26.61
internal_count=160737 126029 34708 112235 29180 108601 62045 46556 2905 43651 43458 31109 30936 29342 41813 3577 3512 332 29072 1652 27420 1338 848 490 38236 37559 34851 5121 4371 3289 3207 3046 2708 2549 1615 2903 709 29730 1154 944 28576 1335 497 27241 14138 13103 2834 11304 10529 2744 1645 677 3180 12728 12374 13794 11826 565 28814 24291 4523 24137 22738 809 4253 4059 3788 271 3572 3463 3400 2971 429 21929 21705 1399 12360 4332 2322 2010 1773 8028 1514 237 1185 1118 194 11261 1769 484 1285 677 210 15732 1040 14692 11652 21579 1201 1063 857 31034 548 428 226 750 9492 710 398 381 846 702 536 155 1555 668 178 20378 11922 8456 8120 6914 6004 5672 5162 115
is_linear=0
shrinkage=0.05


Tree=64
num_leaves=127
num_cat=0
split_feature=72 61 67 75 208 209 152 13 223 35 151 203 201 215 17 71 13 62 65 58 203 175 203 62 205 172 213 203 213 63 151 217 160 286 83 65 65 151 183 172 63 61 154 64 27 64 61 63 215 201 64 186 64 64 64 215 201 79 175 216 198 203 63 250 217 215 216 217 198 246 217 201 14 62 286 170 31 151 13 201 62 61 13 217 63 63 203 62 101 64 221 188 203 203 201 198 201 62 63 151 63 65 186 65 78 201 85 39 63 203 44 65 62 63 198 216 54 61 198 205 148 151 192 203 65 203
split_gain=34.773 35.3473 35.1739 37.0273 34.7614 34.3533 30.4097 36.8804 32.5635 31.7076 31.3712 29.2413 28.7611 28.0217 27.9971 27.3287 27.2343 32.3791 29.3834 26.0891 29.3972 39.1477 36.7388 43.7171 25.8093 24.5451 23.9581 23.4289 23.1473 22.5699 22.3513 28.5013 35.4543 25.7889 22.2418 22.1595 32.2745 28.3721 21.9972 21.6717 21.469 24.4688 32.2063 21.1956 21.0902 24.9785 24.4065 21.1944 20.9538 22.372 20.9476 21.5766 20.7503 23.4548 20.7086 20.6832 31.5305 25.8351 25.7041 25.6656 20.6271 20.6689 27.828 20.388 23.4193 23.4131 25.0772 22.7491 22.0518 20.0809 20.0322 25.7282 27.3904 22.437 23.9252 20.3889 19.8174 19.7837 20.1786 19.6655 19.2768 23.8316 19.1884 18.7409 18.6379 18.5934 22.9976 18.524 18.4689 18.4465 18.3518 18.3116 18.2754 18.482 17.7101 24.3085 28.5789 21.2663 19.0753 22.1791 17.691 21.2317 17.689 17.6398 17.4907 29.7841 23.3912 19.0178 18.191 17.4427 17.3911 18.2635 31.637 24.9806 22.7355 17.2507 17.2469 23.8025 20.593 17.1814 17.0579 17.8691 24.0206 16.9884 16.9366 17.4714
threshold=1.0000000180025095e-35 0.34736841917037969 0.17965000122785571 1.0000000180025095e-35 1.0000000180025095e-35 1.0000000180025095e-35 1.0000000180025095e-35 0.90000000596046459 1.0000000180025095e-35 1.0000000180025095e-35 0.90000000596046459 0.47499999403953558 0.25257731229066854 0.41666667163372045 1.0000000180025095e-35 1.0000000180025095e-35 0.5000000149011613 0.56304347515106212 0.18888889253139499 1.0000000180025095e-35 0.28055556118488317 1.0000000180025095e-35 0.45277777314186102 0.37173913419246679 0.34964999556541448 1.0000000180025095e-35 -1.0000000180025095e-35 0.49722221493721014 -1.0000000180025095e-35 0.31443297863006597 0.5000000149011613 -1.0000000180025095e-35 1.0000000180025095e-35 0.62500000000000011 1.0000000180025095e-35 0.38333334028720861 0.52500000596046459 0.70000001788139354 1.0000000180025095e-35 1.0000000180025095e-35 0.53350514173507702 0.42368420958518987 1.0000000180025095e-35 0.31956522166728979 1.0000000180025095e-35 0.49782608449459081 0.57631579041481029 0.7345360815525056 1.0000000180025095e-35 0.48195876181125646 0.4760869592428208 1.0000000180025095e-35 0.44130434095859533 0.4086956530809403 0.51304346323013317 0.25000000745058065 0.6520618498325349 0.41666667163372045 1.0000000180025095e-35 0.25000000745058065 0.20784313976764682 0.57222223281860363 0.28092782199382788 1.0000000180025095e-35 0.25000000745058065 0.41666667163372045 0.91666665673255932 0.25000000745058065 0.31176471710205084 1.0000000180025095e-35 -1.0000000180025095e-35 0.52577319741249096 1.0000000180025095e-35 0.29782609641551977 0.62500000000000011 1.0000000180025095e-35 1.0000000180025095e-35 0.90000000596046459 0.90000000596046459 0.22938144207000735 0.33260868489742285 0.40789473056793218 0.5000000149011613 -0.25000000745058054 0.62113401293754589 0.49484536051750189 0.25277778506278997 0.45869565010070806 1.0000000180025095e-35 0.35000000894069677 1.0000000180025095e-35 1.0000000180025095e-35 0.36388888955116278 0.34722222387790685 0.39432989060878759 0.4450980424880982 0.63402059674263012 0.28043477237224584 0.65721648931503307 0.70000001788139354 0.27061854302883154 0.59444445371627819 1.0000000180025095e-35 0.54722222685813915 1.0000000180025095e-35 0.41494844853878027 1.0000000180025095e-35 1.0000000180025095e-35 0.7345360815525056 0.4638888835906983 1.0000000180025095e-35 0.26388889551162725 0.30217391252517706 0.30670101940631872 0.41372549533844 0.25000000745058065 1.0000000180025095e-35 0.41842105984687811 0.4294117689132691 0.76234999299049389 0.37500000000000006 0.5000000149011613 1.0000000180025095e-35 0.46944443881511694 0.59444445371627819 0.60277777910232555
decision_type=2 2 2 2 2 2 2 2 2 2 2 2 2 2 2 2 2 2 2 2 2 2 2 2 2 2 2 2 2 2 2 2 2 2 2 2 2 2 2 2 2 2 2 2 2 2 2 2 2 2 2 2 2 2 2 2 2 2 2 2 2 2 2 2 2 2 2 2 2 2 2 2 2 2 2 2 2 2 2 2 2 2 2 2 2 2 2 2 2 2 2 2 2 2 2 2 2 2 2 2 2 2 2 2 2 2 2 2 2 2 2 2 2 2 2 2 2 2 2 2 2 2 2 2 2 2
left_child=2 35 -1 4 5 6 7 15 9 19 29 25 -13 28 39 24 17 84 -18 20 21 70 23 48 -4 38 -25 -14 123 50 -29 33 60 -32 85 -2 37 -37 63 91 -31 42 94 -11 45 47 -47 87 49 -22 51 -9 53 79 -45 57 58 69 90 -58 -33 -62 -63 64 65 66 -6 68 -65 83 -8 73 75 74 -72 82 104 78 100 -20 81 -81 -73 -26 -3 -5 -87 109 -85 -90 116 -7 93 -50 97 96 98 119 99 -96 -75 -102 -43 -21 106 107 108 -106 -30 -24 111 112 -111 -114 115 124 118 -118 -57 -42 -89 -122 -123 -12 125 -113
right_child=1 16 3 34 11 14 8 10 -10 43 13 12 27 -15 -16 -17 18 -19 52 103 22 -23 44 26 55 -27 -28 30 76 40 31 32 -34 -35 -36 36 -38 -39 -40 -41 41 102 -44 54 -46 46 -48 -49 92 -51 -52 -53 -54 -55 -56 56 59 -59 -60 -61 61 62 -64 67 -66 -67 -68 -69 -70 -71 71 72 -74 77 -76 -77 -78 -79 -80 80 -82 -83 -84 88 -86 86 -88 120 89 -91 -92 -93 -94 -95 95 -97 -98 -99 -100 -101 101 -103 -104 -105 105 -107 -108 -109 -110 110 -112 114 113 -115 -116 -117 117 -119 -120 -121 121 122 -124 -125 -126 -127
leaf_value=-0.0052747431334150656 -0.059997164738463421 0.014932819180409751 0.0046098669727599852 0.010826581729318803 -0.0030554361130577905 0.024504872513028336 0.052458220789787596 -0.0054387709326043704 0.06428525783112643 0.067360657607136082 0.042415390493057377 -0.045691607854453226 0.075089415478331201 -0.031494457315541562 -0.031906337169290845 -0.020121000670325434 0.049603573838889269 -0.062167501584519447 0.037336282046732602 -0.0071853731688920333 -0.0016851913351968143 -0.038908061926921159 0.058788752301029368 0.047342847594826327 -0.028913544823267735 0.036434379860545006 -0.019026190868823751 0.0012118676045020614 -0.0033897373060527963 -0.016863215635137145 0.035662624159829508 -0.031839130331029655 -0.015039111210082078 -0.058016860700364804 -0.028288652493726842 -0.027453943545264498 -0.061908794326362697 0.057257020163884557 -0.052449518611236604 -0.039106958733972581 -0.015026509924596055 -0.017553879102514724 0.086936126229577401 0.0093402428925874366 0.034202034667035308 -0.0038681731478880477 -0.053053346273361224 0.063324135128033116 -0.022113954837847245 0.020330640385459939 0.034492657233182164 0.05153951419460915 -0.042547940428690798 0.023559051805395574 0.075103699392205778 -0.012840936298001347 -0.0048593037124939108 0.033354883904756154 0.03677019285172594 0.033224789432850566 0.046501965352710943 -0.032543089495393522 0.029370207468615284 0.054747525463332607 0.040095080535129647 0.033804784998645157 -0.062738534234846419 -0.045442570333583732 0.011099701152843304 0.05719968843295007 0.002147750233254881 0.016665152649924849 -0.027264047254113161 -0.020200185923253525 -0.051299202286258561 -0.0066984093398052783 0.037795977393934331 0.03711903794278245 -0.025102800714730946 -0.063405557320224099 -0.028894505947142931 0.0069565002327578139 0.073673855714730827 -0.00011075242677770664 -0.034954749925499108 -0.020922505054942059 0.0052686423098494053 0.0023254717966842745 0.0047804896136923649 -0.045951693166881781 0.047136818337791667 -0.023725874378730527 -0.04456842227046888 0.048068035993343722 0.001135018484860502 -0.04105492033104563 -0.0196306487959312 -0.026859180875566425 0.0017091930914616736 0.058791685677576734 0.024280503959407465 -0.020908466356222705 0.039902829704272898 -0.04918010094080421 -0.013949032147386561 0.03711458044078611 -0.063757949446441725 0.053253030232285885 0.021327468600250168 -0.031232029132073281 0.063714267632369398 -0.0072948253715626049 -0.013907661278580672 0.05232122196465494 -0.024210683589469581 -0.043569388037738105 0.069583502677088335 -0.010837283567794224 -0.037174161888659872 0.064221655260601071 -0.0021460864234617255 0.047079367261791405 -0.031502006607253608 -0.0018516412422047398 0.018955893934625226 0.013122548623498674
leaf_weight=2686.7778308093548 52.04350945353508 232.38118080794811 2790.1740733087063 1477.6934424340725 847.48651310801506 312.1621905118227 34.90009942650795 402.85559990257025 22.36259326338768 26.702585652470589 53.355812266469002 18.526451140642166 17.190071910619736 75.034845676273108 29.55418698489666 167.92084512114525 17.578137099742889 16.123197108507156 16.164825335144997 77.814627774059772 277.21906784921885 34.694135263562202 14.021928653120993 14.004897072911261 57.089340038597584 50.365139447152615 467.54363368451595 180.7998375967145 2270.5791455432773 994.02407146245241 11.651267960667612 12.3114897608757 46.17048142105341 19.884481951594353 43.118321031332016 21.45145371556282 23.926064848899841 18.331062808632851 19.10021348297596 15.452199593186377 13.872202679514887 293.41674990206957 11.5518192499876 94.88296227902174 65.160222351551056 135.66576501727104 30.981727436184883 16.892141774296761 25.912964358925819 197.67300269007683 40.667566351592541 17.32985632121563 64.146358653903008 41.744384452700615 13.699082762002943 624.45749993249774 104.64700129628181 57.339513503015041 26.303522273898125 76.636647284030914 164.95013567060232 20.889493122696877 138.34305930882692 42.830625951290131 33.42696239054203 42.293781600892544 17.973422192037106 12.450613141059874 89.208538740873337 15.190499559044836 89.67720839381218 20.516756132245064 14.525612354278563 33.562458895146847 27.31690526008606 14.785787940025328 31.872163638472557 78.21195774525404 38.100734122097492 13.843231603503225 188.55388893187046 92.085988834500313 52.608422070741653 17131.758261084557 20.36249215900898 106.70124569535255 390.73215651512146 91.110574819147587 30.386467948555946 43.66680209338665 12.286993220448492 21.003781542181969 39.190743148326874 14.703541994094847 22.990099735558033 19.8303232640028 39.401307955384254 82.008117854595184 42.100423417985439 60.766256377100945 206.54427600651979 29.735423907637596 14.036417141556738 36.846882715821266 80.93832178413868 75.144323416054249 15.728736639022825 12.101864218711851 76.961469665169716 22.039111837744713 11.468534111976622 324.61670952290297 18.683803558349609 59.835655309259892 92.365260474383831 19.843515396118164 14.15886168181896 26.275129169225693 101.01276086270809 13.490847080945967 33.435077995061874 101.03447051346302 10.76064759492874 36.500302821397781 141.98884209245443 154.71534295380116
leaf_count=11766 229 967 11951 6733 3786 1344 153 1963 105 118 249 79 77 505 125 710 76 66 68 342 1213 159 60 62 274 236 2052 791 9600 4945 53 64 207 109 188 92 106 80 87 66 63 1445 47 412 284 610 133 71 114 866 188 82 284 182 61 2883 456 290 109 347 777 91 633 192 150 230 99 56 382 64 382 84 65 141 141 65 143 369 187 62 838 402 226 71664 83 473 1721 391 126 187 53 92 185 67 128 96 188 393 207 269 872 128 65 157 427 398 82 80 319 93 61 1417 82 298 407 95 67 117 528 63 143 452 64 158 614 665
internal_value=2.08596e-07 -0.0101898 0.00023021 0.000670583 0.000250813 -0.000155477 -0.000348058 -0.000922527 0.0041526 0.00374584 -0.00488314 0.00702645 0.015685 -0.00136233 0.0148184 -2.97675e-05 -0.00597407 0.00653112 -0.0137191 0.00273439 0.00361291 0.0128217 0.00100144 -0.00607367 0.000130039 0.00229879 -0.017096 0.0175424 -0.000510159 -0.00952722 0.0158798 0.0222824 0.0260476 -0.0234058 0.00723638 -0.0357924 -0.0160195 0.0115793 0.000742594 0.0187795 -0.0123238 -0.00496844 0.00504083 0.0274516 0.00645396 0.0050408 -0.0130123 0.00774432 0.00349507 0.00747886 0.000227546 -0.0030888 -0.0163913 -0.01163 0.0176372 -0.000552203 -0.00759718 -0.000151591 -0.011842 0.0112405 0.0316852 0.0340976 0.0212479 0.0016784 -0.00100627 -0.00251977 -0.0042949 0.0191659 0.0252581 -0.000262786 0.0156238 0.013501 0.0363416 0.00885085 -0.0103316 0.0468513 -0.00138456 0.0146626 0.00895904 -0.0163586 -0.0193061 -0.00223868 0.0576789 -0.000313351 0.0109136 0.00801191 -0.000349453 0.00688763 -0.000218454 -0.0251346 -0.0134852 0.0214643 -0.0202104 0.00329256 0.00182803 0.0112541 0.0175309 -0.0141236 0.0291649 0.0429656 0.0137685 0.0185935 -0.0149308 -0.0206805 -0.00187786 0.0137016 -0.00298659 -0.00520797 -0.00257941 0.00347904 0.00256183 0.001721 0.0217038 0.036562 -0.00101841 0.00232264 -0.0144577 0.0173238 -0.016229 0.0240453 0.0192848 0.0299242 0.0395157 0.0244338 0.00378832 -0.000704653
internal_weight=37092 818.736 36273.3 33586.5 31568.2 29782.4 29404.2 26075.9 3328.36 3305.99 4796.56 1785.85 630.717 2728.22 378.172 21279.3 702.984 268.867 434.117 3170.71 3056.05 675.18 2380.87 1036.25 21111.4 1155.14 481.549 612.19 2653.18 2068.34 595 414.2 382.665 31.5357 2018.25 115.752 63.7086 39.7825 1104.77 348.618 1607.49 613.465 306.011 135.285 1344.62 1279.46 166.647 1112.81 554.699 474.892 460.853 420.185 416.539 352.392 108.582 18321.2 985.778 17335.4 804.495 181.284 336.494 324.183 159.233 1085.67 941.181 907.754 865.46 144.49 132.039 17278.1 640.486 605.586 102.437 503.149 116.994 87.911 2563.33 386.155 307.943 310.648 294.483 105.929 73.1252 17262.9 252.744 1975.13 497.433 1095.92 17205.8 74.0533 778.191 333.166 79.8072 40.6165 294.46 185.088 165.258 109.371 125.857 83.7564 269.842 236.28 307.453 114.662 2531.45 168.185 2363.27 93.0402 2347.54 859.579 845.557 834.088 100.559 78.5195 733.53 641.164 765.904 40.434 725.47 27.363 236.341 145.23 111.795 89.8561 621.321 479.332
internal_count=160737 3535 157202 145436 136321 128222 126595 111929 14666 14561 22103 8099 2881 11961 1627 89826 3028 1116 1912 13970 13471 2972 10499 4559 89116 5218 2114 2802 11456 10142 2725 1934 1772 162 9115 507 278 172 4982 1502 7909 2964 1454 591 5940 5656 743 4913 2445 2079 2233 2045 1836 1552 473 77165 4560 72605 3757 803 1565 1501 724 4895 4265 4115 3885 630 574 72315 2813 2660 440 2220 523 375 11049 1697 1328 1370 1302 464 310 72251 1050 8927 2194 4842 71977 313 3648 1436 366 181 1407 888 792 519 604 397 1141 1000 1510 499 10906 905 10001 507 9919 3792 3732 3671 473 380 3198 2791 3595 184 3411 126 1050 659 516 407 2696 2082
is_linear=0
shrinkage=0.05


Tree=65
num_leaves=127
num_cat=0
split_feature=71 155 205 13 151 31 151 210 208 194 203 200 67 286 214 111 77 205 199 202 50 76 199 172 76 203 60 83 203 63 78 214 199 202 154 195 200 64 202 64 50 60 214 199 151 203 13 214 151 250 215 169 181 65 70 215 69 217 202 64 203 203 183 173 60 62 205 203 67 62 203 155 62 152 199 200 199 5 219 286 215 286 64 62 250 77 79 199 13 148 62 50 62 64 203 13 15 203 203 151 13 202 200 203 62 62 64 205 79 202 200 62 199 60 62 217 13 55 151 17 15 202 200 38 22 286
split_gain=32.0257 40.9907 32.0722 25.4742 35.2325 27.275 25.0834 24.5878 22.2801 22.8315 23.9463 20.8941 20.4573 20.2646 21.878 18.298 18.137 19.1557 17.9511 17.8895 17.8448 17.4672 16.7104 16.0727 15.6943 21.2223 19.9684 18.4806 15.6237 14.9579 14.8953 25.8533 14.5653 14.5404 14.3954 16.2379 15.5291 15.3029 14.2681 30.8871 22.0118 19.1174 13.8812 26.7553 13.8653 20.2153 19.9205 19.4654 19.0641 18.5027 16.8771 17.0311 16.6896 15.8643 21.9561 18.5349 18.2078 15.7316 15.6608 14.8688 13.8389 16.1178 18.3225 16.8156 15.5069 16.427 17.3418 15.8739 14.3956 17.3235 13.8347 21.5411 24.0812 17.734 15.2832 22.4706 14.9063 14.6319 14.1827 14.0979 13.8574 13.7926 13.5897 13.5435 14.4438 13.5262 13.4745 19.134 13.7636 13.4543 13.4038 13.2297 20.237 14.9536 23.4019 14.1144 23.4821 14.7028 18.7451 13.1467 18.4098 13.1411 13.0961 20.52 18.9627 16.3857 17.2053 13.6828 13.0865 17.5945 20.3196 13.0551 13.0377 14.9915 12.9474 18.9502 14.2347 15.7407 14.6739 14.2461 13.9182 17.0953 18.2085 13.2148 12.9115 14.7351
threshold=1.0000000180025095e-35 1.0000000180025095e-35 0.67135000228881847 0.70000001788139354 0.5000000149011613 1.0000000180025095e-35 0.70000001788139354 1.0000000180025095e-35 1.0000000180025095e-35 1.0000000180025095e-35 0.44166666269302374 0.19347825646400454 0.14445000141859057 0.37500000000000006 -0.41666667163372034 1.0000000180025095e-35 0.25000000745058065 0.079450000077486052 0.26842105388641363 0.45217391848564154 1.0000000180025095e-35 -0.25000000745058054 0.78157895803451549 1.0000000180025095e-35 0.58333334326744091 0.45277777314186102 0.31176471710205084 1.0000000180025095e-35 0.44722221791744238 0.38402061164379125 0.25000000745058065 0.41666667163372045 0.53421053290367138 0.29347826540470129 0.75000000000000011 1.0000000180025095e-35 0.45000000298023229 0.21304347366094592 0.41521738469600683 0.46304346621036535 1.0000000180025095e-35 0.5000000149011613 0.58333334326744091 0.36578947305679327 0.30000000447034841 0.73611110448837291 0.70000001788139354 0.41666667163372045 0.70000001788139354 1.0000000180025095e-35 0.58333334326744091 1.0000000180025095e-35 1.0000000180025095e-35 0.51388889551162731 1.0000000180025095e-35 -1.0000000180025095e-35 1.0000000180025095e-35 1.0000000180025095e-35 0.30217391252517706 0.37173913419246679 0.4083333313465119 0.61388888955116283 1.0000000180025095e-35 1.0000000180025095e-35 0.37058824300765997 0.45000000298023229 0.91725000739097606 0.65277776122093212 0.66710001230239879 0.52391305565834057 0.38333334028720861 1.0000000180025095e-35 0.61956521868705761 1.0000000180025095e-35 0.31052631139755255 0.28043477237224584 0.49473683536052709 1.0000000180025095e-35 1.0000000180025095e-35 0.37500000000000006 0.25000000745058065 0.37500000000000006 0.56304347515106212 0.2434782609343529 1.0000000180025095e-35 -0.25000000745058054 1.0000000180025095e-35 0.44473683834075933 0.30000000447034841 0.87500000000000011 0.32391305267810827 1.0000000180025095e-35 0.32391305267810827 0.4086956530809403 0.35833333432674414 0.30000000447034841 0.5000000149011613 0.53055557608604442 0.55833333730697643 0.90000000596046459 0.70000001788139354 0.4086956530809403 0.34130434691905981 0.51388889551162731 0.35217390954494482 0.39347825944423681 0.25652173161506658 0.99915000796318065 1.0000000180025095e-35 0.38043478131294256 0.49782608449459081 0.38478259742259985 0.54999998211860668 0.19803921878337863 0.45869565010070806 1.0000000180025095e-35 0.30000000447034841 1.0000000180025095e-35 0.5000000149011613 1.0000000180025095e-35 0.5000000149011613 0.31956522166728979 0.39347825944423681 1.0000000180025095e-35 1.0000000180025095e-35 0.62500000000000011
decision_type=2 2 2 2 2 2 2 2 2 2 2 2 2 2 2 2 2 2 2 2 2 2 2 2 2 2 2 2 2 2 2 2 2 2 2 2 2 2 2 2 2 2 2 2 2 2 2 2 2 2 2 2 2 2 2 2 2 2 2 2 2 2 2 2 2 2 2 2 2 2 2 2 2 2 2 2 2 2 2 2 2 2 2 2 2 2 2 2 2 2 2 2 2 2 2 2 2 2 2 2 2 2 2 2 2 2 2 2 2 2 2 2 2 2 2 2 2 2 2 2 2 2 2 2 2 2
left_child=2 20 8 6 11 7 24 12 9 13 -11 -5 -6 99 -15 16 17 -16 -10 -9 108 -8 23 30 27 33 -27 42 -18 -3 31 70 -7 -26 35 37 -37 -20 40 -40 41 82 60 -44 45 47 53 49 -48 58 51 52 85 55 56 -46 -55 90 -19 -54 68 63 64 86 67 66 -66 83 69 112 71 72 77 76 75 -72 -73 78 -14 -79 -77 111 -32 -63 -85 -50 124 -88 101 -24 -51 95 -93 -94 -95 96 97 -23 -99 -1 -101 -89 103 -13 -105 -104 -107 -106 109 110 -2 -65 -4 -114 120 116 -116 118 -118 123 -57 -122 -123 -120 -62 -126
right_child=1 29 3 4 5 32 21 19 18 10 -12 102 22 14 15 -17 28 44 34 -21 -22 91 89 -25 25 26 -28 -29 -30 -31 38 -33 -34 -35 -36 36 -38 -39 39 -41 -42 -43 43 -45 46 -47 48 -49 50 57 -52 -53 59 54 -56 114 -58 -59 -60 -61 61 62 -64 81 65 -67 -68 -69 -70 -71 74 73 -74 -75 -76 80 -78 79 -80 -81 -82 -83 -84 84 -86 -87 87 88 -90 -91 -92 92 93 94 -96 -97 -98 98 -100 100 -102 -103 105 104 107 106 -108 -109 -110 -111 -112 -113 113 -115 115 -117 117 -119 119 -121 121 122 -124 -125 125 -127
leaf_value=0.0034773901952286517 -0.018799543548022411 0.00093444931817269507 -0.0076874670534911125 0.052898551446426814 -0.013270903532145717 0.010444508551223398 0.064433364406703816 0.0099335445972999897 -0.017108693977668742 -0.023098761290242072 0.00045365734994498829 -0.038682388696121922 -0.0036841317743749403 -0.042553699927413702 0.0074602639234677363 0.049090255233245471 0.0020701575879081367 -0.014870703011854954 -0.043518496124082991 0.057458093585705278 0.02341526754710252 0.043042439443160656 -0.023022035920595266 0.010783228024944949 -0.011394494960818789 -0.047814744547806487 0.019661499199213575 -0.027565030795311363 0.023638678051034354 0.068117210341534853 0.041837980251817473 -0.031555053820438501 0.050706554932524073 0.056094222220135638 0.059341873674707682 0.0752141408052584 0.018275444453490677 0.0095214938483507826 -0.030716818483860282 0.020057914635338993 -0.032153573726435181 -0.031033235753252449 0.030123499574196768 -0.03485218642551164 -0.03398281457543513 0.044710041112120888 -0.0082197624230270425 -0.034390425959642569 -0.033594445490289677 -0.033014373304713018 -0.027692591527444688 -0.036490190367419024 0.0022666120188410961 0.00083952298251508013 -0.057525663090082738 0.0065489139874797446 -0.049005616041496877 -0.044177798362533827 0.00081901456032264447 0.061731125899968986 0.0015215377223658504 -0.060950562001943792 0.049216811526298747 0.007831083518394703 0.02883361416190991 -0.012886635916485862 0.0015396903064806302 -0.0038322704620043879 -0.00074080377587434259 -0.022901574806694421 0.0015255273709133413 -0.028123896549040284 -0.03651854885771974 -0.060595205135026954 0.00023970223887048226 -0.018305985477529561 0.0084937237629830881 -0.0019869821016530536 -0.053714520470781763 0.060035568971422371 -0.060026470469186022 -0.025421718522778514 -0.0061404868129535453 -0.01884453171199971 0.02814695366726553 0.00097408652182795659 0.030149173583334594 0.030808721822639436 -0.015242099317087345 0.025978145011676741 0.00083211496016416433 -0.027128353223369636 0.020573800365864345 0.039558142773491324 -0.041979478881176008 0.0051531881655114825 -0.055884497193004895 -0.05624579557026791 0.029844970026691287 0.030821677955354183 0.0077312911093886817 -0.0096125935888050126 -0.0038720019973029676 -0.028759386153754615 0.044011281650602141 0.03774891172961805 -0.032253954880214195 -0.015815565349286333 0.011389719058145982 -0.037463227395686659 0.045727134044700399 -0.018003211752363885 0.043372084377709542 0.00059499635235790271 0.041593633538073084 0.045448844676395893 -0.012657536993045896 0.043294038078394492 0.0022118566652199736 0.062547852150444394 -0.065325936627140799 -0.035125443057887305 0.046119282287104629 0.053659034463054284 0.0076779755446634212 0.040269695324137565
leaf_weight=3314.7802309244871 156.0298415273428 14.735639810562132 1024.3687349259853 11.190056771039961 457.40473387390375 71.465581506490707 12.41528035700321 98.906157985329628 59.678166314959526 189.06504052877426 251.45739798247814 127.80162498354912 1955.9967235475779 29.417189680039883 779.45188927650452 19.443784542381763 185.17611889541149 198.62506288290024 13.830372929573057 24.758449167013168 23.268813416361809 70.016504779458046 144.98800805211067 238.54112926870584 10.0093627423048 17.000777967274189 30.879188612103462 63.870828792452812 153.61258273944259 18.926095932722092 92.870967544615269 77.901047475636005 32.760143429040909 39.382467180490494 15.271069698035715 17.747928455471992 36.813783958554268 812.83557679504156 55.595044836401939 64.935903858393431 17.635869577527046 12.497464343905447 20.48616773635149 69.908382430672646 26.621535778045654 19.680156394839287 909.13282775878906 59.006986171007156 28.608004331588745 44.461454853415489 53.465745449066162 30.479268059134483 20.781161889433861 600.94947803765535 17.465044036507607 951.68132147192955 18.897180795669556 48.256204672157764 798.16121267527342 21.274055168032646 4538.8373848125339 17.589981749653816 15.912553891539572 126.72920612990856 85.915563687682152 106.52781538665295 180.38882744312286 574.06362564861774 4340.7974352389574 143.13930724561214 175.83421415090561 83.477325059473515 56.655081428587437 27.025781080126762 3488.2552557438612 140.12993086874485 41.664275392889977 19.0675960034132 14.26878300309181 17.636710837483406 23.198050945997238 91.939824983477592 17.547716572880745 235.04414442181587 17.575191721320152 2610.7347626239061 107.45928430557251 53.199798710644245 63.173557832837105 15.507241398096083 85.502554178237915 78.259587049484253 68.170043781399727 12.595086418092249 29.203729450702667 1796.3106139227748 8.4897987693548185 9.6488580554723757 18.343085564672947 99.874003633856773 636.22069771587849 32.324165351688862 271.36746121197939 45.98963325470686 22.499742425978184 9.5768958628177625 105.15615586191416 16.614013977348804 27.273063585162163 145.52319379150867 13.235411927103995 79.628925949335098 21.61049921810627 392.06401823461056 35.047431297600269 48.815849676728249 88.36034531891346 27.472932815551758 107.80176554620266 13.364203378558157 15.125112175941466 15.661348626017572 12.322700470685957 14.116292729973791 403.35318940877914 37.942057982087135
leaf_count=13882 664 62 4261 52 2047 312 78 428 267 815 1077 629 8813 145 3378 98 927 840 60 108 101 464 627 1067 47 86 153 266 763 79 503 429 138 230 78 80 176 3666 340 387 79 59 94 380 112 82 4242 364 124 186 261 132 94 2551 75 4064 88 226 3392 91 18537 72 66 514 359 445 736 2353 17720 600 759 385 255 120 15317 643 183 81 80 76 143 404 88 963 71 11418 461 233 266 74 366 358 314 57 131 8301 36 54 116 594 2832 142 1393 227 107 46 554 79 129 632 56 323 90 1614 160 211 364 120 467 65 62 65 52 65 1650 164
internal_value=2.06062e-07 -0.014089 0.000153556 -0.000978058 -0.00324316 -0.0022991 0.000237966 -0.00265866 0.00208643 0.00152719 -0.00965466 -0.0147949 -0.00303633 0.00193295 0.000487308 0.000644406 0.000527247 2.9162e-05 0.00944429 0.0194483 -0.0189537 0.00530195 -0.00234599 -0.00195955 -0.000585136 0.0194231 -0.00429734 -0.000736666 0.0118497 0.0387075 -0.00243582 -0.00293469 0.0230996 0.0424175 0.0112119 0.0103778 0.0367966 0.00863412 0.00926014 -0.00336199 0.0200843 0.0275793 -0.000602586 -0.0201267 -0.000807633 -0.0055659 0.000244806 -0.00636771 -0.00193858 -0.00496045 0.000126417 0.00067488 0.00109733 0.00426888 -0.00223791 0.00732615 -0.000680099 -0.0197989 -0.0023074 0.0323473 -0.000463505 0.00108108 -0.0040886 0.00223281 -0.00478552 0.00370734 0.0103453 -0.00853598 -0.00222865 -0.00631322 -0.00256575 -0.00570995 -0.00437124 -0.0238649 -0.000745498 -0.0108782 -0.0159325 -0.00346375 -0.00404645 0.0278153 -0.0242317 -0.00931424 0.0342133 -0.0185291 -0.0155752 0.000599396 0.00289061 0.0140742 0.00245734 -0.0182876 -0.010747 0.00495087 -0.00769414 0.00613626 -0.01741 0.00620173 0.0238875 0.0307976 0.000169375 0.00481967 0.0108642 0.0155313 -0.0160595 -0.0260155 -0.00699327 -0.0105696 -0.0264107 0.0185991 -0.0218359 -0.0247145 -0.013754 -0.00213779 -0.00466205 0.00282969 0.00815314 0.0166553 0.0117435 0.00757739 0.00318985 0.0135407 0.00529018 -0.0224978 0.000650452 0.00816867 0.00231537 0.0104802
internal_weight=37056.8 398.992 36657.8 23121.3 8076.72 7466.53 15044.6 7362.3 13536.5 12580.4 440.522 610.196 7238.63 12139.8 8088.97 8059.56 8040.11 7701.32 956.177 123.665 365.33 2103.45 6781.23 6620.73 12941.1 97.2718 47.88 12843.9 338.789 33.6617 6382.19 6121.11 104.226 49.3918 896.499 881.228 54.5617 826.666 261.083 120.531 140.552 122.916 12780 90.3946 6921.87 1253.69 5668.18 1234.01 3674.48 1175.01 2765.34 2711.88 2681.4 1993.7 637.312 1356.39 619.847 178.22 996.786 42.0552 12689.6 6767.61 1233.02 5534.59 1217.11 372.832 266.304 844.273 5921.98 1581.18 6043.21 2215.79 2063.62 152.167 3827.42 339.162 125.142 2006.97 1970.27 36.7043 163.328 298.298 110.419 270.209 252.619 2639.34 5236.29 256.157 148.698 160.495 129.964 2091.04 188.228 109.969 41.7988 1902.81 106.498 98.0084 27.9919 4050.87 736.095 85.524 599.006 212.905 85.1034 386.101 114.733 39.1138 342.062 314.788 169.265 206.358 1438.04 413.675 1329.77 334.979 286.163 251.116 223.643 135.282 994.79 43.1092 27.984 121.918 4980.13 441.295
internal_count=160737 1723 159014 99837 36628 33541 63209 33091 59177 54850 1892 3087 32555 52958 35650 35505 35407 33717 4327 536 1582 9909 30508 29807 53300 516 239 52784 1690 141 28740 27284 450 277 4060 3982 256 3726 1456 727 729 650 52518 474 30339 5456 24883 5374 16362 5010 12120 11859 11727 8521 2714 5807 2639 778 4232 185 52044 27759 5065 22694 4999 1540 1095 3459 24285 6565 26855 9993 9305 688 16862 1545 568 9050 8893 157 786 1241 591 1106 1034 11542 21453 1102 641 701 552 9831 860 502 188 8971 670 634 170 17308 3426 375 3035 1042 413 1993 600 186 1481 1352 720 837 5965 1704 5695 1452 1241 1081 961 597 4243 179 117 532 20351 1814
is_linear=0
shrinkage=0.05


end of trees

feature_importances:
Column_201=380
Column_60=372
Column_199=354
Column_63=337
Column_151=324
Column_202=322
Column_198=319
Column_13=295
Column_203=289
Column_64=288
Column_62=277
Column_61=271
Column_65=269
Column_200=266
Column_205=202
Column_215=173
Column_77=163
Column_148=156
Column_286=145
Column_67=140
Column_153=128
Column_15=122
Column_213=122
Column_75=117
Column_152=117
Column_214=112
Column_14=105
Column_208=97
Column_216=95
Column_76=89
Column_16=77
Column_154=75
Column_217=71
Column_70=70
Column_78=65
Column_79=63
Column_155=48
Column_69=41
Column_85=35
Column_17=34
Column_175=34
Column_223=32
Column_37=31
Column_160=31
Column_71=30
Column_72=30
Column_169=30
Column_207=30
Column_162=29
Column_177=29
Column_39=28
Column_210=28
Column_250=28
Column_192=27
Column_38=26
Column_172=26
Column_22=25
Column_170=24
Column_26=23
Column_31=23
Column_173=23
Column_209=23
Column_50=20
Column_35=18
Column_58=18
Column_188=18
Column_219=18
Column_244=18
Column_81=17
Column_83=17
Column_32=16
Column_112=16
Column_167=16
Column_171=16
Column_34=15
Column_48=15
Column_176=15
Column_186=15
Column_195=15
Column_106=14
Column_164=14
Column_23=13
Column_101=12
Column_123=12
Column_163=12
Column_47=11
Column_161=11
Column_261=11
Column_25=10
Column_33=10
Column_211=10
Column_24=9
Column_36=9
Column_46=9
Column_49=9
Column_54=9
Column_55=9
Column_28=8
Column_51=8
Column_165=8
Column_193=8
Column_194=8
Column_29=7
Column_43=7
Column_166=7
Column_174=7
Column_187=7
Column_238=7
Column_253=7
Column_45=6
Column_57=6
Column_181=6
Column_184=6
Column_221=6
Column_239=6
Column_168=5
Column_180=5
Column_183=5
Column_196=5
Column_42=4
Column_191=4
Column_4=3
Column_27=3
Column_44=3
Column_53=3
Column_56=3
Column_115=3
Column_182=3
Column_185=3
Column_189=3
Column_242=3
Column_256=3
Column_5=2
Column_30=2
Column_100=2
Column_224=2
Column_0=1
Column_2=1
Column_41=1
Column_52=1
Column_104=1
Column_111=1
Column_179=1
Column_190=1
Column_246=1
Column_249=1

parameters:
[boosting: gbdt]
[objective: binary]
[metric: binary_logloss,auc]
[tree_learner: serial]
[device_type: cpu]
[data_sample_strategy: bagging]
[data: ]
[valid: ]
[num_iterations: 2000]
[learning_rate: 0.05]
[num_leaves: 127]
[num_threads: 0]
[seed: 0]
[deterministic: 0]
[force_col_wise: 0]
[force_row_wise: 0]
[histogram_pool_size: -1]
[max_depth: -1]
[min_data_in_leaf: 50]
[min_sum_hessian_in_leaf: 0.001]
[bagging_fraction: 1]
[pos_bagging_fraction: 1]
[neg_bagging_fraction: 1]
[bagging_freq: 0]
[bagging_seed: 3]
[bagging_by_query: 0]
[feature_fraction: 0.8]
[feature_fraction_bynode: 1]
[feature_fraction_seed: 2]
[extra_trees: 0]
[extra_seed: 6]
[early_stopping_round: 0]
[early_stopping_min_delta: 0]
[first_metric_only: 0]
[max_delta_step: 0]
[lambda_l1: 0]
[lambda_l2: 0]
[linear_lambda: 0]
[min_gain_to_split: 0]
[drop_rate: 0.1]
[max_drop: 50]
[skip_drop: 0.5]
[xgboost_dart_mode: 0]
[uniform_drop: 0]
[drop_seed: 4]
[top_rate: 0.2]
[other_rate: 0.1]
[min_data_per_group: 100]
[max_cat_threshold: 32]
[cat_l2: 10]
[cat_smooth: 10]
[max_cat_to_onehot: 4]
[top_k: 20]
[monotone_constraints: ]
[monotone_constraints_method: basic]
[monotone_penalty: 0]
[feature_contri: ]
[forcedsplits_filename: ]
[refit_decay_rate: 0.9]
[cegb_tradeoff: 1]
[cegb_penalty_split: 0]
[cegb_penalty_feature_lazy: ]
[cegb_penalty_feature_coupled: ]
[path_smooth: 0]
[interaction_constraints: ]
[verbosity: -1]
[saved_feature_importance_type: 0]
[use_quantized_grad: 0]
[num_grad_quant_bins: 4]
[quant_train_renew_leaf: 0]
[stochastic_rounding: 1]
[linear_tree: 0]
[max_bin: 255]
[max_bin_by_feature: ]
[min_data_in_bin: 3]
[bin_construct_sample_cnt: 200000]
[data_random_seed: 1]
[is_enable_sparse: 1]
[enable_bundle: 1]
[use_missing: 1]
[zero_as_missing: 0]
[feature_pre_filter: 1]
[pre_partition: 0]
[two_round: 0]
[header: 0]
[label_column: ]
[weight_column: ]
[group_column: ]
[ignore_column: ]
[categorical_feature: ]
[forcedbins_filename: ]
[precise_float_parser: 0]
[parser_config_file: ]
[objective_seed: 5]
[num_class: 1]
[is_unbalance: 0]
[scale_pos_weight: 1]
[sigmoid: 1]
[boost_from_average: 1]
[reg_sqrt: 0]
[alpha: 0.9]
[fair_c: 1]
[poisson_max_delta_step: 0.7]
[tweedie_variance_power: 1.5]
[lambdarank_truncation_level: 30]
[lambdarank_norm: 1]
[label_gain: ]
[lambdarank_position_bias_regularization: 0]
[eval_at: ]
[multi_error_top_k: 1]
[auc_mu_weights: ]
[num_machines: 1]
[local_listen_port: 12400]
[time_out: 120]
[machine_list_filename: ]
[machines: ]
[gpu_platform_id: -1]
[gpu_device_id: -1]
[gpu_device_id_list: ]
[gpu_use_dp: 0]
[num_gpu: 1]

end of parameters

pandas_categorical:null
